date,signal,gain_loss_pct,dollar_becomes
02-27-2026,Sell,7.37,46322.73
02-26-2026,Cash,,43142.60
02-25-2026,Buy,-1.84,43142.60
02-03-2026,Cash,,43949.27
12-22-2025,Buy,-1.39,43949.27
12-15-2025,Cash,,44568.86
12-05-2025,Buy,-2.38,44568.86
11-20-2025,Sell,-6.25,45655.62
11-07-2025,Cash,,48698.60
10-24-2025,Buy,-1.08,48698.60
10-23-2025,Cash,,49232.56
08-22-2025,Buy,6.3,49232.56
08-20-2025,Cash,,46315.65
05-20-2025,Buy,10.91,46315.65
05-19-2025,Sell,-0.9,41759.40
05-01-2025,Buy,6.14,42139.52
04-30-2025,Sell,-4.94,39701.00
03-28-2025,Cash,,41762.12
03-24-2025,Buy,-3.98,41762.12
03-19-2025,Cash,,43493.34
03-06-2025,Sell,1.7,43493.34
03-03-2025,Cash,,42765.47
02-14-2025,Buy,-8.02,42765.47
02-07-2025,Cash,,46492.01
01-21-2025,Buy,-1.05,46492.01
01-02-2025,Cash,,46987.26
09-11-2024,Buy,13.24,46987.26
09-05-2024,Sell,0.02,41493.25
08-07-2024,Buy,2.66,41485.96
08-06-2024,Sell,-2.35,40411.37
07-05-2024,Buy,-10.9,41382.16
07-01-2024,Cash,,46445.05
06-12-2024,Buy,1.41,46445.05
06-10-2024,Cash,,45801.29
05-10-2024,Buy,4.13,45801.29
05-03-2024,Cash,,43983.61
05-01-2024,Sell,-3.18,43983.61
04-25-2024,Cash,,45427.65
04-22-2024,Buy,-0.03,45427.65
04-15-2024,Sell,3.28,45442.42
04-10-2024,Cash,,44000.81
03-20-2024,Buy,-1.26,44000.81
03-11-2024,Cash,,44560.93
02-07-2024,Buy,2.18,44560.93
01-31-2024,Cash,,43612.12
01-19-2024,Buy,0.56,43612.12
01-11-2024,Cash,,43371.03
11-28-2023,Buy,3.69,43371.03
11-14-2023,Cash,,41828.65
09-26-2023,Sell,-7.86,41828.65
09-25-2023,Cash,,45396.97
08-24-2023,Sell,3.57,45396.97
08-11-2023,Cash,,43833.20
07-12-2023,Buy,-2.02,43833.20
06-23-2023,Cash,,44736.61
06-21-2023,Buy,-0.25,44736.61
04-05-2023,Cash,,44849.49
04-03-2023,Buy,-1.56,44849.49
03-13-2023,Cash,,45562.22
05-11-2022,Sell,3.78,45562.22
05-04-2022,Cash,,43903.01
02-10-2022,Sell,9.69,43903.01
01-03-2022,Cash,,40024.09
12-14-2021,Sell,-3.12,40024.09
11-30-2021,Cash,,41314.49
11-29-2021,Buy,-1.4,41314.49
11-22-2021,Cash,,41900.93
10-20-2021,Buy,5.87,41900.93
09-28-2021,Cash,,39578.04
09-22-2021,Buy,-0.25,39578.04
09-20-2021,Cash,,39677.09
07-28-2021,Buy,-0.54,39677.09
07-15-2021,Cash,,39891.25
07-01-2021,Buy,0.73,39891.25
05-12-2021,Cash,,39603.49
04-01-2021,Buy,-1.48,39603.49
03-08-2021,Cash,,40197.72
01-07-2021,Buy,-0.05,40197.72
01-06-2021,Cash,,40219.60
11-24-2020,Buy,6.09,40219.60
11-02-2020,Cash,,37910.64
06-15-2020,Buy,13.15,37910.64
06-15-2020,Cash,,33504.96
06-01-2020,Buy,-0.47,33504.96
04-22-2020,Cash,,33663.19
03-05-2020,Sell,3.2,33663.19
03-05-2020,Cash,,32620.29
11-01-2019,Buy,4.94,32620.29
10-01-2019,Cash,,31083.42
09-05-2019,Buy,-1.56,31083.42
08-23-2019,Cash,,31574.70
08-19-2019,Buy,-2.69,31574.70
08-05-2019,Cash,,32447.60
06-13-2019,Buy,-0.28,32447.60
05-13-2019,Cash,,32537.31
02-07-2019,Buy,5.18,32537.31
01-22-2019,Sell,-3.78,30934.49
01-03-2019,Cash,,32150.43
01-02-2019,Sell,-1.2,32150.43
12-21-2018,Cash,,32539.79
12-21-2018,Buy,-1.86,32539.79
12-03-2018,Cash,,33155.65
11-07-2018,Buy,-1.49,33155.65
11-02-2018,Cash,,33658.83
10-22-2018,Sell,-0.2,33658.83
10-12-2018,Cash,,33725.82
10-10-2018,Sell,3.18,33725.82
10-09-2018,Buy,-1.25,32685.95
10-04-2018,Sell,2.35,33100.87
07-18-2018,Buy,1.57,32341.10
07-16-2018,Cash,,31839.72
07-03-2018,Sell,-3.14,31839.72
06-25-2018,Cash,,32870.42
06-20-2018,Buy,-1.72,32870.42
06-19-2018,Cash,,33447.10
06-01-2018,Buy,2.3,33447.10
05-07-2018,Cash,,32695.86
05-01-2018,Sell,-2.76,32695.86
04-24-2018,Cash,,33622.48
04-10-2018,Buy,-1.23,33622.48
04-03-2018,Sell,-2.49,34041.41
03-26-2018,Cash,,34912.41
03-23-2018,Sell,-1.17,34912.41
03-19-2018,Cash,,35326.29
03-09-2018,Buy,-1.71,35326.29
02-05-2018,Cash,,35941.57
12-27-2017,Buy,1.05,35941.57
11-29-2017,Cash,,35566.64
09-08-2017,Buy,6.81,35566.64
08-21-2017,Cash,,33298.27
08-18-2017,Buy,-0.91,33298.27
08-17-2017,Cash,,33603.45
08-16-2017,Buy,-1.33,33603.45
08-10-2017,Cash,,34055.59
07-11-2017,Buy,1.79,34055.59
06-29-2017,Cash,,33456.13
06-15-2017,Buy,-1.03,33456.13
06-14-2017,Cash,,33802.95
04-25-2017,Buy,2.56,33802.95
04-20-2017,Cash,,32958.48
04-18-2017,Sell,-1.46,32958.48
01-31-2017,Buy,4.05,33447.07
01-30-2017,Cash,,32144.38
12-08-2016,Buy,3.58,32144.38
12-01-2016,Cash,,31032.37
11-09-2016,Buy,0.24,31032.37
11-09-2016,Cash,,30959.56
10-21-2016,Sell,0.8,30959.56
10-13-2016,Cash,,30715.24
09-21-2016,Buy,-1.56,30715.24
09-14-2016,Cash,,31200.74
07-15-2016,Buy,2.53,31200.74
07-11-2016,Cash,,30430.13
07-08-2016,Sell,-0.84,30430.13
06-27-2016,Cash,,30687.76
06-20-2016,Buy,-4.03,30687.76
06-13-2016,Sell,0.17,31975.75
05-24-2016,Buy,0.45,31921.26
05-03-2016,Sell,-1.37,31776.95
04-29-2016,Cash,,32219.17
04-27-2016,Buy,-0.98,32219.17
04-18-2016,Cash,,32537.96
03-01-2016,Buy,5.25,32537.96
03-01-2016,Cash,,30915.08
02-26-2016,Sell,-1.5,30915.08
02-26-2016,Cash,,31385.70
02-23-2016,Sell,-2.14,31385.70
02-11-2016,Cash,,32072.95
02-02-2016,Sell,6.06,32072.95
01-21-2016,Cash,,30240.86
01-20-2016,Buy,-0.34,30240.86
01-15-2016,Cash,,30345.54
01-14-2016,Buy,-1.89,30345.54
12-17-2015,Cash,,30931.53
12-17-2015,Buy,-1.35,30931.53
12-15-2015,Cash,,31353.97
10-23-2015,Buy,-0.66,31353.97
10-08-2015,Cash,,31562.34
09-24-2015,Sell,-2.12,31562.34
09-03-2015,Cash,,32246.59
08-31-2015,Sell,0.88,32246.59
08-18-2015,Cash,,31966.39
08-13-2015,Buy,0.62,31966.39
08-03-2015,Cash,,31769.96
07-13-2015,Buy,1.25,31769.96
07-02-2015,Cash,,31378.57
05-18-2015,Buy,-1.57,31378.57
05-12-2015,Cash,,31879.47
05-06-2015,Sell,-0.69,31879.47
04-29-2015,Buy,-2.39,32099.39
04-28-2015,Sell,0.29,32884.85
04-09-2015,Buy,1.91,32790.27
03-27-2015,Cash,,32176.71
03-18-2015,Buy,-1.91,32176.71
03-11-2015,Cash,,32802.98
02-12-2015,Buy,-0.03,32802.98
01-30-2015,Cash,,32812.71
01-29-2015,Sell,-1.08,32812.71
01-23-2015,Cash,,33171.62
01-22-2015,Sell,-2.38,33171.62
01-20-2015,Cash,,33979.93
01-13-2015,Sell,-0.25,33979.93
01-08-2015,Buy,-1.1,34066.42
01-02-2015,Sell,0.19,34444.56
01-02-2015,Cash,,34380.54
12-18-2014,Buy,-0.01,34380.54
12-11-2014,Cash,,34384.48
10-24-2014,Buy,6.1,34384.48
10-22-2014,Sell,-1.12,32408.76
10-20-2014,Buy,3.18,32775.57
10-17-2014,Sell,-0.07,31764.16
10-10-2014,Cash,,31784.90
10-08-2014,Buy,-2.47,31784.90
10-06-2014,Sell,0.53,32590.50
10-02-2014,Buy,1.06,32419.33
09-26-2014,Cash,,32079.37
09-25-2014,Buy,-1.32,32079.37
09-22-2014,Sell,-0.55,32507.62
09-16-2014,Buy,-0.44,32688.73
09-15-2014,Sell,-0.28,32833.50
09-10-2014,Cash,,32926.68
09-05-2014,Buy,-0.52,32926.68
09-03-2014,Cash,,33097.16
08-20-2014,Buy,0.93,33097.16
08-15-2014,Cash,,32790.71
08-14-2014,Buy,0.17,32790.71
07-31-2014,Cash,,32734.59
07-23-2014,Buy,-1.27,32734.59
07-10-2014,Cash,,33157.28
05-13-2014,Buy,5.04,33157.28
04-09-2014,Sell,-0.35,31566.47
04-07-2014,Cash,,31678.26
04-04-2014,Buy,-3.59,31678.26
03-24-2014,Cash,,32857.41
02-12-2014,Buy,0.51,32857.41
02-03-2014,Sell,-3.27,32691.57
10-17-2013,Buy,6.3,33797.42
10-07-2013,Cash,,31792.88
09-09-2013,Buy,1.97,31792.88
08-27-2013,Cash,,31179.27
08-26-2013,Buy,-1.94,31179.27
08-20-2013,Sell,-1.97,31797.00
08-15-2013,Cash,,32435.10
08-13-2013,Buy,-1.41,32435.10
08-08-2013,Cash,,32899.89
07-10-2013,Buy,4.51,32899.89
07-09-2013,Cash,,31480.02
07-05-2013,Sell,-1.02,31480.02
06-24-2013,Cash,,31803.70
06-18-2013,Buy,-4.35,31803.70
05-23-2013,Cash,,33251.22
04-24-2013,Buy,4.93,33251.22
04-24-2013,Cash,,31687.98
04-23-2013,Sell,0.16,31687.98
04-10-2013,Buy,0.56,31636.53
04-03-2013,Cash,,31461.67
03-05-2013,Buy,-0.4,31461.67
03-05-2013,Cash,,31588.45
02-25-2013,Sell,-2.46,31588.45
12-17-2012,Buy,3.77,32385.44
12-13-2012,Cash,,31209.86
12-11-2012,Buy,-0.61,31209.86
11-29-2012,Cash,,31402.81
11-07-2012,Sell,-1.28,31402.81
11-01-2012,Cash,,31811.18
10-18-2012,Sell,2.21,31811.18
10-15-2012,Cash,,31123.75
08-14-2012,Buy,0.52,31123.75
08-07-2012,Cash,,30962.86
08-02-2012,Sell,-3.82,30962.86
07-26-2012,Buy,0.13,32192.65
07-25-2012,Cash,,32149.81
07-25-2012,Buy,-0.41,32149.81
07-18-2012,Cash,,32281.68
07-11-2012,Sell,-2.24,32281.68
07-11-2012,Cash,,33022.45
06-29-2012,Buy,-1.03,33022.45
06-29-2012,Cash,,33365.51
06-25-2012,Sell,-1.63,33365.51
06-21-2012,Cash,,33917.02
06-20-2012,Buy,-2.04,33917.02
06-14-2012,Cash,,34622.34
06-07-2012,Sell,0.24,34622.34
06-05-2012,Cash,,34539.37
05-09-2012,Sell,5.71,34539.37
05-06-2012,Cash,,32673.96
04-26-2012,Buy,-2.94,32673.96
04-20-2012,Cash,,33665.27
04-19-2012,Sell,0.07,33665.27
04-12-2012,Cash,,33643.05
04-10-2012,Sell,-1.28,33643.05
04-04-2012,Cash,,34080.77
03-13-2012,Buy,0.5,34080.77
03-08-2012,Cash,,33912.10
03-06-2012,Sell,-2.27,33912.10
01-25-2012,Buy,3.6,34701.45
12-27-2011,Cash,,33496.29
12-18-2011,Sell,-2.38,33496.29
12-14-2011,Cash,,34312.46
12-02-2011,Buy,-3.12,34312.46
11-11-2011,Cash,,35415.75
11-10-2011,Sell,-2.49,35415.75
11-01-2011,Cash,,36320.28
10-27-2011,Buy,-1.64,36320.28
10-20-2011,Cash,,36924.29
10-19-2011,Buy,-2.39,36924.29
10-07-2011,Cash,,37830.23
10-05-2011,Buy,2.94,37830.23
08-31-2011,Sell,6.12,36750.11
08-31-2011,Cash,,34629.63
08-26-2011,Buy,3.28,34629.63
08-23-2011,Cash,,33528.44
08-16-2011,Sell,3.26,33528.44
08-11-2011,Cash,,32468.52
08-02-2011,Sell,11.65,32468.52
07-27-2011,Cash,,29081.65
07-13-2011,Buy,-1.43,29081.65
07-12-2011,Cash,,29502.06
07-11-2011,Buy,-0.97,29502.06
06-27-2011,Cash,,29791.86
06-22-2011,Sell,-0.82,29791.86
06-21-2011,Buy,-0.11,30039.19
05-31-2011,Cash,,30072.92
05-05-2011,Sell,-0.97,30072.92
03-24-2011,Buy,2.54,30368.17
03-16-2011,Cash,,29615.78
03-15-2011,Buy,-0.61,29615.78
03-08-2011,Sell,3.65,29796.85
03-03-2011,Buy,-2.36,28747.03
02-23-2011,Cash,,29440.67
02-01-2011,Buy,-0.06,29440.67
01-31-2011,Sell,-2.52,29457.36
01-20-2011,Cash,,30217.82
01-12-2011,Buy,0.31,30217.82
12-10-2010,Cash,,30123.24
12-08-2010,Sell,-1.12,30123.24
12-07-2010,Buy,-1.04,30463.55
12-01-2010,Cash,,30782.15
11-16-2010,Sell,-3.12,30782.15
09-01-2010,Buy,13.97,31773.00
08-11-2010,Sell,3.02,27878.63
07-07-2010,Cash,,27060.50
06-30-2010,Sell,-1.56,27060.50
06-07-2010,Cash,,27488.18
05-25-2010,Buy,0.06,27488.18
04-28-2010,Sell,10.31,27471.41
04-22-2010,Cash,,24904.66
04-19-2010,Sell,-1.99,24904.66
03-01-2010,Buy,8.51,25409.34
02-18-2010,Cash,,23417.07
01-27-2010,Sell,-1.53,23417.07
01-07-2010,Cash,,23781.03
01-04-2010,Buy,-0.67,23781.03
12-21-2009,Cash,,23940.95
12-17-2009,Sell,-0.91,23940.95
12-03-2009,Cash,,24160.89
11-19-2009,Sell,-1.13,24160.89
11-09-2009,Buy,1.05,24435.84
10-21-2009,Sell,-0.14,24183.12
07-13-2009,Buy,19.95,24216.90
07-07-2009,Sell,-1.31,20188.63
06-19-2009,Cash,,20455.58
06-17-2009,Sell,-1.98,20455.58
06-01-2009,Buy,-1.81,20869.36
05-29-2009,Cash,,21254.09
05-28-2009,Sell,-2.27,21254.09
03-12-2009,Buy,21.24,21748.46
03-12-2009,Cash,,17938.17
02-18-2009,Sell,2.84,17938.17
01-30-2009,Cash,,17442.59
01-28-2009,Buy,-3.43,17442.59
01-20-2009,Cash,,18061.52
12-02-2008,Buy,0,18061.52
11-12-2008,Sell,7.22,18061.52
10-28-2008,Buy,-5.26,16844.56
10-23-2008,Sell,-3.92,17779.11
10-16-2008,Buy,-7.6,18504.26
10-15-2008,Sell,2,20025.68
10-10-2008,Cash,,19632.54
09-04-2008,Sell,28.81,19632.54
07-29-2008,Buy,-0.11,15241.61
06-26-2008,Sell,1.38,15258.71
06-13-2008,Cash,,15050.75
06-12-2008,Sell,-2.18,15050.75
03-20-2008,Buy,6.02,15386.24
03-03-2008,Sell,0.3,14512.81
02-15-2008,Cash,,14469.43
02-13-2008,Buy,-2.27,14469.43
02-05-2008,Cash,,14805.53
01-31-2008,Buy,-3.19,14805.53
01-03-2008,Sell,8.01,15293.82
01-02-2008,Cash,,14160.06
12-21-2007,Buy,-1.9,14160.06
12-17-2007,Cash,,14434.01
12-05-2007,Buy,-1.74,14434.01
11-09-2007,Sell,-0.69,14690.21
11-07-2007,Cash,,14792.44
11-06-2007,Buy,-1.59,14792.44
11-01-2007,Cash,,15031.34
10-31-2007,Buy,-1.52,15031.34
10-26-2007,Cash,,15263.57
10-22-2007,Sell,-2.72,15263.57
10-17-2007,Cash,,15690.81
10-17-2007,Sell,-0.81,15690.81
08-29-2007,Buy,7.66,15818.71
07-24-2007,Sell,4.17,14693.44
07-12-2007,Buy,-1,14105.41
07-03-2007,Cash,,14248.33
06-21-2007,Sell,-1.34,14248.33
06-15-2007,Cash,,14442.22
06-06-2007,Sell,-0.71,14442.22
05-31-2007,Cash,,14544.79
05-24-2007,Sell,-0.96,14544.79
05-18-2007,Cash,,14685.53
05-16-2007,Sell,-1.34,14685.53
05-02-2007,Cash,,14885.47
05-01-2007,Sell,-1.33,14885.47
03-29-2007,Cash,,15086.83
03-21-2007,Buy,-2.06,15086.83
02-15-2007,Cash,,15404.15
02-12-2007,Sell,-1.76,15404.15
01-25-2007,Cash,,15679.67
01-24-2007,Buy,-1.3,15679.67
12-29-2006,Cash,,15885.79
12-22-2006,Sell,-1.01,15885.79
08-15-2006,Buy,13.9,16047.07
07-10-2006,Sell,0.55,14089.29
06-29-2006,Buy,-2.19,14012.85
06-27-2006,Cash,,14327.16
06-21-2006,Buy,-1.59,14327.16
05-10-2006,Sell,8.27,14559.03
04-27-2006,Cash,,13447.13
04-27-2006,Sell,-0.73,13447.13
04-18-2006,Buy,-1.46,13545.74
04-18-2006,Cash,,13747.04
04-17-2006,Sell,-1.63,13747.04
03-06-2006,Cash,,13975.30
03-01-2006,Buy,-1.44,13975.30
02-03-2006,Sell,-1.64,14179.30
01-04-2006,Cash,,14415.41
12-17-2005,Sell,-0.54,14415.41
10-19-2005,Buy,7.68,14493.94
09-14-2005,Sell,3.54,13460.13
07-08-2005,Buy,2.64,12999.59
07-05-2005,Cash,,12664.98
07-01-2005,Sell,-0.97,12664.98
04-29-2005,Buy,7,12788.50
03-10-2005,Sell,6.73,11951.44
03-07-2005,Cash,,11198.20
03-03-2005,Sell,-1.31,11198.20
02-09-2005,Cash,,11346.57
02-04-2005,Buy,-1.45,11346.57
01-04-2005,Sell,2.89,11514.10
12-23-2004,Cash,,11190.98
12-16-2004,Sell,-1.21,11190.98
12-14-2004,Cash,,11328.16
12-08-2004,Sell,-2.19,11328.16
10-01-2004,Buy,8.88,11582.31
08-31-2004,Cash,,10638.02
08-18-2004,Buy,0,10638.02
07-08-2004,Sell,5.33,10638.02
06-23-2004,Cash,,10099.60
06-10-2004,Sell,-1.46,10099.60
05-25-2004,Buy,1.29,10249.49
04-28-2004,Sell,3.11,10119.18
04-22-2004,Cash,,9814.24
04-16-2004,Sell,-2.14,9814.24
03-29-2004,Buy,-0.17,10029.02
01-29-2004,Sell,3.89,10045.66
12-18-2003,Buy,5.99,9669.71
12-03-2003,Sell,0.21,9123.51
12-03-2003,Cash,,9104.47
12-01-2003,Buy,-1.36,9104.47
12-01-2003,Cash,,9229.70
11-14-2003,Sell,-0.72,9229.70
08-18-2003,Buy,12.47,9296.18
08-18-2003,Cash,,8265.45
08-06-2003,Sell,-2.39,8265.45
03-17-2003,Buy,20.03,8467.95
03-17-2003,Cash,,7054.94
01-25-2003,Sell,-3.14,7054.94
01-17-2003,Cash,,7283.75
01-06-2003,Buy,-2.18,7283.75
01-02-2003,Cash,,7446.19
12-31-2002,Sell,-1.78,7446.19
10-15-2002,Buy,3.71,7581.33
09-18-2002,Sell,-1.84,7309.92
09-05-2002,Cash,,7446.87
08-06-2002,Buy,0,7446.87
08-02-2002,Cash,,7446.87
07-29-2002,Buy,-5.46,7446.87
05-29-2002,Sell,18.23,7877.01
05-22-2002,Cash,,6662.24
05-14-2002,Buy,-3.87,6662.24
04-24-2002,Sell,0.29,6930.34
04-03-2002,Cash,,6910.58
03-04-2002,Buy,0,6910.58
01-15-2002,Sell,6.11,6910.58
01-14-2002,Cash,,6512.76
01-03-2002,Buy,-3.17,6512.76
01-03-2002,Cash,,6725.99
01-02-2002,Sell,-1.99,6725.99
10-03-2001,Buy,23.38,6862.40
10-01-2001,Cash,,5562.01
09-28-2001,Buy,-2.15,5562.01
08-15-2001,Sell,23.58,5684.19
07-18-2001,Cash,,4599.60
07-17-2001,Buy,-2.9,4599.60
07-12-2001,Cash,,4737.11
07-11-2001,Sell,-4.33,4737.11
07-06-2001,Cash,,4951.58
06-28-2001,Buy,-3.06,4951.58
06-19-2001,Cash,,5107.82
06-15-2001,Sell,-2.81,5107.82
04-10-2001,Buy,7.58,5255.54
03-29-2001,Sell,0.05,4885.44
03-28-2001,Cash,,4883.07
03-27-2001,Buy,-3.3,4883.07
02-28-2001,Sell,9.79,5049.51
02-26-2001,Cash,,4599.45
02-23-2001,Sell,-4.84,4599.45
02-05-2001,Cash,,4833.18
01-03-2001,Buy,0,4833.18
12-14-2000,Sell,6.35,4833.18
12-13-2000,Cash,,4544.52
12-08-2000,Buy,-5.64,4544.52
11-10-2000,Sell,5.51,4815.94
11-09-2000,Cash,,4564.49
10-31-2000,Buy,-4.33,4564.49
09-08-2000,Sell,16.05,4771.26
08-17-2000,Buy,1.84,4111.21
08-17-2000,Cash,,4037.11
08-10-2000,Sell,-2.24,4037.11
06-29-2000,Cash,,4129.69
06-28-2000,Buy,-1.73,4129.69
06-19-2000,Cash,,4202.22
06-13-2000,Sell,-3.3,4202.22
05-30-2000,Buy,8.93,4345.46
05-19-2000,Sell,1.35,3989.32
05-18-2000,Cash,,3936.35
05-16-2000,Buy,-2.95,3936.35
05-09-2000,Sell,-3.47,4056.15
05-09-2000,Cash,,4202.12
04-25-2000,Buy,-3.19,4202.12
04-03-2000,Sell,14.8,4340.49
10-28-1999,Buy,51.5,3780.88
10-14-1999,Sell,-3.13,2495.59
08-13-1999,Buy,5.68,2576.11
08-05-1999,Cash,,2437.63
06-16-1999,Buy,0,2437.63
06-14-1999,Cash,,2437.63
06-04-1999,Buy,-2.38,2437.63
04-30-1999,Cash,,2497.08
04-30-1999,Sell,-2.09,2497.08
04-28-1999,Cash,,2550.47
04-26-1999,Buy,-2.32,2550.47
04-26-1999,Cash,,2610.92
04-15-1999,Sell,-4.99,2610.92
03-25-1999,Buy,2.97,2748.18
03-23-1999,Sell,-1.66,2668.96
03-08-1999,Buy,-0.07,2713.95
03-05-1999,Cash,,2715.89
03-01-1999,Sell,-2.18,2715.89
02-22-1999,Buy,-2.77,2855.45
02-10-1999,Sell,-1.35,2894.56
12-18-1998,Buy,10.77,2894.56
12-18-1998,Cash,,2613.16
12-11-1998,Sell,-2.25,2613.16
10-14-1998,Buy,30.81,2673.18
10-07-1998,Sell,-2.69,2043.58
10-02-1998,Cash,,2100.08
09-08-1998,Buy,0,2100.08
08-26-1998,Sell,5.97,2100.08
08-21-1998,Cash,,1981.71
08-18-1998,Buy,-2,1981.71
08-01-1998,Sell,0.89,2022.13
06-17-1998,Buy,5.37,2004.35
05-30-1998,Sell,0.1,1902.28
01-28-1998,Buy,10.38,1900.47
01-26-1998,Cash,,1721.69
01-20-1998,Buy,-1.71,1721.69
01-09-1998,Cash,,1751.72
12-29-1997,Buy,-1.7,1751.72
12-11-1997,Cash,,1781.94
11-13-1997,Buy,0,1781.94
10-17-1997,Sell,7.84,1781.94
04-22-1997,Buy,39.51,1652.37
02-28-1997,Sell,7.61,1184.39
02-25-1997,Cash,,1100.65
02-24-1997,Sell,-1.18,1100.65
01-03-1997,Buy,1.63,1113.78
12-11-1996,Sell,0.12,1095.95
10-31-1996,Buy,7.42,1094.68
10-18-1996,Sell,1.64,1019.02
08-01-1996,Buy,13.02,1002.56
06-13-1996,Sell,10.08,887.08
04-16-1996,Buy,8.63,805.87
03-19-1996,Cash,,741.85
02-29-1996,Sell,-0.82,741.85
01-16-1996,Buy,11.06,748.00
12-06-1995,Sell,6.4,673.52
11-28-1995,Buy,1.33,632.99
11-07-1995,Cash,,624.69
11-02-1995,Buy,-1.59,624.69
10-26-1995,Cash,,634.78
10-17-1995,Buy,-1.61,634.78
10-02-1995,Sell,0.46,645.19
12-14-1994,Buy,43.34,642.25
11-03-1994,Sell,5.89,448.05
10-28-1994,Buy,-0.65,423.12
10-28-1994,Cash,,425.89
10-18-1994,Sell,-1.34,425.89
09-30-1994,Cash,,431.67
09-26-1994,Sell,-0.77,431.67
07-13-1994,Buy,5.18,435.00
07-13-1994,Cash,,413.57
06-24-1994,Sell,-2.02,413.57
06-21-1994,Cash,,422.08
05-17-1994,Buy,0,422.08
05-09-1994,Sell,2.53,422.08
04-21-1994,Buy,1.56,411.67
03-24-1994,Sell,9.56,405.33
03-16-1994,Cash,,369.97
02-07-1994,Sell,-2.7,369.97
12-29-1993,Cash,,380.23
12-10-1993,Sell,-0.99,380.23
12-01-1993,Buy,-0.45,384.04
11-22-1993,Cash,,385.78
09-22-1993,Buy,0,385.78
09-08-1993,Cash,,385.78
08-16-1993,Buy,0.03,385.78
08-04-1993,Cash,,385.68
07-16-1993,Sell,-0.64,385.68
06-28-1993,Buy,0.73,388.18
06-25-1993,Cash,,385.38
06-23-1993,Sell,-0.63,385.38
05-04-1993,Buy,1.14,387.83
04-03-1993,Sell,-1.24,383.45
03-22-1993,Cash,,388.28
03-02-1993,Buy,0,388.28
02-17-1993,Sell,-2.18,388.28
10-19-1992,Buy,12.29,396.93
10-02-1992,Cash,,353.49
09-02-1992,Buy,0,353.49
09-02-1992,Cash,,353.49
08-22-1992,Sell,-1.49,353.49
08-21-1992,Cash,,358.82
07-28-1992,Buy,0,358.82
07-28-1992,Cash,,358.82
07-23-1992,Sell,-0.9,358.82
07-09-1992,Buy,-0.21,362.10
07-08-1992,Sell,-1.41,362.88
06-29-1992,Buy,-0.34,368.08
06-10-1992,Sell,2.33,369.35
06-09-1992,Cash,,360.93
05-28-1992,Buy,-0.76,360.93
05-14-1992,Sell,0.27,363.69
05-04-1992,Cash,,362.72
04-23-1992,Sell,-1.41,362.72
04-20-1992,Cash,,367.91
04-14-1992,Buy,-1.11,367.91
03-04-1992,Sell,6.18,372.05
02-26-1992,Buy,0.25,350.39
02-18-1992,Sell,-0.11,349.51
12-26-1991,Buy,12.95,349.89
12-18-1991,Sell,-3.73,309.78
12-11-1991,Cash,,321.78
12-02-1991,Buy,0,321.78
11-15-1991,Cash,,321.78
10-30-1991,Buy,0,321.78
10-30-1991,Cash,,321.78
10-24-1991,Sell,-0.81,321.78
07-08-1991,Buy,11.39,324.42
06-19-1991,Sell,2.05,291.26
06-10-1991,Cash,,285.41
05-28-1991,Buy,0,285.41
05-15-1991,Cash,,285.41
03-26-1991,Buy,0,285.41
03-26-1991,Cash,,285.41
03-22-1991,Sell,-1.14,285.41
01-17-1991,Buy,23.51,288.70
01-16-1991,Cash,,233.74
01-09-1991,Sell,-0.67,233.74
10-18-1990,Buy,7.21,235.32
07-20-1990,Sell,26.63,219.48
05-11-1990,Buy,3.91,173.33
03-29-1990,Sell,-0.56,166.80
03-06-1990,Buy,0.77,167.75
02-21-1990,Cash,,166.48
02-07-1990,Buy,-1.18,166.48
01-11-1990,Sell,5.26,168.47
12-29-1989,Buy,-0.95,160.05
12-11-1989,Sell,0.16,161.58
12-06-1989,Cash,,161.32
12-01-1989,Buy,-0.23,161.32
10-28-1989,Sell,-1.18,161.68
07-07-1989,Buy,2.11,163.62
06-30-1989,Sell,-1.13,160.24
04-14-1989,Buy,4.74,162.08
04-03-1989,Cash,,154.75
03-17-1989,Sell,-0.38,154.75
11-30-1988,Buy,9.21,155.34
11-11-1988,Sell,0.62,142.24
11-03-1988,Cash,,141.37
11-02-1988,Sell,-0.17,141.37
09-02-1988,Buy,1.4,141.60
08-09-1988,Sell,2.01,139.65
07-29-1988,Cash,,136.90
07-26-1988,Sell,-0.34,136.90
05-24-1988,Buy,5.65,137.37
05-10-1988,Sell,2.74,130.02
04-26-1988,Cash,,126.56
04-21-1988,Sell,-0.7,126.56
12-14-1987,Buy,20.64,127.45
11-19-1987,Sell,1.46,105.65
11-12-1987,Cash,,104.13
11-10-1987,Sell,-1.65,104.13
11-09-1987,Cash,,105.88
11-05-1987,Buy,-1.88,105.88
10-08-1987,Sell,25.87,107.90
10-07-1987,Cash,,85.72
10-01-1987,Buy,-0.93,85.72
10-01-1987,Cash,,86.52
09-15-1987,Sell,-0.83,86.52
09-14-1987,Cash,,87.24
09-08-1987,Sell,-2.02,87.24
06-03-1987,Buy,5.22,89.04
05-15-1987,Sell,0.71,84.62
04-30-1987,Buy,0.26,84.02
04-23-1987,Sell,-0.09,83.81
04-21-1987,Buy,-0.27,83.89
04-07-1987,Sell,3.56,84.12
01-05-1987,Buy,20.16,81.23
12-05-1986,Sell,0.49,67.60
11-21-1986,Buy,2.34,67.27
11-18-1986,Cash,,65.73
10-23-1986,Buy,0,65.73
10-22-1986,Cash,,65.73
10-21-1986,Sell,-0.21,65.73
10-01-1986,Buy,0.22,65.87
09-29-1986,Cash,,65.73
09-22-1986,Buy,-0.88,65.73
09-11-1986,Sell,0.22,66.32
09-09-1986,Cash,,66.17
08-11-1986,Buy,0,66.17
07-08-1986,Sell,5.3,66.17
05-22-1986,Buy,0.26,62.84
05-22-1986,Cash,,62.67
05-13-1986,Sell,-0.4,62.67
10-16-1985,Buy,34.88,62.92
10-14-1985,Cash,,46.65
10-02-1985,Sell,-0.49,46.65
09-24-1985,Cash,,46.88
09-23-1985,Buy,-0.62,46.88
08-15-1985,Sell,3.87,47.17
06-21-1985,Buy,3.08,45.41
06-11-1985,Sell,0.63,44.05
05-10-1985,Buy,1.07,43.77
05-09-1985,Cash,,43.31
04-30-1985,Sell,-0.56,43.31
04-16-1985,Cash,,43.55
03-13-1985,Sell,-1.18,43.55
12-18-1984,Buy,14.28,44.07
11-14-1984,Sell,1.43,38.56
11-13-1984,Cash,,38.02
11-06-1984,Buy,-0.82,38.02
11-06-1984,Cash,,38.33
11-02-1984,Sell,-0.25,38.33
10-29-1984,Cash,,38.43
10-18-1984,Buy,-1.08,38.43
09-21-1984,Sell,1.16,38.85
08-21-1984,Buy,-0.26,38.41
08-17-1984,Cash,,38.51
08-15-1984,Sell,-0.38,38.51
08-01-1984,Buy,7.01,38.66
07-10-1984,Sell,1.23,36.13
07-06-1984,Cash,,35.69
06-20-1984,Buy,-0.78,35.69
06-14-1984,Cash,,35.97
06-01-1984,Buy,0,35.97
05-24-1984,Sell,-0.22,35.97
05-22-1984,Cash,,36.05
04-12-1984,Buy,0,36.05
04-02-1984,Sell,2.9,36.05
03-28-1984,Buy,-0.48,35.03
03-23-1984,Cash,,35.20
03-12-1984,Buy,0,35.20
01-25-1984,Sell,9.95,35.20
01-23-1984,Cash,,32.01
01-04-1984,Buy,0,32.01
12-07-1983,Sell,0.42,31.88
11-11-1983,Buy,1.81,31.88
10-12-1983,Sell,4.96,31.31
10-12-1983,Cash,,29.83
10-06-1983,Buy,-0.53,29.83
09-23-1983,Sell,2.58,29.99
09-19-1983,Buy,0.59,29.24
09-12-1983,Sell,-0.36,29.07
08-31-1983,Buy,2.85,29.17
08-23-1983,Sell,0.42,28.36
08-19-1983,Cash,,28.24
08-17-1983,Buy,-0.48,28.24
08-04-1983,Sell,-0.38,28.38
03-09-1983,Buy,13.07,28.49
03-08-1983,Sell,-0.72,25.20
03-01-1983,Buy,0.51,25.38
02-25-1983,Sell,0.24,25.25
12-22-1982,Buy,13.59,25.19
12-14-1982,Sell,0.13,22.18
12-14-1982,Cash,,22.15
11-30-1982,Buy,0,22.15
11-30-1982,Cash,,22.15
11-19-1982,Sell,-0.27,22.21
08-17-1982,Buy,41.37,22.21
07-27-1982,Sell,4.94,15.71
07-12-1982,Cash,,14.97
07-07-1982,Sell,-0.68,14.97
07-02-1982,Cash,,15.07
06-28-1982,Buy,-0.44,15.07
06-04-1982,Sell,2.15,15.14
03-18-1982,Buy,2.76,14.82
02-11-1982,Sell,6.65,14.42
02-08-1982,Cash,,13.52
01-28-1982,Buy,0,13.52
12-08-1981,Sell,6.01,13.52
12-08-1981,Cash,,12.75
11-24-1981,Buy,0,12.75
11-20-1981,Cash,,12.75
11-19-1981,Sell,-0.16,12.77
10-20-1981,Buy,3.18,12.77
10-14-1981,Sell,-0.95,12.38
10-02-1981,Buy,2.74,12.50
08-21-1981,Sell,10.83,12.17
08-18-1981,Cash,,10.98
07-27-1981,Buy,0,10.98
06-15-1981,Sell,6.07,10.98
06-11-1981,Buy,0.28,10.35
06-02-1981,Cash,,10.32
05-26-1981,Buy,0,10.32
05-21-1981,Cash,,10.32
05-01-1981,Sell,-0.44,10.37
03-31-1981,Buy,3.09,10.37
03-26-1981,Sell,-0.31,10.06
03-12-1981,Buy,4.42,10.09
03-12-1981,Cash,,9.66
03-10-1981,Sell,-0.74,9.66
02-26-1981,Buy,1.48,9.73
01-07-1981,Sell,0.63,9.59
01-06-1981,Cash,,9.53
01-05-1981,Buy,-0.18,9.53
12-31-1980,Cash,,9.55
12-29-1980,Sell,-0.96,9.55
12-09-1980,Cash,,9.64
11-11-1980,Buy,0,9.64
11-06-1980,Cash,,9.64
11-05-1980,Buy,-0.35,9.64
10-27-1980,Sell,-0.11,9.67
10-16-1980,Cash,,9.68
10-15-1980,Sell,-0.05,9.68
04-22-1980,Buy,46.95,9.68
04-16-1980,Cash,,6.59
04-15-1980,Sell,-0.53,6.59
04-07-1980,Cash,,6.62
04-02-1980,Buy,-1.8,6.62
02-13-1980,Sell,17.69,6.74
11-26-1979,Buy,16.22,5.73
11-26-1979,Cash,,4.93
11-20-1979,Sell,-0.55,4.93
11-14-1979,Cash,,4.96
11-13-1979,Sell,-0.37,4.96
11-09-1979,Buy,0.94,4.98
11-07-1979,Cash,,4.93
10-30-1979,Buy,0,4.93
10-09-1979,Sell,6.69,4.93
10-06-1979,Cash,,4.62
10-05-1979,Buy,-0.54,4.62
10-04-1979,Cash,,4.65
09-28-1979,Sell,-0.44,4.65
09-26-1979,Cash,,4.67
09-25-1979,Sell,-0.15,4.67
05-17-1979,Buy,14.44,4.68
05-03-1979,Sell,2.8,4.09
03-05-1979,Buy,7.6,3.98
02-02-1979,Sell,0.87,3.70
01-03-1979,Buy,5.63,3.67
12-22-1978,Cash,,3.47
12-18-1978,Sell,-1.73,3.47
12-18-1978,Cash,,3.53
12-01-1978,Buy,0,3.53
10-17-1978,Sell,11.28,3.53
03-10-1978,Buy,26.63,3.17
01-18-1978,Cash,,2.50
01-10-1978,Sell,-0.58,2.50
01-10-1978,Cash,,2.51
11-10-1977,Buy,0,2.51
10-12-1977,Sell,-0.15,2.51
10-07-1977,Cash,,2.51
09-08-1977,Sell,-0.23,2.51
09-08-1977,Cash,,2.52
08-23-1977,Sell,-0.3,2.52
08-22-1977,Cash,,2.53
08-16-1977,Sell,-0.36,2.53
08-10-1977,Cash,,2.54
08-09-1977,Sell,-0.17,2.54
08-05-1977,Cash,,2.54
08-02-1977,Sell,-0.3,2.54
06-03-1977,Buy,4.38,2.55
04-25-1977,Cash,,2.44
04-12-1977,Buy,-0.6,2.44
01-25-1977,Sell,2.06,2.45
11-18-1976,Buy,8.07,2.40
11-03-1976,Cash,,2.22
10-29-1976,Buy,-0.55,2.22
10-01-1976,Sell,0.1,2.23
10-01-1976,Cash,,2.23
09-16-1976,Buy,0,2.23
09-09-1976,Cash,,2.23
09-01-1976,Buy,0,2.23
09-01-1976,Cash,,2.23
08-23-1976,Sell,-0.59,2.24
06-11-1976,Buy,2.15,2.24
05-19-1976,Sell,1.73,2.19
05-14-1976,Cash,,2.15
05-10-1976,Buy,-0.44,2.15
04-27-1976,Sell,-0.63,2.16
04-20-1976,Buy,-0.7,2.17
04-09-1976,Cash,,2.19
03-16-1976,Buy,0,2.19
03-15-1976,Cash,,2.19
03-11-1976,Buy,-1.05,2.19
03-11-1976,Cash,,2.21
03-09-1976,Sell,-0.48,2.21
01-05-1976,Buy,15.27,2.22
12-02-1975,Sell,-0.94,1.93
10-03-1975,Buy,2.42,1.95
09-25-1975,Sell,0.79,1.90
09-19-1975,Buy,-0.38,1.89
09-09-1975,Sell,0.27,1.90
09-09-1975,Cash,,1.89
08-28-1975,Buy,-1.43,1.89
07-22-1975,Sell,8.94,1.92
01-09-1975,Buy,37.44,1.76
01-09-1975,Cash,,1.28
01-08-1975,Sell,-1.06,1.28
12-31-1974,Buy,2.81,1.29
12-31-1974,Cash,,1.25
12-23-1974,Sell,-1.16,1.25
12-23-1974,Cash,,1.26
12-17-1974,Buy,-0.91,1.26
12-05-1974,Sell,-0.44,1.27
12-03-1974,Cash,,1.28
11-26-1974,Buy,-1.39,1.28
11-12-1974,Sell,4.15,1.30
10-09-1974,Buy,13.53,1.25
09-27-1974,Sell,-0.79,1.10
09-26-1974,Cash,,1.11
09-19-1974,Buy,-1.93,1.11
08-08-1974,Sell,15.77,1.13
08-07-1974,Cash,,0.98
07-31-1974,Sell,-1.8,0.98
07-29-1974,Cash,,1.00
07-17-1974,Buy,0,1.00
