stockcode,max_date
FPC,2011-08-10
YSC,2011-08-23
GHA,2011-08-23
DVD,2011-09-01
DCC,2011-12-14
IMT,2012-02-28
TRI,2012-04-09
BAS,2012-05-02
MCV,2012-05-10
VIA,2012-05-28
HVC,2012-05-30
S64,2012-07-12
SSS,2012-07-12
AGC,2012-07-16
HBB,2012-08-16
DLV,2012-09-07
SDS,2012-09-13
CSG,2012-10-03
SME,2012-10-25
PHT,2013-01-23
VFMVFA,2013-03-08
HPR,2013-05-02
SVS,2013-05-09
TLC,2013-05-16
VCH,2013-05-20
AVS,2013-06-04
FBT,2013-06-14
THV,2013-07-03
CLS,2013-07-18
GFC,2013-07-18
MIH,2013-07-30
AGD,2013-08-27
PRUBF1,2013-09-03
TAS,2013-09-20
DHL,2013-09-20
CIC,2013-09-20
PVF,2013-09-23
VFMVF1,2013-09-24
SEL,2013-09-30
GBS,2013-10-22
MCL,2013-10-22
DHI,2013-10-24
VFMVF4,2013-11-26
KBT,2013-11-28
PFV,2013-12-02
BXD,2013-12-05
RHC,2013-12-10
CTV,2013-12-19
S91,2014-01-06
I40,2014-02-12
NIS,2014-03-17
HHL,2014-05-07
CLP,2014-05-14
VCV,2014-05-19
NVC,2014-05-23
REM,2014-06-05
HPL,2014-06-09
NSN,2014-07-07
HTB,2014-07-07
NSP,2014-07-14
MAFPF1,2014-08-20
SNG,2014-10-17
NLC,2014-11-26
SKS,2014-12-01
SHV,2014-12-16
ALP,2014-12-30
ASIAGF,2014-12-30
DBF,2015-01-16
SBC,2015-02-11
NHW,2015-02-24
NVN,2015-05-04
CTM,2015-06-11
TSM,2015-06-11
MAX,2015-06-26
SEC,2015-09-25
NHS,2015-10-27
HPC,2015-11-16
VTF,2015-12-14
SDF,2016-03-08
JSC,2016-04-27
HPS,2016-05-27
KLS,2016-07-20
KSS,2016-08-11
BAM,2016-11-09
DLC,2016-11-10
DNF,2016-11-18
NBS,2017-07-06
NHN,2017-07-13
BGM,2017-08-09
MKT,2017-08-24
BHS,2017-08-29
E1SSHN30,2017-08-30
D26,2017-09-19
TIC,2017-10-11
HBI,2017-11-10
KSC,2017-11-30
TNY,2018-01-05
SFT,2018-01-30
BCI,2018-02-22
SCH,2018-05-24
MMC,2018-06-27
MNC,2018-06-28
MLN,2018-06-28
VNN,2018-07-26
KSA,2018-08-01
DGL,2018-09-04
FSC,2018-10-25
PPG,2018-12-19
TTR,2019-02-12
S33,2019-02-15
HRG,2019-02-28
DVH,2019-03-12
TBN,2019-04-11
CZC,2019-05-02
SLC,2019-05-24
CER,2019-06-13
IDN,2019-07-18
KGU,2019-07-18
CGP,2019-08-14
CMWG1901,2019-09-05
CHPG1901,2019-09-06
CPNJ1901,2019-09-06
CFPT1901,2019-09-09
CHPG1903,2019-09-10
CMBB1901,2019-09-12
CHPG1904,2019-09-26
CFPT1902,2019-09-26
HD3,2019-10-04
HHA,2019-10-31
CVRE1901,2019-11-12
CHPG1906,2019-11-12
CVIC1901,2019-11-12
CMSN1901,2019-11-12
CREE1901,2019-11-15
CFPT1904,2019-11-15
NPH,2019-11-27
VT8,2019-11-27
CMWG1905,2019-12-05
CHPG1902,2019-12-09
CMWG1902,2019-12-09
CVNM1901,2019-12-11
CMWG1906,2019-12-12
CMBB1902,2019-12-13
CMWG1903,2019-12-24
CHPG1905,2019-12-26
SDI,2019-12-26
CMWG1904,2019-12-26
CFPT1903,2019-12-26
CDPM1901,2020-01-07
CMBB1906,2020-01-07
CREE1904,2020-01-07
CSTB1901,2020-01-07
CFPT1907,2020-01-07
CTCB1901,2020-01-15
CHPG1908,2020-01-20
CPNJ1902,2020-01-20
CREE1902,2020-01-20
CMBB1904,2020-01-20
VEE,2020-01-21
CVHM1901,2020-02-05
CNVL1901,2020-02-05
HST,2020-02-07
GTC,2020-02-11
CSBT1901,2020-02-12
CVJC1901,2020-02-24
CVNM1906,2020-03-03
CVPB1901,2020-03-03
CMSN1903,2020-03-13
CVRE1904,2020-03-13
CVHM1903,2020-03-13
BTC,2020-03-16
CVNM1902,2020-03-24
CMBB1905,2020-04-06
CVNM1904,2020-04-06
CVRE1902,2020-04-06
CMWG1907,2020-04-06
CVPB2002,2020-04-06
CFPT1906,2020-04-06
CHDB2002,2020-04-08
CVNM1903,2020-04-20
CFPT1905,2020-04-20
CMBB1903,2020-04-20
CVJC1902,2020-04-20
CVIC1902,2020-04-20
CHPG1907,2020-04-20
CVHM1902,2020-04-20
CREE1903,2020-04-20
CPNJ2001,2020-04-22
CMWG2003,2020-04-22
NPS,2020-04-22
CVNM1905,2020-04-24
CGMD1901,2020-04-24
CHPG2003,2020-04-28
CHDB2004,2020-05-12
CVPB2004,2020-05-12
CTCB2002,2020-05-12
CVIC1903,2020-05-13
CVRE1903,2020-05-13
CHPG1909,2020-05-13
CMSN1902,2020-05-13
VT1,2020-05-25
AFC,2020-05-26
CTCB1902,2020-06-03
CMWG2004,2020-06-11
CHPG2004,2020-06-11
DCD,2020-06-12
CFPT1908,2020-06-15
CREE1905,2020-06-15
FDT,2020-06-15
CROS2001,2020-06-17
CHDB2001,2020-06-17
CDPM2001,2020-06-17
CSTB2001,2020-06-17
CGMD2001,2020-06-18
CFPT2001,2020-06-18
CVPB2001,2020-06-18
CVRE2002,2020-06-18
CMWG2001,2020-06-18
CVNM2001,2020-06-18
CMBB2001,2020-06-18
CTCB2001,2020-06-18
CREE2001,2020-06-18
BDF,2020-06-25
CHPG2001,2020-06-26
CFPT2005,2020-06-29
DKP,2020-06-29
CREE2002,2020-06-29
CMBB2004,2020-06-29
GGS,2020-07-01
HFT,2020-07-06
CMWG2002,2020-07-08
CNH,2020-07-13
CVIC2002,2020-07-14
CHPG2007,2020-07-14
VPK,2020-07-14
CVRE2004,2020-07-14
CMSN2003,2020-07-14
X18,2020-07-16
CVPB2003,2020-07-20
CFPT2002,2020-07-20
CVC,2020-07-21
TCS,2020-08-03
TND,2020-08-03
CMBB2002,2020-08-06
CFPT2004,2020-08-06
MSC,2020-08-07
CTCB2004,2020-08-14
CPNJ2004,2020-08-14
CVPB2005,2020-08-14
CVNM2003,2020-09-01
CMSN2004,2020-09-01
WTN,2020-09-03
CHPG2006,2020-09-14
CMSN2002,2020-09-14
CSTB2003,2020-09-14
CVRE2001,2020-09-17
DFS,2020-09-23
CPNJ2002,2020-09-29
CHPG2005,2020-09-29
CMWG2005,2020-09-29
CVNM2006,2020-10-01
CVHM2004,2020-10-01
CVIC2003,2020-10-01
CHDB2005,2020-10-01
CVJC2003,2020-10-01
CHDB2006,2020-10-06
CHPG2011,2020-10-16
DTN,2020-10-20
CREE2004,2020-10-21
CFPT2007,2020-10-21
CMWG2009,2020-10-21
CTCB2003,2020-10-22
CPNJ2003,2020-10-22
CMWG2006,2020-10-22
CMBB2005,2020-10-22
BDP,2020-10-26
CMSN2005,2020-10-27
CMBB2006,2020-10-27
CREE2003,2020-10-27
BM9,2020-10-27
CFPT2006,2020-10-27
CVHM2003,2020-10-27
CMWG2008,2020-10-27
CVRE2006,2020-10-27
CPNJ2005,2020-10-27
CVJC2002,2020-10-27
CTCB2006,2020-10-27
CVNM2005,2020-10-27
CVPB2007,2020-10-27
CHPG2009,2020-10-27
KTU,2020-10-29
CSTB2005,2020-10-30
CMBB2003,2020-11-05
CFPT2003,2020-11-05
CSTB2008,2020-11-18
CVPB2009,2020-11-18
CPNJ2007,2020-11-18
CTCB2005,2020-11-26
CVNM2004,2020-11-26
CHPG2008,2020-11-26
CVHM2002,2020-11-26
CSTB2004,2020-11-26
CVRE2005,2020-11-26
CVPB2006,2020-11-26
CMWG2007,2020-11-26
BDC,2020-11-27
CHPG2013,2020-11-27
CMSN2008,2020-12-03
CVNM2009,2020-12-03
KDF,2020-12-10
CHDB2003,2020-12-14
CHPG2002,2020-12-14
CVJC2001,2020-12-14
CSBT2001,2020-12-14
CCTD2001,2020-12-14
CVRE2003,2020-12-14
CDPM2002,2020-12-14
CNVL2001,2020-12-14
CVIC2001,2020-12-14
CVHM2001,2020-12-14
CSTB2002,2020-12-14
CVNM2002,2020-12-14
CMSN2001,2020-12-14
PBK,2020-12-14
CROS2002,2020-12-14
CSTB2009,2020-12-16
CHPG2019,2020-12-16
CMWG2011,2020-12-16
CTCB2008,2020-12-16
CFPT2009,2020-12-16
CMWG2014,2021-01-06
CHPG2023,2021-01-08
CTCB2007,2021-01-12
CHPG2016,2021-01-12
CVHM2005,2021-01-12
CMBB2007,2021-01-12
CVRE2008,2021-01-12
CVNM2008,2021-01-12
CMSN2006,2021-01-12
CPNJ2006,2021-01-12
CVPB2008,2021-01-12
CFPT2008,2021-01-12
CREE2005,2021-01-12
CMWG2010,2021-01-12
CHPG2012,2021-01-14
TTJ,2021-01-18
CVJC2005,2021-02-04
CVNM2010,2021-02-04
CVHM2007,2021-02-04
CPNJ2008,2021-02-04
CMWG2012,2021-02-04
CVPB2014,2021-02-05
CPNJ2010,2021-02-05
CTCB2011,2021-02-05
MDT,2021-02-05
CHPG2017,2021-02-09
CVRE2010,2021-02-09
CTCH2002,2021-02-09
CKDH2003,2021-02-09
CHPG2015,2021-02-25
CMSN2013,2021-02-25
CVNM2015,2021-02-25
CSTB2015,2021-02-26
CVIC2007,2021-02-26
CMSN2014,2021-02-26
CVNM2016,2021-02-26
MDN,2021-03-01
CVNM2007,2021-03-08
CNVL2002,2021-03-08
BHV,2021-03-09
CMBB2011,2021-03-10
CSTB2013,2021-03-10
CFPT2015,2021-03-18
CVPB2010,2021-03-26
CFPT2010,2021-03-26
CTCB2009,2021-03-26
CSTB2011,2021-03-26
CVNM2012,2021-03-26
CMSN2010,2021-03-26
CMBB2008,2021-03-26
CPNJ2009,2021-03-30
CHPG2021,2021-03-30
CVRE2012,2021-03-30
CVNM2013,2021-03-30
CVIC2006,2021-03-30
CMBB2009,2021-03-30
CVPB2012,2021-03-30
CSTB2012,2021-03-30
CTCB2010,2021-03-30
CMSN2011,2021-03-30
CVHM2009,2021-03-30
CFPT2011,2021-03-30
CVRE2007,2021-04-01
CVPB2017,2021-04-01
CEIB2001,2021-04-01
CSTB2006,2021-04-01
CHPG2010,2021-04-01
CFPT2013,2021-04-06
CHPG2024,2021-04-06
CHPG2025,2021-04-07
CVNM2014,2021-04-07
CFPT2014,2021-04-07
CVPB2013,2021-04-07
CMSN2012,2021-04-07
CKDH2004,2021-04-07
CHPG2014,2021-04-15
CMWG2017,2021-04-22
CVRE2015,2021-04-22
CSTB2017,2021-04-22
CFPT2017,2021-04-22
CSBT2007,2021-04-23
CVHM2006,2021-04-23
CVIC2004,2021-04-23
CHDB2007,2021-04-23
CVJC2004,2021-04-23
CMSN2007,2021-04-23
CVPB2016,2021-04-28
CHPG2022,2021-04-28
CSTB2016,2021-04-28
CFPT2012,2021-04-28
CVRE2014,2021-04-28
CHDB2008,2021-04-28
CTCB2013,2021-04-28
CVHM2010,2021-04-28
CBC,2021-04-28
CVPB2011,2021-04-28
FUCTVGF1,2021-05-04
CMWG2015,2021-05-06
CREE2006,2021-05-06
CHPG2026,2021-05-06
CKH,2021-05-11
CMSN2009,2021-05-12
CHPG2018,2021-05-12
CTCH2001,2021-05-12
CKDH2001,2021-05-12
CEC,2021-05-18
CVRE2009,2021-05-25
CSTB2007,2021-05-25
CVHM2103,2021-06-02
CVPB2102,2021-06-02
CSTB2102,2021-06-02
CVIC2102,2021-06-02
ASD,2021-06-03
HPU,2021-06-03
HBW,2021-06-03
RLC,2021-06-07
SOV,2021-06-07
AC4,2021-06-08
CVH,2021-06-08
CMWG2016,2021-06-08
CVRE2011,2021-06-09
CVJC2006,2021-06-09
CNVL2003,2021-06-09
CVIC2005,2021-06-09
CSTB2010,2021-06-09
CVNM2011,2021-06-09
CVHM2008,2021-06-09
CSTB2014,2021-06-10
CMBB2010,2021-06-10
DSS,2021-06-10
SDE,2021-06-10
TTV,2021-06-10
KTB,2021-06-15
CVNM2103,2021-06-16
CPNJ2103,2021-06-16
STV,2021-06-16
HCS,2021-06-17
PTK,2021-06-17
CFPT2016,2021-06-18
KSE,2021-06-22
THR,2021-06-24
BTR,2021-06-24
CHPG2020,2021-06-28
CMWG2013,2021-06-28
RTS,2021-06-28
RHN,2021-06-29
CCH,2021-06-30
CFPT2101,2021-07-01
CMWG2103,2021-07-01
AQN,2021-07-01
CHPG2102,2021-07-01
CHPG2104,2021-07-01
CVNM2102,2021-07-02
CVPB2101,2021-07-02
CVRE2102,2021-07-02
CHPG2103,2021-07-02
CMBB2101,2021-07-02
CMWG2101,2021-07-02
CPNJ2101,2021-07-02
CVHM2102,2021-07-02
CREE2101,2021-07-02
CTCB2102,2021-07-02
CPW,2021-07-08
DNS,2021-07-12
IKH,2021-07-13
MVY,2021-07-14
STU,2021-07-14
RTH,2021-07-19
NMK,2021-07-19
DNR,2021-07-19
NTR,2021-07-19
NBR,2021-07-19
DCI,2021-07-22
CTCB2012,2021-07-28
CVPB2015,2021-07-28
CVRE2013,2021-07-28
CMWG2102,2021-07-30
CPNJ2102,2021-07-30
TVU,2021-08-04
CVPB2103,2021-08-05
CVRE2103,2021-08-05
HBE,2021-08-09
PKR,2021-08-11
QBR,2021-08-12
CKDH2002,2021-08-12
CTCH2003,2021-08-12
YRC,2021-08-12
ATD,2021-08-19
KBE,2021-08-19
CTCB2103,2021-08-20
CVHM2104,2021-08-20
HFS,2021-08-24
EBA,2021-08-31
CVPB2104,2021-09-09
CVRE2104,2021-09-09
CVHM2105,2021-09-09
CHPG2106,2021-09-09
CVNM2104,2021-09-09
CKDH2102,2021-09-09
CMWG2105,2021-09-09
CSTB2104,2021-09-09
CSTB2103,2021-09-09
CHPG2107,2021-09-09
CMBB2102,2021-09-09
CMSN2103,2021-09-09
CTCB2104,2021-09-09
CHPG2105,2021-09-09
CVHM2106,2021-09-09
CTCH2103,2021-09-09
CTCH2102,2021-09-09
CHPG2108,2021-09-09
HTU,2021-09-14
CMSN2102,2021-09-20
CKDH2101,2021-09-20
CMSN2101,2021-09-20
CHPG2101,2021-09-20
CVHM2101,2021-09-20
CVIC2101,2021-09-20
CVRE2101,2021-09-20
CTCH2101,2021-09-20
CSBT2101,2021-09-20
CSTB2101,2021-09-20
CNVL2101,2021-09-20
CHDB2101,2021-09-20
CVNM2101,2021-09-20
CVNM2105,2021-09-23
CTCB2101,2021-10-01
CPDR2101,2021-10-05
CPDR2102,2021-10-05
CNVL2102,2021-10-05
CVIC2103,2021-10-05
IFC,2021-10-07
MHY,2021-10-20
VN30F2110,2021-10-21
CPNJ2108,2021-10-25
CFPT2106,2021-10-25
CNVL2104,2021-10-25
CPNJ2107,2021-10-25
CTCB2107,2021-10-25
CTCB2108,2021-10-25
CPDR2103,2021-10-25
CACB2101,2021-10-25
CTCB2110,2021-10-25
CTCB2109,2021-10-25
CPNJ2106,2021-10-25
CFPT2107,2021-10-25
CSTB2108,2021-10-25
GB05F2206,2021-10-25
GB05F2203,2021-10-25
CHDB2103,2021-10-25
CMWG2110,2021-10-25
CSTB2109,2021-10-25
CSTB2110,2021-10-25
CSTB2111,2021-10-25
CMBB2106,2021-10-25
GB05F2112,2021-10-25
CMWG2108,2021-10-25
CMSN2109,2021-10-25
CMSN2108,2021-10-25
CMSN2107,2021-10-25
GB10F2206,2021-10-25
GB10F2203,2021-10-25
GB10F2112,2021-10-25
MTM,2021-10-25
CMWG2109,2021-10-25
CHPG2115,2021-10-25
CVIC2106,2021-10-25
VN30F2112,2021-10-25
CVRE2111,2021-10-25
VN30F2111,2021-10-25
CVRE2110,2021-10-25
VN30F2206,2021-10-25
CVNM2111,2021-10-25
CVRE2109,2021-10-25
CKDH2105,2021-10-25
CKDH2106,2021-10-25
CHPG2112,2021-10-25
CKDH2107,2021-10-25
CVNM2110,2021-10-25
CHPG2113,2021-10-25
CVHM2112,2021-10-25
CVHM2111,2021-10-25
CVHM2110,2021-10-25
CVHM2109,2021-10-25
CVHM2108,2021-10-25
CVPB2109,2021-10-25
CVPB2108,2021-10-25
CVPB2107,2021-10-25
CVJC2103,2021-10-25
CHPG2114,2021-10-25
CMBB2105,2021-10-25
CVRE2108,2021-10-25
VN30F2203,2021-10-25
NNB,2021-11-09
DNY,2021-11-16
CFC,2021-11-22
C71,2021-11-22
CXH,2021-11-23
MHP,2021-11-25
CHDB2102,2021-11-30
CSTB2106,2021-11-30
CVPB2105,2021-11-30
CVRE2107,2021-11-30
CVJC2102,2021-11-30
CMSN2106,2021-11-30
CKDH2103,2021-11-30
SUM,2021-12-01
CVNM2108,2021-12-02
CHPG2110,2021-12-02
CFPT2104,2021-12-02
PME,2021-12-03
HKC,2021-12-15
NCP,2021-12-24
HIZ,2021-12-31
CPNJ2105,2022-01-04
CVRE2106,2022-01-04
CVJC2101,2022-01-04
CVHM2107,2022-01-04
CMSN2105,2022-01-04
CMWG2107,2022-01-04
CHPG2111,2022-01-04
CFPT2105,2022-01-04
CVIC2105,2022-01-04
CVNM2109,2022-01-04
CPNJ2104,2022-01-05
CMBB2103,2022-01-05
CVIC2104,2022-01-05
CFPT2103,2022-01-05
CMWG2106,2022-01-05
CVNM2107,2022-01-05
C36,2022-01-06
CHPG2109,2022-01-06
CFPT2102,2022-01-06
CSTB2105,2022-01-06
CVNM2106,2022-01-11
CTCB2106,2022-01-17
CSTB2107,2022-01-17
CVPB2106,2022-01-17
CNVL2103,2022-01-17
CMBB2104,2022-01-17
CKDH2104,2022-01-17
DXD,2022-01-24
DAP,2022-01-27
I10,2022-01-27
MCT,2022-01-27
CAM,2022-01-27
KSK,2022-02-18
FUCTVGF2,2022-02-25
GTN,2022-03-07
CMWG2104,2022-03-18
T12,2022-04-01
HNE,2022-04-01
HGR,2022-04-01
HGC,2022-04-01
NNQ,2022-04-01
HGA,2022-04-01
HAW,2022-04-01
IPH,2022-04-01
HAB,2022-04-01
GTK,2022-04-01
MXC,2022-04-01
CT5,2022-04-01
TS5,2022-04-01
DX2,2022-04-01
GQN,2022-04-01
DKH,2022-04-01
HUX,2022-04-01
BLU,2022-04-01
DNB,2022-04-01
HTK,2022-04-01
BPW,2022-04-01
VHI,2022-04-01
BUD,2022-04-01
BXT,2022-04-01
PDT,2022-04-01
SON,2022-04-08
SVL,2022-04-08
VIS,2022-04-21
CVRE2105,2022-04-28
CMSN2104,2022-04-28
CTCB2105,2022-04-28
PYU,2022-05-18
TAC,2022-05-19
VDM,2022-05-26
MEG,2022-06-16
EAD,2022-06-20
NS3,2022-06-28
HLE,2022-06-29
DAR,2022-07-04
DBH,2022-07-07
HNT,2022-07-07
DT4,2022-07-07
TEC,2022-07-08
MC3,2022-07-11
FDG,2022-07-11
CGL,2022-07-14
CEE,2022-07-21
SDH,2022-07-22
SSU,2022-08-11
TAP,2022-08-11
SPA,2022-08-18
QLD,2022-08-22
KHB,2022-08-30
SCA,2022-08-30
ROS,2022-08-31
VKD,2022-09-12
VMI,2022-09-16
HTH,2022-11-01
VSP,2022-11-16
IBN,2022-12-13
LYF,2022-12-13
SCV,2022-12-13
DBW,2022-12-26
QLT,2022-12-26
GE2,2022-12-28
TAG,2023-02-02
pDOTn-USD,2023-02-11
DPD,2023-02-22
SPP,2023-03-24
VAT,2023-04-05
GTH,2023-04-05
BHT,2023-04-27
AUM,2023-05-23
LWS,2023-06-01
LCW,2023-06-05
HKP,2023-06-13
KHA,2023-06-14
LUT,2023-06-20
THI,2023-06-28
CVP,2023-07-04
HTW,2023-07-05
HLG,2023-07-12
EMC,2023-07-13
SIC,2023-07-20
NNG,2023-07-24
HTR,2023-08-03
MCI,2023-08-14
TDI,2023-08-15
BKH,2023-08-24
TVW,2023-09-12
AGE,2023-09-21
^000001,2023-10-13
"THM
",2023-10-18
TVP,2023-10-24
CSTB2304,2023-10-26
CHDB2301,2023-10-26
CPOW2301,2023-10-26
CMSN2301,2023-10-26
CPDR2301,2023-10-26
CNVL2301,2023-10-26
CVHM2301,2023-10-26
CVRE2302,2023-10-26
CVIC2301,2023-10-26
CHPG2308,2023-10-26
CVNM2301,2023-10-26
CTCB2216,2023-10-30
CMBB2215,2023-10-30
CSTB2225,2023-10-30
CVRE2221,2023-10-30
CHPG2227,2023-10-30
CMWG2215,2023-10-30
CVHM2220,2023-10-30
CFPT2214,2023-10-30
SHX,2023-11-02
CSTB2303,2023-11-07
CFPT2303,2023-11-07
CHPG2306,2023-11-07
CMWG2302,2023-11-07
SGO,2023-11-09
^KOSDAQ,2023-11-14
^IDX,2023-11-14
^S501!,2023-11-15
^SETI,2023-11-15
CPOW2302,2023-11-21
CVIC2302,2023-11-21
CHDB2302,2023-11-21
CPDR2302,2023-11-21
CNVL2302,2023-11-21
CSTB2311,2023-11-28
CHPG2311,2023-11-29
CMSN2304,2023-11-29
CVNM2303,2023-11-29
CVRE2305,2023-11-29
CSTB2308,2023-11-29
CVHM2304,2023-11-29
CACB2302,2023-11-30
CTCB2303,2023-11-30
CSTB2320,2023-11-30
CVIB2303,2023-11-30
CVRE2309,2023-11-30
CVIC2307,2023-11-30
CVPB2307,2023-11-30
CVHM2308,2023-11-30
CMWG2306,2023-11-30
CVNM2307,2023-11-30
CMSN2308,2023-11-30
CFPT2306,2023-11-30
CMBB2307,2023-11-30
CHPG2323,2023-11-30
MCD,2023-12-04
PTN,2023-12-06
CHPG2320,2023-12-14
CPOW2307,2023-12-14
CSTB2317,2023-12-14
CFPT2304,2023-12-14
CVPB2306,2023-12-14
CPOW2303,2023-12-21
CHDB2303,2023-12-21
CVIC2303,2023-12-21
CPDR2304,2023-12-22
CNVL2304,2023-12-22
BUSD-USD,2023-12-27
CHPG2312,2023-12-28
XDC,2023-12-28
CMWG2304,2023-12-28
CVPB2304,2023-12-28
^FTSE,2023-12-28
CTPB2303,2023-12-28
CMBB2305,2023-12-28
CSTB2305,2023-12-28
CHPG2307,2023-12-28
CSTB2309,2023-12-28
