stockcode,min_date,max_date,row_count
^000001,2022-07-19,2023-10-13,300
1INCH-USD,2022-04-29,2026-04-09,1442
41I1FB000,2025-09-19,2025-11-20,45
41I1G1000,2025-11-21,2026-01-15,38
41I1G2000,2025-12-19,2026-02-13,39
41I1G3000,2025-07-18,2026-03-19,166
41I1G4000,2026-02-23,2026-04-08,33
41I1G5000,2026-03-20,2026-04-08,14
41I1G6000,2025-10-17,2026-04-08,117
41I1G9000,2026-01-16,2026-04-08,54
41I2C000,2025-10-10,2025-10-16,5
41I2FA000,2025-10-10,2025-11-20,30
41I2FB000,2025-10-10,2025-11-20,30
41I2FC000,2025-10-10,2025-12-18,50
41I2G1000,2025-11-21,2026-01-15,38
41I2G2000,2025-12-19,2026-02-13,39
41I2G3000,2025-10-10,2026-03-19,108
41I2G4000,2026-02-23,2026-04-08,33
41I2G5000,2026-03-20,2026-04-08,14
41I2G6000,2025-10-17,2026-04-08,117
41I2G9000,2026-01-16,2026-04-08,54
A32,2018-10-23,2026-04-08,1861
AAA,2010-07-15,2026-04-08,3919
AAH,2024-01-11,2026-04-08,555
AAM,2009-09-24,2026-04-08,4125
^AAPL,2014-07-29,2026-04-08,2941
AAS,2020-07-23,2026-04-08,1425
AAT,2021-03-24,2026-04-08,1258
AAV,2018-06-25,2026-04-08,1946
AAVE-USD,2022-04-29,2026-04-09,1442
ABB,2020-12-28,2026-04-08,1314
ABC,2016-08-18,2026-04-08,2408
ABI,2009-07-17,2026-04-08,4169
ABR,2018-06-12,2026-04-08,1955
ABS,2020-03-18,2026-04-08,1513
ABT,2006-12-29,2026-04-08,4796
ABW,2023-05-30,2026-04-08,714
AC4,2017-02-08,2021-06-08,1085
ACB,2006-11-21,2026-04-08,4827
ACC,2009-12-22,2026-04-08,4057
ACE,2009-11-10,2026-04-08,4092
ACG,2021-08-04,2026-04-08,1158
ACL,2007-09-11,2026-04-08,4384
ACM,2015-07-23,2026-04-08,2671
ACS,2017-07-13,2026-04-08,2183
ACV,2016-11-21,2026-04-08,2342
ADA-USD,2018-04-17,2026-04-09,2915
ADC,2010-12-24,2026-04-08,3812
ADG,2019-12-26,2026-04-08,1556
ADP,2010-02-09,2026-04-08,3991
ADS,2016-06-29,2026-04-08,2442
AERO-USD,2024-02-06,2026-04-09,794
AFC,2017-06-12,2020-05-26,740
AFX,2016-12-02,2026-04-08,2327
AG1,2018-01-10,2026-04-08,2056
AGC,2011-03-01,2012-07-16,346
AGD,2011-03-01,2013-08-27,625
AGE,2022-08-15,2023-09-21,276
AGF,2002-09-09,2026-04-08,5873
AGG,2020-01-09,2026-04-08,1557
AGM,2012-12-14,2026-04-08,3307
AGP,2015-10-06,2026-04-08,2626
AGR,2009-12-10,2026-04-08,4070
AGX,2015-09-14,2026-04-08,2642
AI16Z-USD,2025-01-06,2025-11-10,309
AIC,2021-01-08,2026-04-08,1306
AIG,2024-11-11,2026-04-08,349
AIOZ-USD,2022-04-29,2026-04-09,1442
AIXBT-USD,2025-01-10,2026-04-09,455
AKT-USD,2024-03-19,2026-04-09,752
ALC,2026-01-15,2026-04-08,55
ALGO-USD,2022-04-29,2026-04-09,1442
ALP,2011-03-01,2014-12-30,960
ALT,2006-11-22,2026-04-08,4788
ALV,2010-09-17,2026-04-08,3877
AMC,2012-02-15,2026-04-08,3532
^AMD,2014-07-29,2026-04-08,2941
AMD,2014-11-11,2025-12-30,2771
AME,2010-06-02,2026-04-08,3957
AMP,2017-01-12,2026-04-08,2305
AMP-USD,2022-04-29,2026-04-09,1442
AMS,2017-02-06,2026-04-08,2293
AMV,2009-12-30,2026-04-08,4058
^AMZN,2014-07-29,2026-04-08,2941
ANT,2016-12-22,2026-04-08,2314
ANV,2007-12-07,2026-04-08,4566
APC,2010-02-05,2026-04-08,4027
APE-USD,2022-04-29,2026-04-09,1442
APF,2017-06-08,2026-04-08,2208
APG,2010-04-05,2026-04-08,3989
APH,2020-07-28,2026-04-08,1422
API,2009-10-26,2026-04-08,4097
APL,2016-10-14,2026-04-08,2368
APP,2010-10-05,2026-04-08,3858
APS,2009-06-29,2026-04-08,4178
APT,2019-06-07,2026-04-08,1709
APT-USD,2022-10-19,2026-04-09,1269
AQN,2019-05-20,2021-07-01,534
ARB-USD,2023-03-23,2026-04-09,1114
ARC-USD,2024-12-14,2025-11-28,350
ARKM-USD,2023-07-18,2026-04-09,997
ARM,2010-10-26,2026-04-08,3855
ART,2017-08-02,2026-04-08,2155
AR-USD,2022-04-29,2026-04-09,1442
ASA,2012-03-12,2026-02-10,3472
ASD,2014-10-27,2021-06-03,1637
ASG,2020-09-24,2026-04-08,1376
ASIAGF,2012-06-26,2014-12-30,629
ASM,2010-01-18,2026-04-08,4044
ASP,2008-02-15,2026-04-08,4524
AST,2018-01-04,2026-04-08,2058
ASTR-USD,2022-04-29,2026-04-09,1442
ATA,2009-09-08,2026-04-08,4130
ATB,2017-08-25,2026-01-06,2091
ATD,2019-07-05,2021-08-19,535
ATG,2016-08-22,2026-04-08,2396
ATH-USD,2024-06-12,2026-04-09,667
ATOM-USD,2019-04-29,2026-04-09,2538
ATS,2016-03-29,2026-04-08,2507
AUM,2016-09-26,2023-05-23,1664
AVAX-USD,2022-04-29,2026-04-09,1442
AVC,2018-01-08,2026-04-08,2058
AVF,2010-11-23,2026-04-08,3829
AVG,2024-08-12,2026-04-08,412
^AVGO,2018-02-27,2026-04-08,2039
AVS,2011-03-01,2013-06-04,565
AXL-USD,2024-03-01,2026-04-09,770
AXS-USD,2022-04-29,2026-04-09,1442
B82,2008-03-17,2024-09-09,4103
BAB,2017-12-28,2026-04-08,2060
BABYDOGE-USD,2022-04-29,2026-04-09,1442
^BADI,2020-11-23,2026-04-08,1334
BAF,2021-12-03,2026-04-08,1074
^BAID,2024-06-12,2025-03-06,185
^BAIT,2024-06-12,2025-03-06,185
BAL,2018-01-12,2026-04-08,2054
BAM,2014-11-04,2016-11-09,504
BAS,2011-03-01,2012-05-02,293
BAX,2017-03-24,2026-04-08,2259
BBC,2001-12-19,2026-01-15,5981
BBH,2020-05-14,2026-04-08,1475
BBM,2018-01-05,2026-04-08,2059
BBS,2005-12-28,2026-04-08,5017
BBT,2004-03-15,2026-04-08,3302
BCA,2021-09-15,2026-04-08,1138
BCB,2018-10-29,2026-04-08,1857
BCC,2006-11-24,2026-04-08,4829
BCE,2010-06-28,2026-04-08,3937
BCF,2020-03-16,2026-04-08,1515
BCG,2015-07-16,2026-04-08,2681
BCH-USD,2022-04-29,2026-04-09,1442
BCI,2011-03-01,2018-02-22,1741
BCM,2018-02-21,2026-04-08,2024
^BCOM,2020-12-08,2026-04-08,1339
BCP,2015-09-14,2026-04-08,2642
BCR,2023-12-08,2026-04-08,578
^BCTI,2024-11-25,2024-11-26,2
BCV,2021-03-16,2026-04-08,1264
BDB,2010-01-29,2025-08-14,3877
BDC,2018-09-13,2020-11-27,555
BDF,2017-01-06,2020-06-25,865
BDG,2016-04-06,2026-04-08,2501
^BDI,2020-11-20,2024-11-28,1001
BDP,2017-04-25,2020-10-26,880
BDT,2017-09-06,2026-04-08,2145
^BDTI,2024-11-25,2024-11-26,2
BDW,2015-10-14,2026-04-08,2620
BDX-USD,2023-01-10,2026-04-09,1186
BEAM-USD,2023-10-26,2026-04-09,897
BED,2009-10-21,2026-04-08,4108
BEL,2016-07-12,2026-04-08,2435
BFC,2015-10-07,2026-04-08,2623
BGB-USD,2022-04-29,2026-04-09,1442
BGE,2024-08-02,2026-04-08,418
BGM,2011-06-20,2017-08-09,1533
BGW,2017-10-31,2026-04-08,2106
BHA,2017-08-02,2026-04-08,2169
BHC,2009-05-15,2026-04-08,4001
BHG,2018-10-30,2026-04-08,1856
BHH,2025-06-06,2026-04-08,210
BHI,2023-07-21,2026-04-08,676
BHK,2018-04-05,2026-04-08,2000
BHN,2016-10-28,2026-04-08,2350
BHP,2013-01-21,2026-04-08,3295
BHS,2011-03-01,2017-08-29,1623
BHT,2011-01-11,2023-04-27,3063
BHV,2011-03-01,2021-03-09,1760
BIC,2011-09-06,2026-04-08,3640
BID,2014-01-24,2026-04-08,3040
BIG,2022-01-10,2026-04-08,1056
BII,2014-09-22,2026-01-26,2828
BIO,2018-08-30,2026-04-08,1898
BIO-USD,2025-01-03,2026-04-09,462
BKC,2009-08-18,2026-04-08,4153
BKG,2020-12-31,2026-04-08,1311
BKH,2019-06-26,2023-08-24,1045
BLF,2008-06-02,2026-04-08,4450
BLI,2015-12-11,2026-04-08,2578
BLN,2016-09-09,2026-04-08,2393
BLT,2017-07-10,2026-04-08,2186
BLU,2019-02-25,2022-04-01,778
BLUR-USD,2023-11-24,2026-04-09,868
BLW,2018-10-19,2024-02-19,1331
BM9,2019-07-17,2020-10-27,324
BMC,2006-12-28,2026-04-08,4800
BMD,2017-06-14,2026-04-08,2204
BMF,2018-04-16,2026-04-08,1993
BMG,2018-12-25,2026-04-08,1816
BMI,2006-11-28,2026-04-08,4814
BMJ,2009-12-22,2026-04-08,4062
BMK,2024-12-26,2026-04-08,316
BMN,2016-04-06,2025-06-19,2301
BMP,2006-07-11,2026-04-08,4921
BMS,2018-08-08,2026-04-08,1914
BMV,2017-06-06,2026-04-08,2210
BNA,2020-10-12,2026-04-08,1369
BNB-USD,2017-11-06,2026-04-09,3077
BNSOL-USD,2024-10-17,2026-04-09,540
BNW,2018-12-28,2026-04-08,1813
BONK-USD,2023-12-15,2026-04-09,847
BOT,2019-02-14,2026-04-08,1786
BPC,2002-04-11,2026-04-08,5977
BPW,2017-12-20,2022-04-01,1069
BQB,2018-01-09,2026-04-08,2057
BQP,2025-11-05,2026-04-08,104
BRC,2011-12-13,2026-04-08,3570
BRENT-USD,1861-12-31,2026-04-09,9414
BRETT-USD,2024-04-18,2026-04-09,722
BRR,2017-06-16,2026-04-08,2201
BRS,2017-01-24,2026-04-08,2297
BSA,2018-08-20,2026-04-08,1906
BSC,2011-01-05,2025-12-30,3741
BSD,2017-04-28,2026-04-08,2235
BSG,2016-11-21,2026-04-08,2342
BSH,2018-07-04,2026-04-08,1939
BSI,2011-07-19,2026-04-08,3671
BSL,2017-06-16,2026-04-08,2202
BSP,2016-08-10,2026-04-08,2414
BSQ,2017-02-28,2026-04-08,2277
BSR,2018-03-01,2026-04-08,2017
BST,2008-12-18,2025-08-28,4167
BSV-USD,2022-04-29,2025-07-07,1166
BT1,2016-11-09,2026-04-08,2350
BT6,2002-04-18,2026-04-08,5662
BTB,2017-01-12,2026-04-08,2305
BTC,2011-03-10,2020-03-16,2199
BTC-D,2014-04-01,2026-04-09,4389
BTC-USD,2012-02-02,2026-04-09,5177
BTD,2017-03-02,2026-04-08,2275
BTG,2010-03-24,2026-04-08,3995
BTH,2008-06-25,2026-04-08,3838
BTN,2018-01-05,2026-04-08,2059
BTP,2009-11-25,2026-04-08,4081
BTR,2016-08-26,2021-06-24,1208
BTS,2006-12-05,2026-04-08,4822
BTT,2010-04-14,2026-04-08,3987
BTT-USD,2022-04-29,2025-09-08,1229
BTU,2016-03-11,2026-04-08,2519
BTV,2017-03-03,2026-04-08,2274
BTW,2010-03-04,2026-04-08,4012
BUD,2018-03-28,2022-04-01,1005
BUSD-USD,2019-09-22,2023-12-27,1558
BVB,2020-07-09,2026-04-08,1435
BVG,2010-08-09,2026-04-08,3779
BVH,2009-06-24,2026-04-08,4190
BVL,2021-06-11,2026-04-08,1204
BVN,2011-10-11,2026-04-08,3617
BVS,2006-12-18,2026-04-08,4813
BWA,2010-06-14,2026-04-08,3803
BWE,2017-07-20,2026-04-08,2176
BWS,2017-11-28,2026-04-08,2086
BXD,2011-03-01,2013-12-05,640
BXH,2009-11-25,2026-04-08,4083
BXT,2019-06-10,2022-04-01,707
C12,2016-12-26,2026-03-05,2293
C21,2011-07-15,2026-04-08,3396
C22,2018-05-24,2026-04-08,1968
C32,2010-10-13,2026-04-08,3811
C36,2017-05-31,2022-01-06,1157
C47,2011-03-30,2026-04-08,3749
C4G,2018-12-10,2026-04-08,1827
C69,2017-04-21,2026-04-08,2240
C71,2015-08-03,2021-11-22,1582
C92,2007-11-19,2026-04-08,4570
CAB,2019-09-06,2024-12-30,1332
^CAC40,2018-04-25,2026-04-08,2040
CACB2101,2021-10-07,2021-10-25,13
CACB2302,2023-08-24,2023-11-30,69
CACB2303,2023-08-24,2024-01-29,110
CAD,2009-01-05,2026-04-08,4199
CAG,2017-12-04,2026-04-08,2082
CAKE-USD,2022-04-29,2026-04-09,1442
CAM,2019-08-07,2022-01-27,624
CAN,2001-10-22,2026-04-08,6051
CAP,2008-01-09,2026-04-08,4548
CAR,2022-07-13,2026-04-08,926
CAT,2018-03-23,2026-04-08,2009
CAV,2014-12-08,2024-07-17,2394
CBC,2019-11-25,2021-04-28,356
CBETH-USD,2022-08-25,2026-04-09,1324
CBI,2017-09-28,2026-04-08,2129
CBS,2017-06-20,2026-04-08,2200
CC1,2017-07-20,2026-04-08,2178
CC4,2017-07-28,2025-06-12,1967
CCA,2019-12-26,2026-04-08,1566
CCC,2024-07-30,2026-04-08,415
CCH,2017-08-30,2021-06-30,959
CCI,2010-04-15,2026-04-08,3986
CCL,2011-03-03,2026-04-08,3768
CCM,2008-09-18,2026-04-08,4377
CCP,2017-03-16,2026-04-08,2265
CCR,2015-09-24,2026-04-08,2627
CCT,2017-06-30,2026-04-08,2192
CCTD2001,2020-05-11,2020-12-14,155
CCV,2017-01-09,2026-04-08,2308
CDC,2007-11-01,2026-04-08,4588
CDG,2017-02-27,2026-04-08,2278
CDH,2016-06-23,2025-11-14,2352
CDN,2016-03-30,2026-04-08,2503
CDO,2015-03-09,2026-04-08,2727
CDP,2018-07-13,2026-04-08,1932
CDPM1901,2019-09-27,2020-01-07,72
CDPM2001,2020-01-13,2020-06-17,105
CDPM2002,2020-02-19,2020-12-14,210
CDR,2017-06-26,2026-04-08,2196
CE1,2017-04-10,2025-03-03,1975
CEC,2014-03-13,2021-05-18,1786
CEE,2017-05-15,2022-07-21,1299
CEG,2017-05-17,2025-03-19,1962
CEIB2001,2020-12-24,2021-04-01,65
CEN,2018-06-15,2026-04-08,1952
CEO,2014-09-29,2026-04-08,2879
CER,2017-11-01,2019-06-13,401
CET,2017-07-28,2026-04-08,2172
CFC,2009-06-24,2021-11-22,3097
CFM,2021-01-25,2026-04-08,1295
CFPT1901,2019-06-28,2019-09-09,51
CFPT1902,2019-07-12,2019-09-26,54
CFPT1903,2019-07-12,2019-12-26,119
CFPT1904,2019-09-06,2019-11-15,51
CFPT1905,2019-10-24,2020-04-20,121
CFPT1906,2019-10-25,2020-04-06,110
CFPT1907,2019-10-30,2020-01-07,49
CFPT1908,2020-01-03,2020-06-15,109
CFPT2001,2020-01-22,2020-06-18,99
CFPT2002,2020-02-14,2020-07-20,109
CFPT2003,2020-04-23,2020-11-05,138
CFPT2004,2020-04-23,2020-08-06,74
CFPT2005,2020-04-27,2020-06-29,44
CFPT2006,2020-06-16,2020-10-27,95
CFPT2007,2020-07-14,2020-10-21,71
CFPT2008,2020-08-10,2021-01-12,110
CFPT2009,2020-09-23,2020-12-16,61
CFPT2010,2020-10-22,2021-03-26,106
CFPT2011,2020-10-27,2021-03-30,105
CFPT2012,2020-10-27,2021-04-28,125
CFPT2013,2020-10-28,2021-04-06,109
CFPT2014,2020-10-29,2021-04-07,109
CFPT2015,2020-11-16,2021-03-18,83
CFPT2016,2020-11-16,2021-06-18,146
CFPT2017,2020-12-31,2021-04-22,74
CFPT2101,2021-03-05,2021-07-01,82
CFPT2102,2021-08-03,2022-01-06,110
CFPT2103,2021-08-05,2022-01-05,107
CFPT2104,2021-08-24,2021-12-02,71
CFPT2105,2021-08-27,2022-01-04,90
CFPT2106,2021-09-28,2021-10-25,20
CFPT2107,2021-10-20,2021-10-25,4
CFPT2214,2023-01-05,2023-10-30,203
CFPT2303,2023-03-13,2023-11-07,167
CFPT2304,2023-08-04,2023-12-14,93
CFPT2305,2023-08-04,2024-04-15,174
CFPT2306,2023-08-24,2023-11-30,69
CFPT2307,2023-08-24,2024-01-29,110
CFPT2308,2023-08-25,2024-01-22,104
CFPT2309,2023-08-25,2024-05-02,168
CFPT2310,2023-08-25,2024-08-01,233
CFPT2311,2023-09-12,2024-03-14,127
CFPT2312,2023-09-15,2024-02-06,102
CFV,2019-06-03,2026-04-08,1713
CFX-USD,2022-04-29,2026-04-09,1442
CGL,2020-12-03,2022-07-14,401
CGMD1901,2019-11-14,2020-04-24,110
CGMD2001,2020-01-22,2020-06-18,99
CGP,2015-10-27,2019-08-14,948
CGV,2017-06-21,2026-04-08,2199
CH5,2017-06-14,2026-04-08,2204
CHC,2017-02-16,2026-04-08,2285
CHDB2001,2020-01-13,2020-06-17,105
CHDB2002,2020-02-05,2020-04-08,45
CHDB2003,2020-02-19,2020-12-14,210
CHDB2004,2020-03-13,2020-05-12,40
CHDB2005,2020-06-26,2020-10-01,69
CHDB2006,2020-07-14,2020-10-06,60
CHDB2007,2020-08-19,2021-04-23,170
CHDB2008,2020-12-02,2021-04-28,99
CHDB2101,2021-01-18,2021-09-20,166
CHDB2102,2021-08-30,2021-11-30,65
CHDB2103,2021-10-18,2021-10-25,6
CHDB2301,2023-06-14,2023-10-26,95
CHDB2302,2023-07-13,2023-11-21,92
CHDB2303,2023-07-13,2023-12-21,114
CHDB2304,2023-07-13,2024-03-21,173
CHDB2305,2023-07-18,2024-02-22,150
CHDB2306,2023-07-18,2024-06-24,233
CHEX-USD,2024-05-10,2026-04-09,700
CHP,2010-04-20,2026-04-08,3975
CHPG1901,2019-06-28,2019-09-06,50
CHPG1902,2019-06-28,2019-12-09,116
CHPG1903,2019-06-28,2019-09-10,52
CHPG1904,2019-07-12,2019-09-26,54
CHPG1905,2019-07-12,2019-12-26,119
CHPG1906,2019-08-30,2019-11-12,52
CHPG1907,2019-10-24,2020-04-20,121
CHPG1908,2019-11-14,2020-01-20,47
CHPG1909,2019-12-09,2020-05-13,104
CHPG2001,2020-01-22,2020-06-26,105
CHPG2002,2020-02-19,2020-12-14,210
CHPG2003,2020-02-18,2020-04-28,50
CHPG2004,2020-03-13,2020-06-11,62
CHPG2005,2020-04-27,2020-09-29,109
CHPG2006,2020-05-11,2020-09-14,90
CHPG2007,2020-05-11,2020-07-14,47
CHPG2008,2020-06-15,2020-11-26,118
CHPG2009,2020-06-16,2020-10-27,95
CHPG2010,2020-06-26,2021-04-01,193
CHPG2011,2020-07-23,2020-10-16,61
CHPG2012,2020-08-04,2021-01-14,116
CHPG2013,2020-08-04,2020-11-27,83
CHPG2014,2020-08-04,2021-04-15,176
CHPG2015,2020-08-04,2021-02-25,141
CHPG2016,2020-08-10,2021-01-12,110
CHPG2017,2020-09-08,2021-02-09,110
CHPG2018,2020-09-08,2021-05-12,168
CHPG2019,2020-09-23,2020-12-16,61
CHPG2020,2020-10-22,2021-06-28,169
CHPG2021,2020-10-27,2021-03-30,105
CHPG2022,2020-10-27,2021-04-28,125
CHPG2023,2020-10-27,2021-01-08,53
CHPG2024,2020-10-28,2021-04-06,109
CHPG2025,2020-10-29,2021-04-07,109
CHPG2026,2020-12-31,2021-05-06,82
CHPG2101,2021-01-18,2021-09-20,166
CHPG2102,2021-01-25,2021-07-01,106
CHPG2103,2021-02-09,2021-07-02,96
CHPG2104,2021-03-05,2021-07-01,82
CHPG2105,2021-03-09,2021-09-09,122
CHPG2106,2021-05-06,2021-09-09,87
CHPG2107,2021-05-07,2021-09-09,88
CHPG2108,2021-05-11,2021-09-09,86
CHPG2109,2021-08-03,2022-01-06,110
CHPG2110,2021-08-24,2021-12-02,71
CHPG2111,2021-08-27,2022-01-04,90
CHPG2112,2021-09-28,2021-10-25,20
CHPG2113,2021-10-06,2021-10-25,14
CHPG2114,2021-10-18,2021-10-25,6
CHPG2115,2021-10-20,2021-10-25,4
CHPG2227,2023-01-05,2023-10-30,203
CHPG2306,2023-03-13,2023-11-07,167
CHPG2307,2023-06-14,2023-12-28,140
CHPG2308,2023-06-14,2023-10-26,95
CHPG2309,2023-06-15,2024-05-22,233
CHPG2311,2023-06-16,2023-11-29,117
CHPG2312,2023-06-16,2023-12-28,138
CHPG2313,2023-06-16,2024-02-28,176
CHPG2314,2023-07-12,2024-02-27,157
CHPG2315,2023-07-13,2024-06-20,234
CHPG2316,2023-07-13,2024-09-19,297
CHPG2317,2023-07-18,2024-02-22,150
CHPG2318,2023-07-18,2024-03-22,171
CHPG2319,2023-07-18,2024-06-24,233
CHPG2320,2023-08-04,2023-12-14,93
CHPG2321,2023-08-04,2024-04-15,174
CHPG2322,2023-08-04,2024-07-15,235
CHPG2323,2023-08-24,2023-11-30,69
CHPG2324,2023-08-24,2024-01-03,92
CHPG2325,2023-08-24,2024-01-29,110
CHPG2326,2023-08-24,2024-05-02,169
CHPG2327,2023-08-25,2024-01-22,104
CHPG2328,2023-08-25,2024-05-02,168
CHPG2329,2023-08-25,2024-08-01,233
CHPG2330,2023-09-12,2024-03-14,127
CHS,2017-01-12,2026-04-08,2305
CHZ-USD,2022-04-29,2026-04-09,1442
CI5,2011-07-01,2026-04-08,3688
CIA,2017-11-29,2026-04-08,2085
CIC,2011-03-01,2013-09-20,642
CID,2005-01-08,2026-04-08,5079
CIG,2011-07-19,2026-04-08,3674
CII,2006-05-18,2026-04-08,4959
CIP,2017-09-27,2026-04-08,2130
CJC,2006-12-14,2026-04-08,4813
CK8,2023-01-06,2026-04-08,808
CKA,2018-10-17,2026-04-08,1865
CKB-USD,2022-04-29,2026-04-09,1442
CKD,2015-05-21,2026-04-08,2723
CKDH2001,2020-11-03,2021-05-12,128
CKDH2002,2020-11-03,2021-08-12,194
CKDH2003,2020-11-03,2021-02-09,70
CKDH2004,2020-12-31,2021-04-07,64
CKDH2101,2021-01-18,2021-09-20,166
CKDH2102,2021-05-05,2021-09-09,85
CKDH2103,2021-08-30,2021-11-30,65
CKDH2104,2021-09-15,2022-01-17,88
CKDH2105,2021-09-28,2021-10-25,20
CKDH2106,2021-09-28,2021-10-25,20
CKDH2107,2021-10-18,2021-10-25,6
CKG,2020-03-25,2026-04-08,1508
CKH,2017-01-12,2021-05-11,1077
CKV,2010-03-11,2026-04-08,4013
CLC,2006-11-16,2026-04-08,4831
CLG,2010-08-09,2026-02-24,3869
CLH,2016-06-07,2026-04-08,2460
CLL,2014-07-08,2026-04-08,2934
CLM,2016-04-15,2026-04-08,2494
CLP,2012-11-15,2014-05-14,366
CLS,2011-03-01,2013-07-18,557
CLW,2011-01-11,2026-04-08,3799
CLX,2017-03-01,2026-04-08,2276
CMBB1901,2019-06-28,2019-09-12,54
CMBB1902,2019-06-28,2019-12-13,120
CMBB1903,2019-10-24,2020-04-20,121
CMBB1904,2019-10-24,2020-01-20,62
CMBB1905,2019-10-25,2020-04-06,110
CMBB1906,2019-10-30,2020-01-07,49
CMBB2001,2020-01-22,2020-06-18,99
CMBB2002,2020-04-23,2020-08-06,74
CMBB2003,2020-04-23,2020-11-05,138
CMBB2004,2020-04-27,2020-06-29,44
CMBB2005,2020-05-18,2020-10-22,113
CMBB2006,2020-06-16,2020-10-27,95
CMBB2007,2020-08-10,2021-01-12,110
CMBB2008,2020-10-22,2021-03-26,106
CMBB2009,2020-10-27,2021-03-30,105
CMBB2010,2020-10-29,2021-06-10,152
CMBB2011,2020-10-29,2021-03-10,89
CMBB2101,2021-02-09,2021-07-02,96
CMBB2102,2021-05-07,2021-09-09,88
CMBB2103,2021-08-05,2022-01-05,107
CMBB2104,2021-09-15,2022-01-17,88
CMBB2105,2021-09-28,2021-10-25,20
CMBB2106,2021-10-20,2021-10-25,4
CMBB2215,2023-01-05,2023-10-30,203
CMBB2305,2023-06-14,2023-12-28,140
CMBB2306,2023-06-15,2024-05-22,233
CMBB2307,2023-08-24,2023-11-30,69
CMBB2308,2023-08-24,2024-01-29,110
CMBB2309,2023-08-24,2024-05-02,169
CMBB2310,2023-08-25,2024-01-22,104
CMBB2311,2023-08-25,2024-05-02,168
CMBB2312,2023-08-25,2024-08-01,233
CMBB2313,2023-09-12,2024-03-14,127
CMC,2006-12-11,2026-04-08,4817
CMD,2019-07-05,2026-04-08,1689
CMETH-USD,2024-11-15,2026-04-09,511
CMF,2016-11-30,2026-04-08,2335
CMG,2010-01-22,2026-04-08,4040
CMI,2010-06-23,2026-04-08,3936
CMK,2015-10-21,2026-04-08,2615
CMM,2022-11-08,2026-04-08,850
CMN,2017-07-10,2026-04-08,2186
CMP,2016-02-15,2026-04-08,2538
CMS,2010-11-29,2026-04-08,3831
CMSN1901,2019-08-30,2019-11-12,52
CMSN1902,2019-12-09,2020-05-13,104
CMSN1903,2020-01-03,2020-03-13,46
CMSN2001,2020-02-19,2020-12-14,210
CMSN2002,2020-05-11,2020-09-14,90
CMSN2003,2020-05-11,2020-07-14,47
CMSN2004,2020-05-21,2020-09-01,74
CMSN2005,2020-06-16,2020-10-27,95
CMSN2006,2020-08-10,2021-01-12,110
CMSN2007,2020-08-19,2021-04-23,170
CMSN2008,2020-09-01,2020-12-03,67
CMSN2009,2020-09-08,2021-05-12,168
CMSN2010,2020-10-22,2021-03-26,106
CMSN2011,2020-10-27,2021-03-30,105
CMSN2012,2020-10-29,2021-04-07,109
CMSN2013,2020-11-18,2021-02-25,66
CMSN2014,2020-12-02,2021-02-26,57
CMSN2101,2021-01-18,2021-09-20,166
CMSN2102,2021-01-18,2021-09-20,166
CMSN2103,2021-05-06,2021-09-09,89
CMSN2104,2021-08-24,2022-04-28,169
CMSN2105,2021-08-27,2022-01-04,90
CMSN2106,2021-08-30,2021-11-30,65
CMSN2107,2021-10-01,2021-10-25,17
CMSN2108,2021-10-18,2021-10-25,6
CMSN2109,2021-10-20,2021-10-25,4
CMSN2301,2023-06-14,2023-10-26,95
CMSN2302,2023-06-15,2024-05-22,233
CMSN2304,2023-06-16,2023-11-29,117
CMSN2305,2023-06-16,2024-02-28,176
CMSN2306,2023-07-18,2024-02-22,150
CMSN2307,2023-07-18,2024-06-24,233
CMSN2308,2023-08-24,2023-11-30,69
CMSN2309,2023-08-24,2024-01-29,110
CMSN2310,2023-08-25,2024-01-22,104
CMSN2311,2023-08-25,2024-08-01,233
CMSN2312,2023-09-15,2024-02-06,102
CMT,2010-03-11,2026-04-08,4007
CMV,2010-06-18,2026-04-08,3943
CMW,2017-04-10,2026-04-08,2249
CMWG1901,2019-06-28,2019-09-05,49
CMWG1902,2019-06-28,2019-12-09,116
CMWG1903,2019-07-12,2019-12-24,117
CMWG1904,2019-07-12,2019-12-26,119
CMWG1905,2019-09-30,2019-12-05,49
CMWG1906,2019-09-30,2019-12-12,54
CMWG1907,2019-10-25,2020-04-06,110
CMWG2001,2020-01-22,2020-06-18,99
CMWG2002,2020-02-05,2020-07-08,108
CMWG2003,2020-02-05,2020-04-22,55
CMWG2004,2020-03-13,2020-06-11,62
CMWG2005,2020-04-27,2020-09-29,109
CMWG2006,2020-05-18,2020-10-22,113
CMWG2007,2020-06-15,2020-11-26,118
CMWG2008,2020-06-16,2020-10-27,95
CMWG2009,2020-07-14,2020-10-21,71
CMWG2010,2020-08-10,2021-01-12,110
CMWG2011,2020-09-23,2020-12-16,61
CMWG2012,2020-09-24,2021-02-04,95
CMWG2013,2020-10-22,2021-06-28,169
CMWG2014,2020-10-28,2021-01-06,50
CMWG2015,2020-11-30,2021-05-06,105
CMWG2016,2020-11-30,2021-06-08,128
CMWG2017,2020-12-31,2021-04-22,74
CMWG2101,2021-02-09,2021-07-02,96
CMWG2102,2021-02-25,2021-07-30,109
CMWG2103,2021-03-05,2021-07-01,82
CMWG2104,2021-04-15,2022-03-18,231
CMWG2105,2021-05-05,2021-09-09,88
CMWG2106,2021-08-05,2022-01-05,107
CMWG2107,2021-08-27,2022-01-04,90
CMWG2108,2021-10-01,2021-10-25,17
CMWG2109,2021-10-18,2021-10-25,6
CMWG2110,2021-10-20,2021-10-25,4
CMWG2215,2023-01-05,2023-10-30,203
CMWG2302,2023-03-13,2023-11-07,167
CMWG2304,2023-06-14,2023-12-28,140
CMWG2305,2023-06-15,2024-05-22,233
CMWG2306,2023-08-24,2023-11-30,69
CMWG2307,2023-08-24,2024-01-29,110
CMWG2308,2023-08-25,2024-01-22,104
CMWG2309,2023-08-25,2024-05-02,168
CMWG2310,2023-08-25,2024-08-01,233
CMWG2311,2023-09-15,2024-02-06,102
CMX,2010-11-09,2026-04-08,3843
CNA,2021-12-09,2026-04-08,1077
CNC,2014-06-25,2026-04-08,2945
CNG,2011-11-23,2026-04-08,3584
CNH,2015-04-24,2020-07-13,1298
CNN,2016-06-01,2026-04-08,2464
CNT,2008-07-28,2026-04-08,4210
CNVL1901,2019-09-27,2020-02-05,88
CNVL2001,2020-02-12,2020-12-14,215
CNVL2002,2020-07-02,2021-03-08,171
CNVL2003,2020-10-01,2021-06-09,171
CNVL2101,2021-01-18,2021-09-20,166
CNVL2102,2021-05-18,2021-10-05,96
CNVL2103,2021-09-15,2022-01-17,88
CNVL2104,2021-10-18,2021-10-25,6
CNVL2301,2023-06-14,2023-10-26,95
CNVL2302,2023-07-13,2023-11-21,92
CNVL2303,2023-07-13,2024-03-21,173
CNVL2304,2023-07-18,2023-12-22,112
CNVL2305,2023-07-18,2024-06-24,233
COM,2006-08-07,2026-04-08,4901
COMP-USD,2022-04-29,2026-04-09,1442
CORE-USD,2023-02-08,2026-04-09,1157
CPA,2019-12-30,2026-04-08,1564
CPC,2010-01-18,2026-04-08,4046
CPDR2101,2021-05-18,2021-10-05,96
CPDR2102,2021-05-18,2021-10-05,96
CPDR2103,2021-10-18,2021-10-25,6
CPDR2301,2023-06-14,2023-10-26,95
CPDR2302,2023-07-13,2023-11-21,92
CPDR2303,2023-07-13,2024-03-21,173
CPDR2304,2023-07-18,2023-12-22,112
CPDR2305,2023-07-18,2024-06-24,233
CPH,2017-02-08,2026-04-08,2291
CPI,2017-07-28,2026-04-08,2172
CPNJ1901,2019-06-28,2019-09-06,50
CPNJ1902,2019-11-14,2020-01-20,47
CPNJ2001,2020-02-05,2020-04-22,55
CPNJ2002,2020-04-27,2020-09-29,109
CPNJ2003,2020-05-18,2020-10-22,113
CPNJ2004,2020-05-21,2020-08-14,62
CPNJ2005,2020-06-16,2020-10-27,95
CPNJ2006,2020-08-10,2021-01-12,110
CPNJ2007,2020-09-01,2020-11-18,56
CPNJ2008,2020-09-24,2021-02-04,95
CPNJ2009,2020-10-27,2021-03-30,105
CPNJ2010,2020-11-18,2021-02-05,57
CPNJ2101,2021-02-09,2021-07-02,96
CPNJ2102,2021-02-25,2021-07-30,109
CPNJ2103,2021-03-05,2021-06-16,71
CPNJ2104,2021-08-05,2022-01-05,107
CPNJ2105,2021-08-27,2022-01-04,90
CPNJ2106,2021-10-01,2021-10-25,17
CPNJ2107,2021-10-18,2021-10-25,6
CPNJ2108,2021-10-20,2021-10-25,4
CPOW2301,2023-06-14,2023-10-26,95
CPOW2302,2023-07-13,2023-11-21,92
CPOW2303,2023-07-13,2023-12-21,114
CPOW2304,2023-07-13,2024-03-21,173
CPOW2305,2023-07-18,2024-02-22,150
CPOW2306,2023-07-18,2024-06-24,233
CPOW2307,2023-08-04,2023-12-14,93
CPOW2308,2023-08-04,2024-04-15,174
CPOW2309,2023-08-04,2024-05-15,192
CPOW2310,2023-08-25,2024-01-22,104
CPOW2311,2023-09-15,2024-02-06,102
CPW,2019-09-20,2021-07-08,451
CQN,2020-08-18,2026-04-08,1407
CQT,2016-11-01,2026-04-08,2356
CRC,2018-08-20,2026-04-08,1906
CRE,2018-09-05,2026-04-08,1895
CREE1901,2019-09-06,2019-11-15,51
CREE1902,2019-10-23,2020-01-20,63
CREE1903,2019-10-24,2020-04-20,121
CREE1904,2019-10-30,2020-01-07,49
CREE1905,2020-01-03,2020-06-15,109
CREE2001,2020-01-22,2020-06-18,99
CREE2002,2020-04-27,2020-06-29,44
CREE2003,2020-06-16,2020-10-27,95
CREE2004,2020-07-14,2020-10-21,71
CREE2005,2020-08-10,2021-01-12,110
CREE2006,2020-11-30,2021-05-06,105
CREE2101,2021-02-09,2021-07-02,96
CROS2001,2020-01-13,2020-06-17,105
CROS2002,2020-05-11,2020-12-14,155
CRO-USD,2022-04-29,2026-04-09,1441
CRUDE-USD,1983-07-07,2026-04-09,10863
CRV,2025-10-13,2026-04-08,121
CRV-USD,2020-08-15,2026-04-09,2064
CSBT1901,2019-12-09,2020-02-12,42
CSBT2001,2020-02-19,2020-12-14,210
CSBT2007,2020-08-19,2021-04-23,170
CSBT2101,2021-01-18,2021-09-20,166
CSC,2009-11-04,2026-04-08,4097
CSG,2011-03-01,2012-10-03,402
CSI,2019-03-15,2026-04-08,1765
CSM,2009-08-11,2026-04-08,4156
CST,2021-04-26,2026-04-08,1231
CSTB1901,2019-09-27,2020-01-07,72
CSTB2001,2020-01-13,2020-06-17,105
CSTB2002,2020-02-19,2020-12-14,210
CSTB2003,2020-05-11,2020-09-14,90
CSTB2004,2020-06-15,2020-11-26,118
CSTB2005,2020-06-26,2020-10-30,90
CSTB2006,2020-06-26,2021-04-01,193
CSTB2007,2020-08-19,2021-05-25,190
CSTB2008,2020-09-01,2020-11-18,56
CSTB2009,2020-09-23,2020-12-16,61
CSTB2010,2020-10-01,2021-06-09,171
CSTB2011,2020-10-22,2021-03-26,106
CSTB2012,2020-10-27,2021-03-30,105
CSTB2013,2020-10-29,2021-03-10,89
CSTB2014,2020-10-29,2021-06-10,152
CSTB2015,2020-12-02,2021-02-26,57
CSTB2016,2020-12-02,2021-04-28,99
CSTB2017,2020-12-31,2021-04-22,74
CSTB2101,2021-01-18,2021-09-20,166
CSTB2102,2021-03-05,2021-06-02,61
CSTB2103,2021-03-09,2021-09-09,122
CSTB2104,2021-05-05,2021-09-09,88
CSTB2105,2021-08-03,2022-01-06,110
CSTB2106,2021-08-30,2021-11-30,65
CSTB2107,2021-09-15,2022-01-17,88
CSTB2108,2021-09-28,2021-10-25,20
CSTB2109,2021-10-06,2021-10-25,14
CSTB2110,2021-10-18,2021-10-25,6
CSTB2111,2021-10-20,2021-10-25,4
CSTB2225,2023-01-05,2023-10-30,203
CSTB2303,2023-03-13,2023-11-07,167
CSTB2304,2023-06-14,2023-10-26,95
CSTB2305,2023-06-14,2023-12-28,140
CSTB2306,2023-06-15,2024-05-22,233
CSTB2308,2023-06-16,2023-11-29,117
CSTB2309,2023-06-16,2023-12-28,138
CSTB2310,2023-06-16,2024-02-28,176
CSTB2311,2023-07-12,2023-11-28,98
CSTB2312,2023-07-13,2024-06-20,234
CSTB2313,2023-07-13,2024-09-19,297
CSTB2314,2023-07-18,2024-02-22,150
CSTB2315,2023-07-18,2024-03-22,171
CSTB2316,2023-07-18,2024-06-24,233
CSTB2317,2023-08-04,2023-12-14,93
CSTB2318,2023-08-04,2024-05-15,192
CSTB2319,2023-08-04,2024-04-15,174
CSTB2320,2023-08-24,2023-11-30,69
CSTB2321,2023-08-24,2024-01-29,110
CSTB2322,2023-08-24,2024-05-02,169
CSTB2323,2023-08-25,2024-01-22,104
CSTB2324,2023-08-25,2024-05-02,168
CSTB2325,2023-08-25,2024-08-01,233
CSV,2015-03-18,2026-04-08,2763
CT3,2009-11-20,2026-04-08,4040
CT5,2020-01-16,2022-04-01,551
CT6,2010-05-04,2026-04-08,3972
CTA,2010-10-01,2026-04-08,3867
CTB,2006-10-10,2026-04-08,4862
CTC,2008-07-18,2025-01-13,4120
CTCB1901,2019-10-30,2020-01-15,55
CTCB1902,2019-12-24,2020-06-03,108
CTCB2001,2020-01-22,2020-06-18,99
CTCB2002,2020-03-13,2020-05-12,40
CTCB2003,2020-05-18,2020-10-22,113
CTCB2004,2020-05-21,2020-08-14,62
CTCB2005,2020-06-15,2020-11-26,118
CTCB2006,2020-06-16,2020-10-27,95
CTCB2007,2020-08-10,2021-01-12,110
CTCB2008,2020-09-23,2020-12-16,61
CTCB2009,2020-10-22,2021-03-26,106
CTCB2010,2020-10-27,2021-03-30,105
CTCB2011,2020-11-18,2021-02-05,57
CTCB2012,2020-12-18,2021-07-28,150
CTCB2013,2020-12-22,2021-04-28,85
CTCB2101,2021-01-25,2021-10-01,170
CTCB2102,2021-02-09,2021-07-02,96
CTCB2103,2021-03-09,2021-08-20,115
CTCB2104,2021-05-06,2021-09-09,87
CTCB2105,2021-08-24,2022-04-28,169
CTCB2106,2021-09-15,2022-01-17,88
CTCB2107,2021-09-28,2021-10-25,19
CTCB2108,2021-10-01,2021-10-25,16
CTCB2109,2021-10-06,2021-10-25,14
CTCB2110,2021-10-20,2021-10-25,4
CTCB2216,2023-01-05,2023-10-30,203
CTCB2302,2023-06-15,2024-05-22,233
CTCB2303,2023-08-24,2023-11-30,69
CTCB2304,2023-08-24,2024-01-29,110
CTCB2305,2023-08-25,2024-01-22,104
CTCB2306,2023-08-25,2024-05-02,168
CTCB2307,2023-08-25,2024-08-01,233
CTCB2308,2023-09-12,2024-03-14,127
CTCH2001,2020-11-03,2021-05-12,128
CTCH2002,2020-11-03,2021-02-09,70
CTCH2003,2020-11-03,2021-08-12,194
CTCH2101,2021-01-18,2021-09-20,166
CTCH2102,2021-05-06,2021-09-09,84
CTCH2103,2021-05-07,2021-09-09,88
CTC-USD,2022-04-29,2026-04-09,1442
CTD,2010-01-20,2026-04-08,4042
CTF,2017-05-30,2026-04-08,2213
CTG,2009-07-16,2026-04-08,4174
CTI,2010-03-19,2026-04-08,4005
CTM,2011-03-01,2015-06-11,1065
CTN,2006-12-20,2026-01-22,4757
CTP,2016-07-28,2026-04-08,2423
CTPB2303,2023-06-14,2023-12-28,140
CTR,2017-10-31,2026-04-08,2100
CTS,2009-07-31,2026-04-08,4160
CTT,2015-07-17,2026-04-08,2682
CT-USD,2020-12-08,2026-04-08,1339
CTV,2011-09-09,2013-12-19,573
CTW,2016-09-30,2026-04-08,2378
CTX,2012-05-24,2026-04-08,3457
CVC,2016-12-05,2020-07-21,906
CVH,2017-06-20,2021-06-08,994
CVHM1901,2019-09-27,2020-02-05,88
CVHM1902,2019-10-24,2020-04-20,121
CVHM1903,2020-01-03,2020-03-13,46
CVHM2001,2020-02-19,2020-12-14,210
CVHM2002,2020-06-15,2020-11-26,118
CVHM2003,2020-06-16,2020-10-27,95
CVHM2004,2020-06-26,2020-10-01,69
CVHM2005,2020-08-10,2021-01-12,110
CVHM2006,2020-08-19,2021-04-23,170
CVHM2007,2020-09-24,2021-02-04,95
CVHM2008,2020-10-01,2021-06-09,171
CVHM2009,2020-10-27,2021-03-30,105
CVHM2010,2020-10-27,2021-04-28,125
CVHM2101,2021-01-18,2021-09-20,166
CVHM2102,2021-02-09,2021-07-02,96
CVHM2103,2021-03-05,2021-06-02,61
CVHM2104,2021-03-09,2021-08-20,115
CVHM2105,2021-05-05,2021-09-09,85
CVHM2106,2021-05-07,2021-09-09,88
CVHM2107,2021-08-27,2022-01-04,90
CVHM2108,2021-09-28,2021-10-25,19
CVHM2109,2021-09-28,2021-10-25,19
CVHM2110,2021-10-06,2021-10-25,14
CVHM2111,2021-10-18,2021-10-25,6
CVHM2112,2021-10-20,2021-10-25,4
CVHM2220,2023-01-05,2023-10-30,203
CVHM2301,2023-06-14,2023-10-26,95
CVHM2302,2023-06-15,2024-05-22,233
CVHM2304,2023-06-16,2023-11-29,117
CVHM2305,2023-06-16,2024-02-28,176
CVHM2306,2023-07-18,2024-02-22,150
CVHM2307,2023-07-18,2024-06-24,233
CVHM2308,2023-08-24,2023-11-30,69
CVHM2309,2023-08-24,2024-01-29,110
CVHM2310,2023-08-25,2024-01-22,104
CVHM2311,2023-08-25,2024-08-01,233
CVHM2312,2023-08-25,2024-05-02,168
CVIB2302,2023-06-15,2024-05-22,233
CVIB2303,2023-08-24,2023-11-30,69
CVIC1901,2019-08-30,2019-11-12,52
CVIC1902,2019-10-24,2020-04-20,121
CVIC1903,2019-12-09,2020-05-13,104
CVIC2001,2020-02-19,2020-12-14,210
CVIC2002,2020-05-11,2020-07-14,47
CVIC2003,2020-06-26,2020-10-01,69
CVIC2004,2020-08-19,2021-04-23,170
CVIC2005,2020-10-01,2021-06-09,171
CVIC2006,2020-10-27,2021-03-30,105
CVIC2007,2020-12-02,2021-02-26,57
CVIC2101,2021-01-18,2021-09-20,166
CVIC2102,2021-03-05,2021-06-02,61
CVIC2103,2021-05-18,2021-10-05,96
CVIC2104,2021-08-05,2022-01-05,107
CVIC2105,2021-08-27,2022-01-04,90
CVIC2106,2021-10-18,2021-10-25,6
CVIC2301,2023-06-14,2023-10-26,95
CVIC2302,2023-07-13,2023-11-21,92
CVIC2303,2023-07-13,2023-12-21,114
CVIC2304,2023-07-13,2024-03-21,173
CVIC2305,2023-07-18,2024-02-22,150
CVIC2306,2023-07-18,2024-06-24,233
CVIC2307,2023-08-24,2023-11-30,69
CVJC1901,2019-10-11,2020-02-24,91
CVJC1902,2019-10-23,2020-04-20,122
CVJC2001,2020-02-19,2020-12-14,210
CVJC2002,2020-06-16,2020-10-27,95
CVJC2003,2020-06-26,2020-10-01,69
CVJC2004,2020-08-19,2021-04-23,170
CVJC2005,2020-09-24,2021-02-04,95
CVJC2006,2020-10-01,2021-06-09,171
CVJC2101,2021-08-27,2022-01-04,90
CVJC2102,2021-08-30,2021-11-30,65
CVJC2103,2021-10-18,2021-10-25,6
CVN,2010-08-06,2026-04-08,3902
CVNM1901,2019-06-28,2019-12-11,118
CVNM1902,2019-10-11,2020-03-24,112
CVNM1903,2019-10-24,2020-04-20,121
CVNM1904,2019-10-25,2020-04-06,110
CVNM1905,2019-11-14,2020-04-24,110
CVNM1906,2019-12-24,2020-03-03,45
CVNM2001,2020-01-22,2020-06-18,99
CVNM2002,2020-02-19,2020-12-14,210
CVNM2003,2020-05-21,2020-09-01,74
CVNM2004,2020-06-15,2020-11-26,118
CVNM2005,2020-06-16,2020-10-27,95
CVNM2006,2020-06-26,2020-10-01,69
CVNM2007,2020-06-29,2021-03-08,174
CVNM2008,2020-08-10,2021-01-12,110
CVNM2009,2020-09-01,2020-12-03,67
CVNM2010,2020-09-24,2021-02-04,95
CVNM2011,2020-10-01,2021-06-09,171
CVNM2012,2020-10-22,2021-03-26,106
CVNM2013,2020-10-27,2021-03-30,105
CVNM2014,2020-10-29,2021-04-07,109
CVNM2015,2020-11-18,2021-02-25,66
CVNM2016,2020-12-02,2021-02-26,57
CVNM2101,2021-01-18,2021-09-20,166
CVNM2102,2021-02-09,2021-07-02,96
CVNM2103,2021-03-05,2021-06-16,71
CVNM2104,2021-05-05,2021-09-09,90
CVNM2105,2021-05-18,2021-09-23,91
CVNM2106,2021-08-03,2022-01-11,113
CVNM2107,2021-08-05,2022-01-05,107
CVNM2108,2021-08-24,2021-12-02,71
CVNM2109,2021-08-27,2022-01-04,90
CVNM2110,2021-09-28,2021-10-25,19
CVNM2111,2021-10-18,2021-10-25,6
CVNM2301,2023-06-14,2023-10-26,95
CVNM2303,2023-06-16,2023-11-29,117
CVNM2304,2023-06-16,2024-02-28,176
CVNM2305,2023-07-18,2024-02-22,150
CVNM2306,2023-07-18,2024-06-24,233
CVNM2307,2023-08-24,2023-11-30,69
CVNM2308,2023-08-25,2024-05-02,168
CVNM2309,2023-09-15,2024-02-06,102
CVP,2022-05-04,2023-07-04,294
CVPB1901,2019-12-24,2020-03-03,45
CVPB2001,2020-01-22,2020-06-18,99
CVPB2002,2020-02-10,2020-04-06,40
CVPB2003,2020-02-14,2020-07-20,109
CVPB2004,2020-03-13,2020-05-12,40
CVPB2005,2020-05-21,2020-08-14,62
CVPB2006,2020-06-15,2020-11-26,118
CVPB2007,2020-06-16,2020-10-27,95
CVPB2008,2020-08-10,2021-01-12,110
CVPB2009,2020-09-01,2020-11-18,56
CVPB2010,2020-10-22,2021-03-26,106
CVPB2011,2020-10-27,2021-04-28,125
CVPB2012,2020-10-27,2021-03-30,105
CVPB2013,2020-10-29,2021-04-07,109
CVPB2014,2020-11-18,2021-02-05,57
CVPB2015,2020-12-18,2021-07-28,150
CVPB2016,2020-12-22,2021-04-28,85
CVPB2017,2020-12-24,2021-04-01,65
CVPB2101,2021-02-09,2021-07-02,96
CVPB2102,2021-03-05,2021-06-02,61
CVPB2103,2021-03-09,2021-08-05,105
CVPB2104,2021-05-05,2021-09-09,88
CVPB2105,2021-08-30,2021-11-30,65
CVPB2106,2021-09-15,2022-01-17,88
CVPB2107,2021-10-01,2021-10-25,16
CVPB2108,2021-10-06,2021-10-25,14
CVPB2109,2021-10-20,2021-10-25,4
CVPB2304,2023-06-14,2023-12-28,140
CVPB2305,2023-08-04,2024-04-15,174
CVPB2306,2023-08-04,2023-12-14,93
CVPB2307,2023-08-24,2023-11-30,69
CVPB2308,2023-08-24,2024-01-29,110
CVPB2309,2023-08-24,2024-05-02,169
CVPB2310,2023-08-25,2024-01-22,104
CVPB2311,2023-08-25,2024-05-02,168
CVPB2312,2023-08-25,2024-08-01,233
CVPB2313,2023-09-15,2024-02-06,102
CVRE1901,2019-08-30,2019-11-12,52
CVRE1902,2019-10-25,2020-04-06,110
CVRE1903,2019-12-09,2020-05-13,104
CVRE1904,2020-01-03,2020-03-13,46
CVRE2001,2020-01-14,2020-09-17,169
CVRE2002,2020-01-22,2020-06-18,99
CVRE2003,2020-02-19,2020-12-14,210
CVRE2004,2020-05-11,2020-07-14,47
CVRE2005,2020-06-15,2020-11-26,118
CVRE2006,2020-06-16,2020-10-27,95
CVRE2007,2020-06-26,2021-04-01,193
CVRE2008,2020-08-10,2021-01-12,110
CVRE2009,2020-08-19,2021-05-25,190
CVRE2010,2020-09-08,2021-02-09,110
CVRE2011,2020-10-01,2021-06-09,171
CVRE2012,2020-10-27,2021-03-30,105
CVRE2013,2020-12-18,2021-07-28,150
CVRE2014,2020-12-22,2021-04-28,85
CVRE2015,2020-12-31,2021-04-22,74
CVRE2101,2021-01-18,2021-09-20,166
CVRE2102,2021-02-09,2021-07-02,96
CVRE2103,2021-03-09,2021-08-05,105
CVRE2104,2021-05-05,2021-09-09,85
CVRE2105,2021-08-24,2022-04-28,169
CVRE2106,2021-08-27,2022-01-04,90
CVRE2107,2021-08-30,2021-11-30,65
CVRE2108,2021-09-28,2021-10-25,19
CVRE2109,2021-10-06,2021-10-25,14
CVRE2110,2021-10-18,2021-10-25,6
CVRE2111,2021-10-20,2021-10-25,4
CVRE2221,2023-01-05,2023-10-30,203
CVRE2302,2023-06-14,2023-10-26,95
CVRE2303,2023-06-15,2024-05-22,233
CVRE2305,2023-06-16,2023-11-29,117
CVRE2306,2023-06-16,2024-02-28,176
CVRE2307,2023-07-18,2024-02-22,150
CVRE2308,2023-07-18,2024-06-24,233
CVRE2309,2023-08-24,2023-11-30,69
CVRE2310,2023-08-24,2024-01-29,110
CVRE2311,2023-08-25,2024-01-22,104
CVRE2312,2023-08-25,2024-05-02,168
CVRE2313,2023-08-25,2024-08-01,233
CVRE2314,2023-09-15,2024-02-06,102
CVT,2009-11-05,2026-04-08,4091
CX8,2010-05-19,2026-04-08,3967
CXH,2016-02-26,2021-11-23,1441
CYC,2006-07-31,2026-04-08,4902
CZC,2011-04-05,2019-05-02,1963
D11,2011-02-25,2026-04-08,3774
D17,2024-01-08,2025-01-23,262
^D1N1!,2013-08-22,2025-12-30,2847
D26,2011-04-04,2017-09-19,1564
D2D,2009-08-14,2026-04-08,4153
DAC,2006-09-20,2026-04-08,4871
DAD,2009-08-19,2026-04-08,4152
DAE,2006-12-28,2026-04-08,4805
DAG,2010-04-08,2026-04-08,3984
DAH,2016-10-10,2026-04-08,2370
DAI-USD,2022-04-29,2026-04-09,1442
DAN,2021-12-22,2026-04-08,1068
DAP,2010-05-10,2022-01-27,2907
DAR,2017-05-11,2022-07-04,1290
DAS,2014-09-25,2026-04-08,2881
DASH-USD,2022-04-29,2026-04-09,1442
DAT,2015-11-05,2026-04-08,2602
^DAX,2014-08-26,2026-04-08,2944
DBC,2008-03-18,2026-04-08,4501
DBD,2017-01-16,2026-04-08,2298
DBF,2011-04-04,2015-01-16,905
DBH,2016-06-08,2022-07-07,1524
DBM,2009-12-17,2026-04-08,4065
DBT,2009-10-30,2026-04-08,4095
DBW,2017-01-09,2022-12-26,1493
DC1,2016-07-19,2026-04-08,2429
DC2,2010-07-02,2026-04-08,3935
DC4,2008-11-03,2026-04-08,4344
DCC,2011-03-01,2011-12-14,202
DCD,2015-09-30,2020-06-12,1171
DCF,2017-01-12,2026-04-08,2305
DCG,2018-12-14,2026-04-08,1823
DCH,2018-04-23,2026-04-08,1988
DCI,2017-03-08,2021-07-22,1097
DCL,2008-09-17,2026-04-08,4381
DCM,2015-03-31,2026-04-08,2754
DCR,2018-10-08,2026-04-08,1872
DCS,2007-12-17,2026-04-08,4560
DCT,2006-10-10,2026-04-08,4627
DCV,2026-01-19,2026-04-08,53
DDB,2025-01-15,2026-04-08,303
DDG,2018-12-18,2026-04-08,1821
DDH,2016-06-30,2026-04-08,2443
DDM,2008-07-22,2026-04-08,4003
DDN,2009-06-29,2026-04-08,4183
DDV,2015-06-10,2026-04-08,2709
DEEP-USD,2024-10-14,2026-04-09,543
DEXE-USD,2022-04-29,2026-04-09,1442
DFC,2017-01-12,2026-04-08,2305
DFF,2021-07-08,2026-04-08,1185
DFS,2019-10-18,2020-09-23,234
DGC,2014-08-26,2026-04-08,2895
DGL,2015-10-20,2018-09-04,721
DGT,2010-03-09,2026-04-08,4015
DGW,2015-08-03,2026-04-08,2669
DHA,2004-04-14,2026-04-08,5483
DHB,2017-07-26,2026-04-08,2174
DHC,2009-07-23,2026-04-08,4169
DHD,2017-05-05,2026-04-08,2232
DHG,2006-12-21,2026-04-08,4805
DHI,2011-03-01,2013-10-24,666
DHL,2012-06-06,2013-09-20,325
DHM,2012-07-24,2026-04-08,3419
DHN,2018-04-19,2026-04-08,1990
DHP,2013-03-21,2026-04-08,3257
DHT,2008-12-03,2026-04-08,4328
DIC,2006-12-28,2026-04-08,4794
DID,2009-12-10,2026-04-08,4066
DIG,2009-08-19,2026-04-08,4150
DIH,2011-04-27,2026-04-08,3733
^DJI,1983-06-07,2026-04-08,10795
DKC,2020-07-14,2026-04-08,1432
DKG,2025-04-22,2026-04-08,240
DKH,2020-03-23,2022-04-01,509
DKP,2018-10-10,2020-06-29,428
DKW,2024-12-30,2026-02-02,272
DL1,2010-03-10,2026-04-08,4014
DLC,2011-05-11,2016-11-10,1330
DLD,2011-04-08,2026-04-08,3744
DLG,2010-06-22,2026-04-08,3941
DLM,2023-01-06,2024-02-23,280
DLR,2010-05-20,2026-04-08,3961
DLT,2015-11-16,2026-04-08,2597
DLV,2011-04-04,2012-09-07,360
DM7,2018-10-15,2026-04-08,1867
DMC,2006-12-25,2026-04-08,4802
DMN,2021-11-23,2026-04-08,1089
DMS,2023-06-15,2026-04-08,702
DNA,2017-10-19,2026-04-08,2114
DNB,2019-06-25,2022-04-01,696
DNC,2009-12-23,2026-04-08,4063
DND,2016-11-09,2026-04-08,2350
DNE,2017-04-05,2026-04-08,2251
DNF,2011-04-04,2016-11-18,1361
DNH,2017-06-19,2026-04-08,2201
DNL,2011-08-18,2026-04-08,3654
DNM,2011-02-16,2026-04-08,3771
DNN,2017-07-17,2026-04-08,2181
DNP,2006-12-20,2026-04-08,4801
DNR,2016-06-24,2021-07-19,1270
DNS,2010-04-06,2021-07-12,2812
DNT,2009-08-14,2026-04-08,2775
DNW,2016-03-16,2026-04-08,2516
DNY,2010-05-11,2021-11-16,2875
DOC,2016-12-19,2026-04-08,2322
DOGE-USD,2019-07-05,2026-04-09,2471
DOG-USD,2024-05-23,2026-04-09,687
DOP,2015-10-30,2026-04-08,2608
DOT-USD,2020-08-18,2026-04-09,2061
DP1,2018-06-12,2026-04-08,1955
DP2,2017-05-19,2026-04-08,2222
DP3,2015-07-17,2026-04-08,2682
DPC,2001-11-28,2026-04-08,6042
DPD,2021-01-20,2023-02-22,519
DPG,2017-01-12,2026-04-08,2301
DPH,2017-01-20,2026-04-08,2299
DPM,2007-11-05,2026-04-08,4590
DPP,2010-05-19,2026-04-08,3967
DPR,2007-11-30,2026-04-08,4571
DPS,2015-05-06,2026-03-05,2704
DQC,2008-02-21,2026-04-08,4520
DRC,2006-12-29,2026-04-08,4799
DRG,2019-12-11,2026-04-08,1577
DRH,2010-07-26,2026-04-08,3917
DRI,2017-05-23,2026-04-08,2220
DRL,2012-04-11,2026-04-08,3491
DS3,2017-08-21,2026-04-08,2156
DSC,2018-01-05,2026-04-08,2053
DSD,2022-05-17,2026-04-08,973
DSE,2024-07-01,2026-04-08,442
DSG,2017-08-11,2026-04-08,2162
DSH,2025-04-22,2026-04-08,240
DSN,2010-10-26,2026-04-08,3853
DSP,2018-10-17,2026-04-08,1865
DSS,2017-04-24,2021-06-10,1035
DST,2007-10-16,2026-04-08,4606
DSV,2016-12-02,2024-06-13,1880
DT4,2016-07-19,2022-07-07,1495
DTA,2010-07-16,2026-04-08,3923
DTB,2019-07-22,2025-08-05,1511
DTC,2006-12-25,2026-04-08,4776
DTD,2017-11-16,2026-04-08,2094
DTE,2020-12-31,2026-04-08,1311
DTG,2017-02-28,2026-04-08,2270
DTH,2022-04-18,2026-04-08,992
DTI,2018-01-05,2026-04-08,2059
DTK,2016-12-15,2026-04-08,2318
DTL,2010-06-04,2026-04-08,3953
DTN,2014-06-23,2020-10-20,1580
DTP,2020-06-18,2026-04-08,1450
DTT,2007-04-09,2026-04-08,4735
DTV,2010-09-14,2024-07-08,3324
DUS,2020-01-08,2026-04-08,1558
DVC,2013-12-13,2026-04-08,3071
DVD,2011-03-01,2011-09-01,129
DVG,2021-01-14,2026-04-08,1302
DVH,2011-03-01,2019-03-12,1959
DVM,2022-07-19,2026-04-08,928
DVN,2017-05-19,2026-04-08,2222
DVP,2009-12-01,2026-04-08,4077
DVW,2018-06-06,2026-04-08,1959
DWC,2021-12-22,2026-04-08,1068
DWS,2019-01-24,2026-04-08,1796
DX2,2018-07-04,2022-04-01,938
DXD,2020-05-08,2022-01-24,434
DXG,2009-12-22,2026-04-08,4062
DXL,2010-06-28,2026-04-08,3834
DXP,2005-12-26,2026-04-08,4999
DXS,2021-07-15,2026-04-08,1180
DXV,2008-02-26,2026-04-08,4517
^DXY,2010-01-04,2026-04-09,4334
DYDX-USD,2021-09-09,2026-04-09,1674
DZM,2009-06-11,2026-04-08,4194
E12,2019-12-31,2026-04-08,1563
E1SSHN30,2014-12-29,2017-08-30,666
E1VFVN30,2014-10-06,2026-04-08,2872
E29,2019-11-05,2026-04-08,1603
EAD,2016-09-30,2022-06-20,1430
EBA,2019-12-31,2021-08-31,417
EBS,2006-12-21,2026-04-08,4810
ECI,2009-06-16,2026-04-08,4198
ECO,2024-10-08,2026-04-08,373
EFI,2009-09-30,2026-04-08,4118
EGLD-USD,2022-04-29,2026-04-09,1442
EIB,2009-10-27,2026-04-08,4102
EIC,2017-02-28,2026-04-08,2277
EID,2009-08-11,2026-04-08,4158
EIGEN-USD,2024-10-01,2026-04-09,556
EIN,2017-03-16,2026-04-08,2265
ELC,2010-10-13,2026-04-08,3862
EMC,2012-11-29,2023-07-13,2647
EME,2017-07-17,2026-04-08,2181
EMG,2017-02-16,2026-04-08,2285
EMS,2018-01-05,2026-04-08,2059
ENA-USD,2024-04-02,2026-04-09,738
ENS-USD,2022-04-29,2026-04-09,1442
EOS-USD,2022-04-29,2025-08-06,1126
EPC,2018-10-03,2025-10-23,1763
EPH,2017-12-21,2025-05-26,1851
ETC-USD,2022-04-29,2026-04-09,1442
ETHFI-USD,2024-03-18,2026-04-09,753
ETH-USD,2016-03-10,2026-04-09,3683
^EURUSD,2004-08-26,2026-04-09,5618
EVE,2010-12-17,2026-04-08,3815
EVF,2018-08-07,2026-04-08,1915
EVG,2017-06-08,2026-04-08,2206
EVS,2018-08-01,2026-04-08,1911
F88,2025-08-08,2026-04-08,165
FAI-USD,2023-12-24,2026-04-09,592
FARTCOIN-USD,2024-11-13,2026-04-09,513
FBA,2011-02-18,2026-03-05,3755
FBC,2017-10-20,2026-04-08,2113
FBT,2011-03-01,2013-06-14,573
FCC,2016-05-09,2026-04-08,2481
FCM,2013-05-15,2026-04-08,3220
FCN,2012-07-24,2026-04-08,3419
FCS,2017-03-03,2026-04-08,2274
FDC,2010-01-18,2026-04-08,4044
FDG,2011-04-20,2022-07-11,2238
FDT,2011-09-12,2020-06-15,2186
FDUSD-USD,2023-07-26,2026-04-09,989
FEF-USD,2021-01-18,2026-04-08,1355
FET-USD,2022-04-29,2026-04-09,1442
FGL,2018-09-14,2026-04-08,1888
FHN,2017-12-29,2026-04-08,2063
FHS,2018-11-01,2026-04-08,1854
FIC,2018-08-02,2026-04-08,1918
FID,2015-05-20,2026-04-08,2724
FIL-USD,2022-04-29,2026-04-09,1442
FIR,2018-10-18,2026-04-08,1864
FIT,2013-07-26,2026-04-08,3164
FLC,2011-10-05,2025-12-30,3541
FLOKI-USD,2023-05-05,2026-04-09,1071
FLOW-USD,2022-04-29,2026-04-09,1442
FLR-USD,2023-04-14,2026-04-09,1092
FMC,2006-12-07,2026-04-08,4815
FOC,2018-12-10,2026-04-08,1827
FOX,2017-01-13,2026-04-08,2304
FPC,2011-03-01,2011-08-10,113
FPT,2006-12-13,2026-04-08,4811
FRC,2018-07-26,2026-04-08,1923
FRM,2017-11-24,2026-04-08,2088
FRT,2018-04-26,2026-04-08,1986
FSC,2017-06-30,2018-10-25,334
FSO,2017-02-06,2026-04-08,2293
FT1,2017-09-27,2026-04-08,2130
FTI,2017-10-27,2026-04-08,2108
FTM,2017-02-06,2026-04-08,2283
FTN-USD,2023-08-17,2025-08-29,744
FTS,2017-01-13,2026-04-08,2302
^FTSE,2013-01-02,2023-12-28,2777
FUCTVGF1,2016-12-22,2021-05-04,1086
FUCTVGF2,2018-09-26,2022-02-25,854
FUCTVGF3,2022-11-21,2026-04-08,841
FUCTVGF4,2022-11-21,2026-04-08,841
FUCVREIT,2017-02-27,2026-04-08,2276
FUEDCMID,2022-11-21,2026-04-08,841
FUEIP100,2021-10-13,2026-04-08,850
FUEKIV30,2022-11-21,2026-04-08,841
FUEKIVFS,2022-11-21,2026-04-08,841
FUEKIVND,2024-04-24,2026-04-08,487
FUEMAV30,2020-12-08,2026-04-08,1328
FUESSV30,2020-08-18,2026-04-08,1407
FUESSV50,2014-12-29,2026-04-08,2775
FUESSVFL,2020-03-18,2026-04-08,1513
FUETCC50,2025-03-11,2026-04-08,269
FUEVFVND,2020-05-12,2026-04-08,1477
FUEVN100,2020-07-21,2026-04-08,1427
G20,2015-03-09,2026-04-08,2763
G36,2016-12-26,2026-04-08,2317
GAB,2019-07-11,2025-12-30,1613
GALA-USD,2022-04-29,2026-04-09,1442
GAS,2012-05-21,2026-04-08,3465
GAS-USD,1990-04-03,2026-04-09,9309
GB05F2112,2021-09-28,2021-10-25,17
GB05F2203,2021-09-28,2021-10-25,17
GB05F2206,2021-09-28,2021-10-25,17
GB10F2112,2021-09-28,2021-10-25,17
GB10F2203,2021-09-28,2021-10-25,17
GB10F2206,2021-09-28,2021-10-25,17
GBS,2011-03-01,2013-10-22,664
GCB,2016-12-28,2026-04-08,2315
GCF,2022-12-21,2026-04-08,819
GDA,2023-09-07,2026-04-08,644
GDT,2009-11-17,2026-04-08,4087
GDW,2010-06-16,2026-04-08,3942
GE2,2021-05-07,2022-12-28,416
GEE,2022-03-08,2026-04-08,1002
GEG,2017-03-21,2026-04-08,2256
GEL,2026-02-06,2026-04-08,39
GER,2010-06-03,2026-04-08,3780
GEX,2015-10-26,2026-04-08,2607
GFC,2011-04-21,2013-07-18,562
GGG,2009-10-12,2026-04-08,4055
GGS,2016-12-08,2020-07-01,889
GH3,2021-08-04,2026-04-08,1166
GHA,2011-03-01,2011-08-23,122
GHC,2011-04-26,2026-04-08,3725
GIC,2020-11-06,2026-04-08,1350
GIGA-USD,2024-12-11,2026-04-09,485
GIL,2002-01-02,2026-04-08,6032
GKM,2017-07-17,2026-04-08,2181
GLC,2019-01-09,2026-04-08,1807
GLT,2009-11-26,2026-04-08,4082
GLW,2018-01-08,2026-04-08,2058
GMA,2020-12-01,2026-04-08,1333
GMC,2006-12-22,2026-04-08,4797
GMD,2002-04-22,2026-04-08,5974
GMH,2022-01-12,2026-04-08,1054
GMX,2011-09-15,2026-04-08,3635
GND,2017-02-21,2026-04-08,2282
GNO-USD,2022-04-29,2026-04-09,1442
GOLD-USD,1983-01-21,2026-04-09,10826
^GOOGL,2014-07-29,2026-04-08,2941
GPC,2023-01-06,2026-04-08,808
GQN,2020-01-09,2022-04-01,556
GRASS-USD,2024-10-28,2026-04-09,529
GRIFFAIN-USD,2024-12-12,2025-11-28,352
GRT-USD,2022-04-29,2026-04-09,1442
GSM,2015-04-08,2026-04-08,2750
GSP,2012-03-09,2026-04-08,3513
GTA,2007-07-23,2026-04-08,4664
GTC,2015-01-29,2020-02-11,1251
GTD,2016-12-16,2026-04-08,2323
GTH,2009-10-29,2023-04-05,3351
GTK,2020-01-08,2022-04-01,557
GTN,2014-10-03,2022-03-07,1853
GTS,2016-10-21,2026-04-08,2363
GTT,2010-06-30,2026-04-08,3931
GT-USD,2022-04-28,2026-04-08,1442
GVR,2018-03-21,2026-04-08,2005
GVT,2017-01-12,2026-04-08,2305
H11,2011-04-28,2026-04-08,3732
HAB,2018-01-05,2022-04-01,1058
HAC,2006-12-15,2026-04-08,4584
HAD,2009-10-27,2026-04-08,4104
HAF,2017-07-24,2026-04-08,2176
HAG,2008-12-22,2026-04-08,4313
HAH,2015-03-11,2026-04-08,2768
HAI,2006-12-27,2025-12-30,4723
HAM,2017-08-21,2026-04-08,2156
HAN,2016-10-20,2026-04-08,2364
HAP,2001-09-10,2026-04-08,6071
HAR,2013-01-17,2026-04-08,3295
HAS,2002-12-19,2026-04-08,5805
HAT,2010-10-29,2026-04-08,3852
HAV,2017-11-30,2026-04-08,2084
HAW,2020-07-02,2022-04-01,439
HAX,2006-12-26,2026-04-08,4802
HBAR-USD,2019-09-29,2026-04-09,2385
HBB,2011-03-01,2012-08-16,369
HBC,2006-12-27,2026-04-08,4793
HBD,2006-12-29,2026-04-08,4731
HBE,2011-03-01,2021-08-09,2609
HBH,2017-08-10,2026-04-08,2163
HBI,2016-03-28,2017-11-10,411
HBS,2010-07-16,2026-04-08,3925
HBW,2018-07-18,2021-06-03,720
HC1,2020-01-06,2026-04-08,1560
HC3,2017-07-11,2026-04-08,2185
HCB,2019-12-18,2025-06-25,1376
HCC,2007-12-24,2026-04-08,4560
HCD,2016-07-04,2026-04-08,2439
HCI,2010-09-17,2026-04-08,3837
HCM,2009-05-19,2026-04-08,4216
HCS,2017-04-21,2021-06-17,1041
HCT,2007-11-27,2026-04-08,4578
HC-USD,2020-12-10,2025-10-30,1233
HD2,2016-05-16,2026-04-08,2476
HD3,2019-06-14,2019-10-04,80
HD6,2020-11-23,2026-04-08,1339
HD8,2019-03-15,2026-04-08,1765
HDA,2010-12-27,2026-04-08,3811
HDB,2018-01-05,2026-04-08,2057
HDC,2007-10-08,2026-04-08,4610
HDG,2010-02-02,2026-04-08,4033
HDM,2010-01-21,2026-04-08,4042
HDO,2009-11-11,2025-10-29,3975
HDP,2017-03-16,2026-04-08,2265
HDS,2024-04-24,2025-07-02,296
HDW,2017-11-03,2026-04-08,2103
HEC,2016-12-21,2026-04-08,2320
HEJ,2017-07-14,2026-04-08,2182
HEM,2017-01-03,2024-05-16,1839
HEP,2017-12-15,2026-04-08,2073
HES,2016-12-07,2026-04-08,2330
HEV,2007-12-11,2026-04-08,4569
HFB,2017-03-30,2026-04-08,2255
HFC,2010-03-01,2026-04-08,4020
HFS,2018-01-15,2021-08-24,902
HFT,2018-01-18,2020-07-06,613
HFX,2011-11-10,2026-04-08,3595
HGA,2020-02-07,2022-04-01,540
HGC,2020-03-11,2022-04-01,517
HGM,2009-12-21,2026-04-08,4065
HGR,2020-07-02,2022-04-01,439
HGT,2020-10-15,2026-04-08,1366
HGW,2017-01-11,2024-07-22,1880
HHA,2015-05-25,2019-10-31,1111
HHB,2025-10-27,2026-04-08,111
HHC,2007-11-20,2026-04-08,4584
HHG,2010-07-28,2026-04-08,3910
HHL,2011-03-01,2014-05-07,793
HHN,2016-12-16,2026-04-08,2323
HHP,2018-08-08,2026-04-08,1906
HHR,2017-02-17,2024-06-27,1841
HHS,2012-02-15,2026-04-08,3530
HHV,2015-12-18,2026-04-08,2564
HID,2016-07-11,2026-04-08,2434
HIG,2009-06-29,2025-08-21,4028
HII,2017-06-22,2026-04-08,2196
HIO,2023-10-24,2026-04-08,611
HIZ,2018-07-27,2021-12-31,862
HJC,2015-10-14,2026-04-08,2620
HJS,2006-12-20,2026-04-08,4811
HKB,2015-04-08,2026-04-08,2744
HKC,2020-05-22,2021-12-15,397
HKP,2016-04-08,2023-06-13,1796
HKT,2017-01-12,2026-04-08,2305
HLA,2008-10-30,2026-04-08,4324
HLB,2017-02-08,2026-04-08,2291
HLC,2009-03-05,2026-04-08,4268
HLD,2013-03-26,2026-04-08,3254
HLE,2017-11-14,2022-06-29,1155
HLG,2009-09-09,2023-07-12,3447
HLO,2025-05-09,2026-04-08,230
HLR,2016-11-28,2024-07-01,1896
HLS,2017-10-16,2026-04-08,2117
HLT,2019-12-27,2026-04-08,1565
HLY,2006-12-25,2026-04-08,4802
HMC,2006-12-21,2026-04-08,4805
HMD,2025-01-23,2026-04-08,297
HMG,2016-09-09,2026-04-08,2393
HMH,2010-07-28,2026-04-08,3917
HMR,2022-01-13,2026-04-08,1053
HMS,2017-06-05,2026-04-08,2211
HNA,2017-10-05,2026-04-08,2114
HNB,2015-10-22,2026-04-08,2614
HND,2016-10-05,2026-04-08,2375
HNE,2020-02-13,2022-04-01,536
HNF,2015-11-03,2026-04-08,2606
HNG,2015-07-20,2026-04-08,2671
HNI,2017-12-12,2026-04-08,2076
HNM,2006-12-27,2026-04-08,4801
HNP,2016-12-20,2026-04-08,2321
HNR,2018-06-08,2026-04-08,1957
HNT,2016-11-30,2022-07-07,1399
HNT-USD,2023-07-12,2026-04-09,1003
HOM,2009-07-09,2026-04-08,4181
HOT,2011-07-21,2026-04-08,3664
HOT-USD,2022-04-29,2026-04-09,1442
HPA,2026-02-06,2026-04-08,39
HPB,2010-04-29,2026-04-08,3916
HPC,2011-03-01,2015-11-16,1176
HPD,2015-06-11,2026-04-08,2708
HPG,2007-11-15,2026-04-08,4582
HPH,2017-12-28,2026-04-08,2064
HPI,2017-10-05,2026-04-08,2124
HPL,2011-03-01,2014-06-09,775
HPM,2016-01-18,2026-04-08,2541
HPO,2025-10-22,2026-04-08,114
HPP,2010-08-05,2026-04-08,3911
HPR,2011-05-12,2013-05-02,494
HPS,2011-03-01,2016-05-27,1306
HPT,2010-06-17,2026-04-08,3946
HPU,2018-01-08,2021-06-03,849
HPW,2016-11-21,2026-04-08,2342
HPX,2018-07-24,2026-04-08,1925
HQC,2010-10-20,2026-04-08,3857
HRB,2017-11-06,2026-04-08,2102
HRC,2006-12-26,2026-04-08,4802
HRG,2016-10-12,2019-02-28,595
HRT,2016-09-15,2024-10-30,2033
HSA,2017-01-23,2026-04-08,2298
HSG,2008-12-05,2026-04-08,4324
^HSI,1986-12-31,2026-04-08,9717
HSI,2007-12-21,2026-04-08,4550
HSL,2018-05-10,2026-04-08,1978
HSM,2018-04-19,2026-04-08,1990
HSP,2020-03-30,2026-04-08,1505
HST,2011-03-01,2020-02-07,2232
HSV,2021-04-27,2026-04-08,1235
HT1,2007-11-13,2026-04-08,4584
HTB,2011-03-01,2014-07-07,836
HTC,2010-05-07,2026-04-08,3975
HTE,2017-07-24,2026-04-08,2176
HTG,2017-06-14,2026-04-08,2197
HTH,2021-07-23,2022-11-01,320
HTI,2010-12-20,2026-04-08,3814
HTK,2018-09-12,2022-04-01,889
HTL,2011-01-10,2026-04-08,3800
HTM,2018-05-04,2026-04-08,1982
HTN,2018-11-12,2026-04-08,1847
HTP,2006-12-14,2026-04-08,4803
HTR,2017-02-22,2023-08-03,1615
HTT,2017-07-05,2026-04-08,2181
HTU,2016-12-02,2021-09-14,1195
HTV,2006-01-05,2026-04-08,5046
HTW,2016-12-14,2023-07-05,1638
HU1,2010-05-25,2026-04-08,3941
HU3,2011-03-18,2026-04-08,3756
HU4,2016-01-29,2026-04-08,2544
HU6,2015-11-19,2026-04-08,2594
HUB,2019-02-26,2026-04-08,1778
HUG,2017-12-18,2026-04-08,2072
HUT,2008-04-11,2026-04-08,4486
HUX,2020-09-04,2022-04-01,394
HVA,2015-07-30,2026-04-08,2668
HVC,2011-04-04,2012-05-30,289
HVG,2009-11-25,2026-01-08,4016
HVH,2018-11-30,2026-04-08,1833
HVN,2017-01-03,2026-04-08,2305
HVT,2009-05-08,2026-04-08,4225
HVX,2010-09-28,2026-04-08,3863
HWS,2018-07-27,2026-04-08,1922
HYPE-USD,2024-12-18,2026-04-09,478
I10,2016-04-07,2022-01-27,1458
I40,2011-03-15,2014-02-12,686
IBC,2016-10-25,2025-12-19,2277
IBD,2019-05-24,2026-04-08,1719
IBN,2021-05-17,2022-12-13,399
ICC,2016-06-01,2026-04-08,2464
ICF,2006-12-18,2026-04-08,4763
ICG,2009-04-21,2026-04-08,4236
ICI,2010-07-06,2026-04-08,3933
ICN,2015-06-12,2026-04-08,2707
ICP-USD,2022-04-29,2026-04-09,1442
ICT,2020-01-15,2026-04-08,1553
IDC,2017-11-24,2026-04-08,2082
IDI,2011-06-30,2026-04-08,3687
IDJ,2010-09-13,2026-04-08,3886
IDN,2018-01-12,2019-07-18,375
IDP,2021-01-07,2026-04-08,1307
IDV,2010-06-01,2026-04-08,3958
^IDX,2022-08-05,2023-11-14,322
IFC,2016-03-22,2021-10-07,1391
IFS,2006-10-17,2026-04-08,3969
IHK,2010-03-04,2026-04-08,4017
IJC,2010-04-19,2026-04-08,3984
IKH,2018-01-08,2021-07-13,877
ILA,2017-11-28,2026-04-08,2086
ILB,2019-05-15,2026-04-08,1726
ILC,2005-12-26,2026-04-08,3964
ILS,2018-03-19,2026-04-08,2013
IME,2009-12-02,2026-04-08,4051
IMP,2006-12-04,2026-04-08,4818
IMT,2011-03-01,2012-02-28,250
IMX-USD,2022-04-29,2026-04-09,1442
IN4,2010-05-19,2026-04-08,3965
INC,2011-07-14,2026-04-08,3679
ING,2024-07-31,2025-11-21,329
INJ-USD,2022-04-29,2026-04-09,1442
INN,2010-01-22,2026-04-08,4042
IOTA-USD,2022-04-29,2026-04-09,1442
IO-USD,2024-06-11,2026-04-09,668
IPA,2016-06-17,2026-04-08,2447
IPH,2019-07-03,2022-04-01,690
IRC,2018-01-22,2026-04-08,2048
ISG,2015-09-22,2026-04-08,2636
ISH,2015-06-29,2026-04-08,2696
IST,2017-01-05,2026-04-08,2310
ITA,2006-11-15,2026-04-08,4825
ITC,2009-10-19,2026-04-08,4108
ITD,2009-12-04,2026-04-08,4074
ITQ,2012-10-01,2026-04-08,3373
ITS,2015-12-18,2026-04-08,2573
IVS,2011-08-01,2026-04-08,3667
^IXIC,1973-06-01,2026-04-08,13325
JASMY-USD,2022-04-29,2026-04-09,1442
^JKSE,2010-01-04,2026-04-08,3959
JOS,2017-07-28,2026-04-08,2172
JSC,2011-04-04,2016-04-27,1216
JST-USD,2022-04-29,2026-04-09,1442
JTO-USD,2023-12-07,2026-04-09,855
JUP-USD,2024-01-31,2026-04-09,800
JVC,2011-06-21,2026-04-08,3694
KAC,2010-10-27,2025-09-11,3703
KAIA-USD,2024-10-31,2026-04-09,526
KAS-USD,2023-09-07,2026-04-09,946
KAVA-USD,2022-04-29,2026-04-09,1442
KBC,2007-12-18,2026-04-08,4555
KBE,2011-04-04,2021-08-19,2548
KBT,2011-03-01,2013-11-28,691
^KC1!,2021-04-12,2026-04-08,1255
KCB,2015-12-01,2026-04-08,2586
KCE,2011-02-09,2025-06-30,3566
KCS-USD,2023-11-30,2026-04-09,862
KDC,2005-12-12,2026-04-08,5063
KDF,2017-09-28,2020-12-10,804
KDH,2010-02-01,2026-04-08,4034
KDM,2016-03-29,2026-04-08,2507
KGM,2017-09-21,2026-04-08,2134
KGU,2017-06-26,2019-07-18,517
KHA,2002-08-19,2023-06-14,5154
KHB,2010-05-19,2022-08-30,3062
KHD,2016-12-22,2026-04-08,2319
KHG,2021-07-19,2026-04-08,1175
KHL,2012-02-21,2026-03-05,3499
KHP,2005-07-14,2026-04-08,5022
KHS,2017-12-26,2026-04-08,2066
KHW,2017-02-20,2026-04-08,2283
KHX,2026-01-15,2026-04-08,55
KIP,2016-04-12,2026-04-08,2497
KKC,2008-08-21,2026-04-08,4399
KLB,2017-06-29,2026-04-08,2187
KLF,2013-09-23,2025-12-30,3058
KLM,2019-12-30,2024-06-13,1111
KLS,2011-03-01,2016-07-20,1344
KMR,2008-06-30,2026-04-08,4436
KMT,2009-08-10,2026-04-08,4145
KOS,2017-12-08,2026-04-08,2073
^KOSDAQ,2022-07-26,2023-11-14,322
KPF,2016-03-02,2026-04-08,2515
^KQ11,2010-01-04,2026-04-09,4007
KSA,2011-03-01,2018-08-01,1852
KSB,2010-01-20,2026-04-08,4042
KSC,2011-04-04,2017-11-30,1620
KSD,2010-04-28,2026-04-08,3980
KSE,2017-08-11,2021-06-22,966
KSF,2021-10-07,2026-04-08,1122
KSH,2008-11-12,2026-01-21,4281
KSK,2014-02-19,2022-02-18,1995
KSM-USD,2022-04-29,2026-04-09,1442
KSQ,2013-07-26,2026-04-08,3161
KSS,2011-03-01,2016-08-11,1360
KST,2010-12-29,2026-04-08,3809
KSV,2016-07-28,2026-04-08,2416
KTB,2011-03-01,2021-06-15,2563
KTC,2018-06-22,2026-04-08,1947
KTL,2015-01-14,2026-04-08,2804
KTS,2010-12-31,2026-04-08,3807
KTT,2010-10-28,2026-04-08,3844
KTU,2018-02-21,2020-10-29,676
KTW,2024-01-08,2025-01-23,262
KVC,2015-04-14,2026-04-08,2739
KWA,2025-01-02,2026-01-13,256
L10,2007-12-25,2026-04-08,4554
L12,2017-01-03,2026-04-08,2312
L14,2011-09-13,2026-04-08,3637
L18,2008-04-23,2026-04-08,4483
L35,2010-03-25,2026-04-08,3995
L40,2021-01-27,2026-04-08,1293
L43,2008-06-11,2026-04-08,4442
L44,2009-12-21,2026-02-04,4020
L45,2016-10-20,2026-04-08,2364
L61,2008-11-19,2026-04-08,4329
L62,2008-04-21,2026-04-08,4476
L63,2016-10-06,2026-04-08,2374
LAF,2000-12-15,2026-04-08,6154
LAI,2015-08-10,2026-04-08,2666
LAS,2012-03-01,2026-04-08,3521
LAW,2015-12-21,2026-04-08,2572
LBC,2017-08-16,2024-10-02,1783
LBE,2008-02-22,2026-04-08,4521
LBM,2006-12-20,2026-04-08,4806
LBTC-USD,2022-04-29,2026-04-09,1438
LCC,2010-05-06,2026-04-08,3976
LCD,2010-11-15,2026-04-08,3841
LCG,2008-11-18,2026-04-08,4337
LCM,2011-09-16,2026-04-08,3625
LCS,2010-07-06,2025-12-25,3858
LCW,2016-11-30,2023-06-05,1626
LDG,2015-08-12,2026-04-08,2662
LDO-USD,2022-05-09,2026-04-09,1432
LDP,2010-07-20,2026-04-08,3923
LDW,2018-03-16,2026-04-08,2014
LEC,2017-06-14,2026-04-08,2195
LEO-USD,2022-04-29,2026-04-09,1442
LG9,2017-12-18,2026-04-08,2072
LGC,2006-12-27,2026-04-08,4799
LGL,2009-10-08,2026-04-08,4115
LGM,2019-12-18,2025-09-04,1425
LHC,2010-01-13,2026-04-08,4049
LHG,2010-03-23,2026-04-08,4003
LIC,2017-06-05,2026-04-08,2211
LIG,2010-04-22,2026-04-08,3983
LINK-USD,2019-01-16,2026-04-09,2641
LIX,2009-12-10,2026-04-08,4070
LKW,2012-07-04,2026-04-08,3435
LLM,2017-08-16,2026-04-08,2159
LM3,2009-12-01,2026-04-08,4068
LM7,2010-10-28,2026-04-08,3845
LM8,2010-11-15,2026-04-08,3839
LMC,2017-09-21,2026-04-08,2134
LMH,2018-10-12,2026-04-08,1862
LMI,2017-07-20,2026-04-08,2178
LNC,2019-07-04,2026-04-08,1690
LO5,2009-12-21,2026-04-08,4059
LPB,2017-10-05,2026-04-08,2114
LPT,2021-04-08,2026-04-08,1247
LPT-USD,2022-04-29,2026-04-09,1442
LQN,2016-11-01,2026-04-08,2356
LSETH-USD,2023-03-07,2026-04-09,1128
LSG,2022-05-12,2026-04-08,976
LSS,2008-01-09,2026-04-08,4545
LTC,2006-12-14,2026-04-08,4807
LTC-USD,2017-12-13,2026-04-09,3040
LTG,2017-07-24,2026-04-08,2176
LUNC-USD,2022-09-09,2026-04-09,1309
LUT,2008-01-04,2023-06-20,3852
LWS,2017-12-22,2023-06-01,1357
LYF,2021-05-19,2022-12-13,397
M10,2018-01-10,2026-04-08,2056
MA1,2020-06-29,2026-04-08,1443
MAC,2009-12-24,2026-04-08,4062
MAFPF1,2011-03-01,2014-08-20,868
MANA-USD,2022-04-29,2026-04-09,1442
MAS,2009-09-09,2026-04-08,4131
MATIC-USD,2019-04-26,2025-01-23,2087
MAX,2011-03-01,2015-06-26,1073
MBB,2011-11-01,2026-04-08,3600
MBG,2015-11-26,2026-04-08,2589
MBN,2018-10-03,2026-04-08,1875
MBS,2016-03-28,2026-04-08,2508
MBT,2025-06-06,2026-04-08,210
MC3,2017-06-14,2022-07-11,1271
MCC,2010-04-26,2026-04-08,3982
MCD,2022-10-21,2023-12-04,281
MCF,2011-02-14,2026-04-08,3783
MCG,2009-09-24,2026-04-08,4118
MCH,2017-01-05,2026-04-08,2305
MCI,2015-09-08,2023-08-14,1987
MCL,2011-03-01,2013-10-22,664
MCM,2020-12-18,2026-04-08,1313
MCO,2006-12-21,2026-04-08,4808
MCP,2006-12-28,2026-04-08,4797
MCT,2017-01-04,2022-01-27,1269
MCV,2011-03-01,2012-05-10,299
MDA,2018-01-10,2026-04-08,2056
MDC,2009-07-23,2026-04-08,4171
MDF,2011-02-25,2026-04-08,3774
MDG,2011-01-12,2026-04-08,3798
MDN,2018-11-16,2021-03-01,569
MDT,2019-12-31,2021-02-05,278
MEC,2006-12-14,2026-04-08,4808
MED,2020-03-18,2026-04-08,1513
MEF,2011-11-30,2026-04-08,3581
MEG,2019-09-09,2022-06-16,694
MEL,2017-09-27,2026-04-08,2130
MELANIA-USD,2025-01-19,2025-11-07,293
MEOW-USD,2023-11-22,2025-08-12,568
MES,2016-12-12,2026-04-08,2327
^META,2014-07-29,2026-04-08,2941
METH-USD,2023-12-08,2026-04-08,853
MEW-USD,2024-04-15,2026-04-09,725
MFS,2019-04-16,2026-04-08,1744
MGC,2016-06-09,2026-04-08,2458
MGG,2017-11-06,2026-04-08,2102
MGR,2022-04-28,2026-04-08,984
MH3,2017-03-06,2026-04-08,2273
MHC,2005-03-21,2026-04-08,5250
MHL,2009-11-26,2026-04-08,4075
MHP,2020-11-06,2021-11-25,264
MHY,2019-06-10,2021-10-20,596
MIC,2007-12-21,2026-04-08,4409
MIE,2017-12-15,2026-04-08,2073
MIG,2017-05-05,2026-04-08,2226
MIH,2011-03-01,2013-07-30,605
MIM,2010-08-16,2026-01-15,3842
MINA-USD,2022-04-29,2026-04-09,1442
MKP,2010-06-02,2026-04-08,2571
MKR-USD,2022-04-29,2025-09-15,1236
MKT,2015-12-11,2017-08-24,426
MKV,2008-11-21,2026-04-08,4336
MLC,2017-05-23,2026-04-08,2220
MLN,2017-08-25,2018-06-28,210
MLS,2016-12-28,2026-04-08,2310
MMC,2011-03-01,2018-06-27,1728
MML,2019-12-09,2026-04-08,1579
MNB,2018-04-24,2026-04-08,1987
MNC,2011-03-01,2018-06-28,1830
MND,2017-08-11,2026-04-08,2162
MNT-USD,2023-07-17,2026-04-09,998
MOG-USD,2024-12-05,2026-04-09,491
MORPHO-USD,2024-11-21,2026-04-09,505
MOVE-USD,2024-12-09,2026-04-09,487
MPC,2006-12-27,2026-04-08,4153
MPT,2016-01-15,2026-04-08,2548
MPY,2017-05-15,2026-04-08,2226
MQB,2017-11-08,2026-04-08,2100
MQN,2018-06-22,2026-04-08,1947
MRF,2017-12-12,2026-04-08,2076
MSB,2020-12-23,2026-04-08,1317
MSC,2017-02-08,2020-08-07,878
^MSFT,2014-07-29,2026-04-08,2941
MSH,2018-11-28,2026-04-08,1835
MSN,2009-11-05,2026-04-08,4095
MSOL-USD,2022-11-03,2026-04-09,1254
MSR,2015-09-17,2026-04-08,2639
MST,2016-05-10,2026-04-08,2480
MTA,2015-10-21,2026-04-08,2615
MTB,2020-12-10,2026-04-08,1326
MTC,2012-08-17,2025-06-25,3206
MTG,2009-01-15,2026-04-08,4284
MTH,2011-02-10,2026-04-08,3752
MTL,2016-05-10,2026-04-08,2480
MTM,2016-04-15,2021-10-25,1385
MTP,2010-09-23,2026-04-08,3843
MTS,2017-04-28,2026-04-08,2235
MTV,2017-08-16,2026-04-08,2159
MTX,2024-09-23,2025-09-19,248
^MU,2021-04-08,2026-04-08,1256
MVB,2016-10-14,2026-04-08,2361
MVC,2017-03-22,2026-04-08,2261
MVN,2018-10-08,2026-04-08,1872
MVY,2017-01-25,2021-07-14,1116
MWG,2014-07-14,2026-04-08,2930
MXC,2020-12-10,2022-04-01,325
MX-USD,2022-04-29,2026-04-09,1442
MZG,2024-11-12,2026-04-08,348
^N225,1982-07-05,2026-04-09,10807
NAB,2020-10-09,2026-04-08,1364
NAC,2017-03-21,2026-04-08,2262
NAF,2015-10-07,2026-04-08,2623
NAG,2009-09-22,2026-04-08,4129
NAP,2016-07-19,2026-04-08,2426
NAS,2017-01-25,2026-04-08,2296
NAU,2018-06-29,2026-04-08,1942
NAV,2006-12-22,2026-04-08,4803
NAW,2017-08-04,2026-04-08,2167
NBB,2009-02-18,2026-04-08,4277
NBC,2006-12-27,2026-04-08,4776
NBE,2017-08-21,2026-04-08,2156
NBP,2009-08-06,2026-04-08,4161
NBR,2016-08-19,2021-07-19,1230
NBS,2012-11-19,2017-07-06,1105
NBT,2016-06-01,2026-04-08,2464
NBW,2010-05-05,2026-04-08,3973
NCF-USD,2021-01-18,2025-06-27,1148
NCG,2023-11-09,2026-04-08,599
NCP,2017-09-25,2021-12-24,1067
NCS,2015-12-02,2026-04-08,2585
NCT,2015-01-08,2026-04-08,2806
ND2,2010-07-22,2026-04-08,3921
NDC,2010-03-16,2026-04-08,4004
NDF,2014-09-12,2026-04-08,2885
NDN,2011-04-21,2026-04-08,3737
NDP,2015-11-20,2026-04-08,2593
NDT,2018-09-11,2026-04-08,1891
NDW,2019-06-11,2026-04-08,1707
NDX,2013-07-17,2026-04-08,3177
NEAR-USD,2020-10-14,2026-04-09,2004
NED,2017-08-18,2026-04-08,2157
NEM,2024-01-05,2025-09-17,421
NEO-USD,2022-04-29,2026-04-09,1442
NET,2010-09-15,2026-04-08,3884
NEXO-USD,2022-04-29,2026-04-09,1442
NFC,2014-03-03,2026-04-08,3023
^NFLX,2014-07-29,2026-04-08,2941
NFT-USD,2022-04-29,2026-04-09,1442
NGC,2008-03-06,2026-04-08,4507
NHA,2010-07-13,2026-04-08,3922
NHC,2005-12-16,2026-04-08,5055
NHH,2017-09-08,2026-04-08,2138
NHN,2011-11-10,2017-07-13,1367
NHP,2015-03-11,2026-03-24,2753
NHS,2011-03-01,2015-10-27,1162
NHT,2017-12-01,2026-04-08,2075
NHV,2017-06-14,2026-04-08,2204
NHW,2011-03-01,2015-02-24,992
NIS,2011-03-01,2014-03-17,760
NJC,2020-12-23,2026-04-08,1317
NKG,2011-01-14,2026-04-08,3796
NLC,2011-03-01,2014-11-26,936
NLG,2013-04-08,2026-04-08,3243
NLS,2016-07-29,2026-04-08,2422
NMK,2015-03-05,2021-07-19,1596
NNB,2016-10-20,2021-11-09,1266
NNC,2010-06-23,2026-04-08,3940
NNG,2015-03-31,2023-07-24,2082
NNQ,2020-02-20,2022-04-01,531
NNT,2012-06-22,2026-04-08,3443
NO1,2022-11-28,2026-04-08,836
NOS,2011-01-11,2026-04-08,3801
NOT-USD,2024-05-16,2026-04-09,694
NPH,2015-11-16,2019-11-27,1010
NPS,2011-03-01,2020-04-22,2278
NQB,2015-07-16,2026-04-08,2683
NQN,2018-06-15,2026-04-08,1952
NQT,2016-12-09,2025-07-01,2136
NRC,2018-04-05,2026-04-08,2000
NS2,2016-11-30,2026-02-12,2301
NS3,2016-12-26,2022-06-28,1375
NSC,2006-12-21,2026-04-08,4797
^NSEI,2010-01-04,2026-04-08,4034
NSG,2016-05-19,2026-04-08,2473
NSH,2017-07-31,2026-04-08,2171
NSL,2019-07-22,2026-04-08,1678
NSN,2011-03-01,2014-07-07,836
NSP,2011-03-01,2014-07-14,800
NSS,2018-10-30,2026-04-08,1856
NST,2006-12-29,2026-04-08,4804
NT2,2010-01-22,2026-04-08,4032
NTB,2010-05-17,2026-03-24,3833
NTC,2016-12-19,2026-04-08,2314
NTF,2019-07-04,2026-04-08,1690
NTH,2019-06-19,2026-04-08,1701
NTL,2007-12-21,2026-04-08,4556
NTP,2006-12-11,2026-04-08,4818
NTR,2016-11-10,2021-07-19,1172
NTT,2017-12-27,2026-04-08,2065
NTW,2012-04-09,2026-04-08,3495
NUE,2017-02-20,2026-04-08,2283
NVB,2010-09-13,2026-04-08,3886
NVC,2011-03-01,2014-05-23,805
^NVDA,2014-07-29,2026-04-08,2941
NVL,2016-12-28,2026-04-08,2313
NVN,2011-03-01,2015-05-04,1037
NVP,2016-12-15,2026-04-08,2324
NVT,2010-05-07,2026-04-08,3973
NWT,2016-03-30,2026-04-08,2506
NXT,2021-12-09,2026-04-08,1077
OCB,2021-01-28,2026-04-08,1292
OCH,2010-10-01,2026-04-08,3872
ODE,2022-01-10,2026-04-08,1056
OGC,2010-05-04,2026-04-08,3976
OIL,2018-03-07,2026-04-08,2021
OKB-USD,2022-04-29,2026-04-09,1442
OM-USD,2022-04-29,2026-03-02,1404
ONDO-USD,2024-01-22,2026-04-09,809
ONE,2008-06-25,2026-04-08,4441
ONW,2017-02-17,2026-04-08,2284
OPC,2008-10-30,2026-04-08,4350
OP-USD,2022-06-01,2026-04-09,1409
^ORCL,2018-02-27,2026-04-08,2039
ORDI-USD,2023-11-07,2026-04-09,885
ORS,2010-07-12,2026-04-08,3920
PAC,2006-12-12,2026-04-08,4811
PAI,2017-01-23,2026-04-08,2298
PAN,2006-12-22,2026-04-08,4787
PAP,2021-07-14,2026-04-08,1181
PAS,2020-09-21,2026-04-08,1384
PAT,2022-06-17,2026-04-08,950
PAXG-USD,2022-04-29,2026-04-09,1442
PBC,2019-11-26,2026-04-08,1588
PBK,2017-11-20,2020-12-14,769
PBP,2015-01-27,2026-04-08,2795
PBT,2019-01-18,2026-04-08,1800
PC1,2016-11-16,2026-04-08,2343
PCC,2017-11-14,2026-04-08,2096
PCE,2015-07-23,2026-04-08,2678
PCF,2017-03-29,2026-04-08,2256
PCG,2010-12-29,2026-04-08,3800
PCH,2022-07-28,2026-04-08,921
PCM,2017-08-10,2026-04-08,2163
PCN,2015-12-18,2024-12-20,2248
PCT,2010-08-05,2026-04-08,3905
PDB,2015-08-03,2026-04-08,2671
PDC,2009-09-29,2026-04-08,4118
PDN,2010-06-04,2026-04-08,3889
pDOTn-USD,2021-02-08,2023-02-11,734
PDR,2010-07-30,2026-04-08,3913
PDT,2018-11-22,2022-04-01,838
PDV,2017-04-20,2026-04-08,2232
PEC,2010-10-06,2026-01-22,3790
PEG,2018-11-05,2026-04-08,1852
PEN,2014-09-25,2026-04-08,2881
PENDLE-USD,2023-07-03,2026-04-09,1012
PENGU-USD,2024-12-17,2026-04-09,479
PEPE-USD,2023-05-05,2026-04-09,1071
PEQ,2016-01-18,2026-04-08,2553
PET,2007-09-12,2026-04-08,4628
PFL,2010-11-17,2026-04-08,3822
PFV,2011-03-01,2013-12-02,652
PGB,2020-12-24,2026-04-08,1316
PGC,2006-11-24,2026-04-08,4824
PGD,2009-11-26,2026-04-08,4080
PGI,2011-07-29,2026-04-08,3666
PGN,2019-07-04,2026-04-08,1690
PGS,2007-11-15,2026-04-08,4587
PGT,2009-12-25,2026-04-08,4061
PGV,2018-03-21,2026-04-08,2003
PHC,2009-11-05,2026-04-08,4091
PHH,2010-03-17,2026-04-08,3994
PHN,2019-03-13,2026-04-08,1767
PHP,2015-08-12,2026-04-08,2656
PHR,2009-08-18,2026-04-08,4151
PHS,2010-06-09,2026-04-08,2571
PHT,2011-03-01,2013-01-23,480
PIA,2017-02-22,2026-04-08,2277
PIC,2015-08-05,2026-04-08,2664
PID,2012-11-22,2026-04-08,3313
PIS,2016-01-12,2026-04-08,2557
PIT,2008-01-24,2026-04-08,4534
PIV,2010-08-18,2026-04-08,3897
PJC,2006-12-25,2026-04-08,4807
PJS,2011-12-05,2026-04-08,3578
PJT,2006-12-28,2026-04-08,4800
PKR,2017-01-06,2021-08-11,1148
PLA,2017-11-20,2026-04-08,2092
PLC,2006-12-27,2026-04-08,4775
PLE,2021-01-07,2026-04-08,1307
PLO,2020-04-10,2026-04-08,1497
PLP,2017-08-21,2026-04-08,2154
PLUME-USD,2025-01-19,2026-04-09,446
PL-USD,1985-06-18,2026-04-09,10271
PLX,2017-04-21,2026-04-08,2238
PMB,2015-10-07,2026-04-08,2625
PMC,2009-10-09,2026-04-08,4116
PME,2017-11-08,2021-12-03,1018
PMG,2018-01-25,2026-04-08,2045
PMJ,2016-06-29,2026-04-08,2444
PMP,2015-09-22,2026-04-08,2636
PMS,2003-11-04,2026-04-08,5557
PMT,2010-07-22,2026-04-08,3921
PMW,2019-07-17,2026-04-08,1681
PNC,2005-07-11,2026-04-08,5171
PND,2017-02-20,2026-04-08,2283
PNG,2016-04-05,2026-04-08,2502
PNJ,2009-03-23,2026-04-08,4254
PNP,2019-05-17,2026-04-08,1724
PNT,2017-01-12,2026-04-08,2305
PNUT-USD,2024-11-11,2026-04-09,515
POB,2017-09-29,2026-04-08,2128
POL-USD,2024-09-13,2026-04-09,574
POM,2010-04-20,2026-04-08,3974
POPCAT-USD,2024-06-21,2026-04-09,658
POS,2016-11-25,2026-04-08,2338
POT,2006-12-20,2026-04-08,4811
POV,2010-09-23,2026-04-08,3838
POW,2018-03-06,2026-04-08,2013
PPC,2006-05-19,2026-04-08,4945
PPE,2011-09-21,2026-04-08,3631
PPG,2011-03-01,2018-12-19,1929
PPH,2017-08-23,2026-04-08,2154
PPI,2010-04-12,2026-04-08,3984
PPP,2009-06-29,2026-04-08,4178
PPS,2011-01-07,2026-04-08,3803
PPT,2022-06-17,2026-04-08,941
PPY,2016-03-02,2026-04-08,2526
PQN,2019-10-04,2026-04-08,1625
PRC,2010-11-29,2026-04-08,3831
PRE,2020-12-24,2026-04-08,1316
PRIME-USD,2023-03-01,2026-04-09,1136
PRO,2014-10-10,2026-04-08,2870
PRT,2018-05-07,2026-04-08,1981
PRUBF1,2011-03-01,2013-09-03,629
PSB,2010-02-25,2026-04-08,4022
PSC,2006-12-29,2026-04-08,4802
PSD,2013-06-28,2026-04-08,3190
PSE,2015-03-18,2026-04-08,2765
PSG,2011-03-15,2026-04-08,3443
PSH,2020-06-24,2026-04-08,1436
PSI,2010-07-21,2026-04-08,3922
PSL,2010-05-20,2026-04-08,3947
PSN,2017-06-29,2026-04-08,2193
PSP,2009-11-10,2026-04-08,4092
PSW,2015-07-21,2026-04-08,2680
PTB,2011-07-22,2026-04-08,3671
PTC,2006-12-25,2026-04-08,4789
PTD,2011-01-14,2026-04-08,3790
PTE,2015-08-12,2026-04-08,2664
PTG,2010-01-04,2026-04-08,4056
PTH,2010-03-24,2026-04-08,3972
PTI,2011-03-02,2026-04-08,3771
PTK,2012-09-25,2021-06-17,2169
PTL,2010-09-22,2026-04-08,3877
PTM,2011-03-01,2026-04-08,2081
PTN,2022-10-17,2023-12-06,287
PTO,2017-06-20,2026-04-08,2200
PTP,2009-12-10,2026-04-08,4070
PTS,2006-12-01,2026-04-08,4824
PTT,2010-05-05,2026-04-08,3974
PTV,2019-11-05,2026-04-08,1603
PTX,2018-07-30,2026-04-08,1915
PV2,2010-12-16,2026-04-08,3818
PVA,2008-12-12,2026-03-24,4230
PVB,2013-12-24,2026-04-08,3064
PVC,2007-11-15,2026-04-08,4587
PVC-CNY,2022-03-07,2025-03-07,720
PVD,2006-12-05,2026-04-08,4817
PVE,2008-01-02,2026-04-08,4549
PVF,2011-03-01,2013-09-23,643
PVG,2009-01-07,2026-04-08,4304
PVH,2017-05-19,2026-04-08,2222
PVI,2007-08-10,2026-04-08,4655
PVL,2010-04-15,2026-04-08,3981
PVM,2016-12-20,2026-04-08,2321
PVO,2016-01-12,2026-04-08,2557
PVP,2016-12-20,2026-04-08,2315
PVR,2010-06-21,2026-04-08,3939
PVS,2007-09-20,2026-04-08,4627
PVT,2007-12-10,2026-04-08,4565
PVV,2010-09-09,2026-04-08,3882
PVX,2009-08-19,2026-04-08,4146
PVY,2017-12-29,2026-04-08,2063
PWA,2019-06-11,2026-04-08,1707
PWS,2017-06-30,2026-04-08,2192
PX1,2010-12-01,2026-04-08,3829
PXA,2011-02-22,2026-04-08,3771
PXC,2017-02-09,2026-01-20,2239
PXI,2010-06-18,2026-04-08,3935
PXL,2010-12-09,2026-04-08,3817
PXM,2010-06-18,2026-04-08,3912
PXS,2010-06-02,2026-04-08,3945
PXT,2010-06-01,2026-04-08,3948
PYTH-USD,2024-02-02,2026-04-09,798
PYU,2017-05-15,2022-05-18,1255
PYUSD-USD,2023-08-31,2025-04-24,603
QBR,2016-11-09,2021-08-12,1190
QBS,2014-11-13,2026-04-08,2829
QCC,2010-10-06,2026-04-08,3860
QCG,2010-08-09,2026-04-08,3907
QHD,2010-04-22,2026-04-08,3983
QHW,2016-12-22,2026-04-08,2319
QLD,2018-01-05,2022-08-22,1156
QLT,2017-04-03,2022-12-26,1437
QNC,2008-01-17,2026-04-08,4539
QNP,2024-01-18,2026-04-08,550
QNS,2016-12-20,2026-04-08,2321
QNT,2020-01-09,2026-04-08,1557
QNT-USD,2022-04-29,2026-04-09,1442
QNU,2017-02-28,2026-04-08,2277
QNW,2016-12-26,2026-04-08,2317
QPH,2014-07-11,2026-04-08,2933
QSP,2016-09-23,2026-04-08,2383
QST,2009-02-16,2026-04-08,4281
QTC,2009-01-16,2026-04-08,4297
QTP,2017-03-16,2026-04-08,2265
RAL,2006-12-06,2026-04-08,4816
RAT,2016-08-15,2026-04-08,2411
RAY-USD,2022-04-29,2026-04-09,1442
RBC,2016-02-18,2026-04-08,2535
^RC1!,2021-04-15,2026-04-08,1256
RCC,2016-12-02,2026-04-08,2333
RCD,2015-02-06,2026-04-08,2787
RCL,2007-06-14,2026-04-08,4696
RDP,2009-09-22,2026-04-08,4119
REE,2001-09-10,2026-04-08,6081
REM,2011-03-01,2014-06-05,757
RENDER-USD,2022-04-25,2026-04-09,1442
RGC,2017-06-19,2024-01-11,1647
RGG,2025-11-04,2026-04-08,105
RHC,2011-03-01,2013-12-10,699
RHN,2017-03-16,2021-06-29,1073
RIC,2007-07-31,2026-04-08,4650
RICE-USD,2022-03-07,2026-04-07,784
RLC,2016-12-15,2021-06-07,1116
RON-USD,2022-04-29,2026-04-09,1442
ROS,2016-09-01,2022-08-31,1500
ROSE-USD,2022-04-29,2026-04-09,1442
RSR-USD,2022-04-29,2026-04-09,1442
RTB,2016-11-07,2026-04-08,2352
RTH,2017-03-01,2021-07-19,1099
RTS,2016-11-01,2021-06-28,1164
RUNE-USD,2022-04-29,2026-04-09,1442
^RUT,2014-07-29,2026-04-08,2941
RYG,2024-12-12,2026-04-08,326
S12,2008-01-16,2026-04-08,4538
S27,2010-09-16,2025-10-17,3383
S33,2011-04-04,2019-02-15,1919
S4A,2016-05-27,2026-04-08,2465
^S501!,2022-07-22,2023-11-15,322
S55,2006-12-22,2026-04-08,4808
S64,2011-03-01,2012-07-12,344
S72,2018-05-22,2026-04-08,1970
S74,2009-07-02,2026-04-08,4180
S91,2011-03-01,2014-01-06,716
S96,2008-01-09,2026-01-23,4442
S99,2006-12-22,2026-04-08,4809
SAB,2016-12-06,2026-04-08,2329
SAC,2016-11-08,2026-04-08,2351
SAF,2007-01-16,2026-04-08,4783
SAFE-USD,2024-04-23,2026-04-09,717
SAL,2017-10-20,2026-04-08,2113
SAM,2001-09-10,2026-04-08,6081
SAND-USD,2022-04-29,2026-04-09,1442
SAP,2006-12-14,2026-01-26,4762
SAS,2015-04-16,2026-04-08,2744
SAV,2002-05-09,2026-04-08,5964
SB1,2016-12-26,2026-04-08,2317
SBA,2010-06-01,2026-04-08,3956
SBB,2023-12-12,2026-04-08,576
SBC,2011-03-01,2015-02-11,989
SBD,2017-02-16,2026-04-08,2285
SBG,2023-12-01,2026-04-08,583
SBH,2018-06-07,2026-04-08,1958
SBL,2017-01-23,2026-04-08,2298
SBM,2017-09-21,2026-04-08,2134
SBR,2020-11-02,2026-04-08,1354
SBS,2010-07-05,2026-04-08,3663
SBT,2008-02-25,2026-04-08,4518
SB-USD,2020-12-08,2026-04-08,1339
SBV,2017-05-16,2026-04-08,2223
SC5,2007-10-18,2026-04-08,4602
SCA,2020-07-03,2022-08-30,542
SCC,2006-12-20,2026-04-08,4510
SCD,2006-12-25,2026-04-08,4795
SCG,2021-04-12,2026-04-08,1239
SCH,2016-12-23,2018-05-24,351
SCI,2014-06-30,2026-04-08,2936
SCJ,2007-09-19,2026-04-08,4623
SCL,2010-09-15,2026-04-08,3878
SCO,2010-09-17,2026-04-08,3882
SCR,2010-11-09,2026-04-08,3838
SCS,2017-07-12,2026-04-08,2178
SCV,2021-05-19,2022-12-13,397
SCY,2017-10-25,2025-06-19,1910
SD1,2010-07-23,2025-12-22,3834
SD2,2007-03-12,2026-04-08,4568
SD3,2006-12-25,2026-04-08,4515
SD4,2008-06-25,2026-04-08,4431
SD5,2006-12-27,2026-04-08,4806
SD6,2006-12-25,2026-04-08,4800
SD7,2006-12-27,2026-04-08,4801
SD8,2008-11-28,2026-04-08,3674
SD9,2006-12-20,2026-04-08,4810
SDA,2006-12-21,2026-04-08,4810
SDB,2010-03-10,2026-01-23,3945
SDC,2006-12-25,2026-04-08,4808
SDD,2008-01-23,2026-04-08,4531
SDE,2011-03-01,2021-06-10,2563
SDF,2014-12-30,2016-03-08,291
SDG,2009-12-22,2026-04-08,4064
SDH,2009-10-19,2022-07-22,3181
SDI,2011-06-16,2019-12-26,2093
SDJ,2007-12-25,2025-05-28,3958
SDK,2010-10-29,2026-04-08,3819
SDN,2006-12-25,2026-04-08,4791
SDP,2009-04-15,2026-04-08,4234
SDS,2011-03-01,2012-09-13,388
SDT,2006-12-14,2026-04-08,4807
SDU,2009-09-28,2026-04-08,4125
SDV,2011-04-22,2026-04-08,3736
SDX,2015-09-24,2025-09-18,2497
SDY,2006-12-25,2026-04-08,4803
SEA,2016-12-23,2026-04-08,2318
SEB,2009-01-14,2026-04-08,4299
SEC,2011-03-01,2015-09-25,1140
SED,2009-08-19,2026-04-08,4152
SEI-USD,2023-08-15,2026-04-09,969
SEL,2011-03-01,2013-09-30,648
SEP,2017-02-06,2026-04-08,2293
^SET50,2011-08-16,2026-04-08,3571
^SETI,2010-01-04,2023-11-15,3380
SFC,2004-09-21,2026-04-08,5373
SFG,2014-12-01,2026-04-08,2832
SFI,2006-12-29,2026-04-08,4799
SFN,2006-12-28,2026-04-08,4788
SFT,2014-11-11,2018-01-30,806
^SG30SGD,2014-11-03,2026-04-09,2958
SGB,2020-10-15,2026-04-08,1366
SGC,2006-09-05,2026-04-08,4876
SGD,2006-12-28,2026-04-08,4805
SGH,2001-07-16,2026-04-08,6096
SGI,2021-09-17,2026-04-08,1136
SGN,2015-12-10,2026-04-08,2572
SGO,2015-12-16,2023-11-09,1971
SGP,2016-04-25,2026-04-08,2489
SGR,2015-05-11,2026-04-08,2724
SGS,2010-12-22,2026-04-08,3814
SGT,2008-01-18,2026-04-08,4538
SHA,2013-01-21,2026-04-08,3288
SHB,2009-04-20,2026-04-08,4234
SHC,2006-08-15,2026-04-08,3790
SHE,2019-01-25,2026-04-08,1795
SHG,2015-04-10,2026-04-08,2748
SHI,2009-12-30,2026-04-08,4056
SHIB-USD,2022-04-29,2026-04-09,1442
SHN,2009-12-16,2026-04-08,4068
SHP,2010-09-10,2026-04-08,3880
SHS,2009-06-25,2026-04-08,4191
SHV,2011-03-01,2014-12-16,901
SHX,2016-10-11,2023-11-02,1768
SIC,2006-12-27,2023-07-20,4130
SID,2017-01-09,2026-04-08,2308
SIG,2019-10-10,2026-04-08,1621
SII,2012-09-12,2026-04-08,3384
SILVER-USD,2021-07-19,2026-04-09,1220
SIP,2019-06-06,2026-04-08,1705
SIV,2017-05-23,2026-04-08,2220
SJ1,2006-12-29,2026-04-08,4795
SJC,2007-11-21,2026-02-12,4543
SJD,2006-12-25,2026-04-08,4803
SJE,2006-12-14,2026-04-08,4815
SJF,2017-07-05,2026-04-08,2180
SJG,2018-02-12,2026-04-08,2033
SJM,2008-01-10,2026-04-08,4528
SJS,2006-07-06,2026-04-08,4924
SKG,2014-07-08,2026-04-08,2934
SKH,2017-10-25,2026-04-08,2110
SKN,2018-10-10,2026-04-08,1870
SKS,2011-03-01,2014-12-01,939
SKV,2017-11-03,2026-04-08,2103
SLC,2016-01-07,2019-05-24,842
SLD,2025-08-15,2026-04-08,160
SLS,2012-10-16,2026-04-08,3362
SMA,2010-10-19,2026-04-08,3858
SMB,2010-09-08,2026-04-08,3875
SMC,2006-10-30,2026-04-08,4843
^SMCI,2021-04-08,2026-04-08,1256
SME,2011-03-01,2012-10-25,418
SMN,2015-07-14,2026-04-08,2685
SMT,2010-07-30,2026-04-08,3915
SNC,2014-11-11,2026-04-08,2848
SNEK-USD,2023-12-28,2026-04-09,834
SNG,2011-03-01,2014-10-17,908
SNX-USD,2022-04-29,2026-04-09,1442
SNZ,2017-11-20,2026-04-08,2092
SOL-USD,2020-08-11,2026-04-09,2068
SON,2018-01-05,2022-04-08,1063
SOV,2019-07-10,2021-06-07,479
SP2,2016-09-30,2026-04-08,2378
SPA,2016-12-28,2022-08-18,1410
SPB,2016-10-17,2026-04-08,2367
SPC,2010-09-09,2026-04-08,3882
SPD,2010-04-22,2026-04-08,3977
SPH,2014-05-20,2026-04-08,2971
SPI,2012-09-26,2026-04-08,3365
SPM,2010-05-21,2026-04-08,3963
SPP,2008-09-25,2023-03-24,3615
SPV,2017-02-14,2026-04-08,2287
^SPX,1983-07-08,2026-04-08,10795
SPX-USD,2024-11-21,2026-04-09,505
SQC,2009-12-17,2026-01-15,4008
SRA,2008-01-18,2026-04-08,4543
SRB,2008-03-17,2026-04-08,4503
SRC,2009-10-07,2026-04-08,4116
SRF,2009-10-21,2026-04-08,4106
SRT,2016-11-25,2024-10-30,1982
SSB,2021-03-24,2026-04-08,1258
SSC,2005-03-01,2026-04-08,5258
^SSEC,1990-12-19,2026-04-08,8621
SSF,2010-04-20,2026-04-08,3983
SSG,2011-01-05,2026-04-08,3792
SSH,2021-08-04,2026-04-08,1166
SSI,2006-12-15,2026-04-08,4799
SSM,2008-11-17,2026-04-08,4340
SSN,2013-10-15,2026-04-08,3114
SSS,2011-03-01,2012-07-12,344
SSU,2016-12-19,2022-08-11,1412
ST8,2007-12-18,2026-04-08,4559
STB,2006-07-12,2026-04-08,4920
STC,2006-12-27,2026-04-08,4806
STETH-USD,2023-07-18,2026-04-09,997
STG,2010-03-02,2026-04-08,4018
STH,2020-03-17,2026-04-08,1514
STK,2015-09-30,2026-04-08,2628
STL,2008-09-23,2026-04-08,4303
STP,2006-10-09,2026-04-08,4863
STRK-USD,2024-02-20,2026-04-09,780
STS,2010-03-30,2026-04-08,3989
STT,2011-07-08,2026-04-08,3676
STU,2011-04-01,2021-07-14,2527
STV,2011-12-15,2021-06-16,2324
STW,2018-07-06,2026-04-08,1937
STX-USD,2022-04-29,2026-04-09,1442
SUI-USD,2023-05-03,2026-04-09,1073
SUM,2018-01-05,2021-12-01,977
SUPER-USD,2022-04-29,2026-04-09,1442
S-USD,2025-01-16,2026-04-09,449
SUSHI-USD,2020-09-01,2026-04-09,2047
SVC,2006-12-21,2026-04-08,4798
SVD,2021-02-02,2026-04-08,1289
SVG,2016-04-06,2026-04-08,2501
SVH,2017-12-28,2026-04-08,2064
SVI,2008-12-22,2026-02-13,4271
SVL,2017-08-24,2022-04-08,1157
SVN,2011-07-26,2026-04-08,3671
SVS,2011-03-01,2013-05-09,547
SVT,2011-10-05,2026-04-08,3619
SWC,2011-04-29,2026-04-08,3731
^SXXP,2018-04-30,2026-04-08,2039
SZB,2019-12-20,2026-04-08,1570
SZC,2019-01-15,2026-04-08,1803
SZE,2016-12-09,2026-04-08,2328
SZG,2021-12-27,2026-04-08,1065
SZL,2008-09-09,2026-04-08,4387
T12,2017-11-06,2022-04-01,1101
TA3,2018-01-05,2024-08-01,1641
TA6,2017-11-28,2026-04-08,2086
TA9,2015-07-31,2026-04-08,2672
TAB,2024-09-27,2026-04-08,380
TAC,2006-12-26,2022-05-19,3832
TAG,2010-01-12,2023-02-02,3208
TAL,2024-01-09,2026-04-08,549
TAN,2019-06-10,2026-04-08,1708
TAO-USD,2024-04-11,2026-04-09,729
TAP,2016-09-07,2022-08-11,1485
TAR,2019-02-20,2026-04-08,1774
TAS,2011-03-01,2013-09-20,642
TAW,2016-07-29,2026-04-08,2422
TB8,2016-12-30,2026-04-08,2313
TBC,2006-08-29,2026-04-08,4875
TBD,2014-10-15,2026-04-08,2867
TBH,2021-08-13,2026-01-22,1110
TBN,2017-09-21,2019-04-11,389
TBR,2022-07-20,2026-04-08,927
TBT,2010-03-01,2025-07-10,3838
TBTC-USD,2022-02-17,2026-04-08,1438
TBW,2024-01-09,2026-04-08,557
TBX,2008-11-18,2025-12-25,4272
TC6,2008-06-26,2024-06-24,3994
TCB,2018-06-04,2026-04-08,1961
TCD,2017-05-26,2026-04-08,2215
TCH,2016-10-05,2026-04-08,2373
TCI,2018-09-05,2026-04-08,1886
TCJ,2017-11-24,2026-04-08,2088
TCK,2017-10-27,2026-04-08,2108
TCL,2009-12-24,2026-04-08,4060
TCM,2007-10-15,2026-04-08,4605
TCO,2009-09-24,2026-04-08,4077
TCR,2006-12-29,2026-04-08,4799
TCS,2011-03-01,2020-08-03,2355
TCT,2006-12-06,2026-04-08,4802
TCW,2017-06-26,2026-04-08,2196
TCX,2025-10-21,2026-04-08,115
TD6,2025-06-16,2026-04-08,204
TDB,2017-07-19,2026-04-08,2179
TDC,2010-05-04,2026-04-08,3976
TDF,2020-05-12,2026-04-08,1477
TDG,2017-06-15,2026-04-08,2201
TDH,2006-12-14,2026-04-08,4810
TDI,2022-12-29,2023-08-15,155
TDM,2016-04-01,2026-04-08,2498
TDN,2008-11-21,2024-06-24,3890
TDP,2018-11-12,2026-04-08,1798
TDS,2011-10-06,2026-04-08,3620
TDT,2018-07-18,2026-04-08,1929
TDW,2010-11-11,2026-04-08,3841
TEC,2017-04-24,2022-07-08,1305
TED,2022-05-10,2026-04-08,978
TEG,2015-12-22,2026-04-08,2564
TEL,2017-09-26,2026-02-02,2089
TEL-USD,2022-04-29,2026-04-09,1442
TET,2010-04-28,2026-04-08,3980
TFC,2015-12-03,2026-04-08,2584
TFUEL-USD,2022-04-29,2026-04-09,1442
TF-USD,2020-01-30,2026-04-08,1252
TGG,2018-05-25,2026-04-08,1957
TGP,2009-06-29,2026-04-08,4183
TH1,2009-11-11,2026-04-08,4089
THB,2008-11-19,2026-04-08,4338
THD,2020-06-19,2026-04-08,1449
THETA-USD,2022-04-29,2026-04-09,1442
THG,2011-07-28,2026-04-08,3667
THI,2017-06-15,2023-06-28,1502
THM,2023-10-18,2026-04-08,615
"THM
",2023-10-18,2023-10-18,1
THN,2017-10-05,2026-04-08,2124
THP,2019-11-18,2026-04-08,1594
THR,2017-04-12,2021-06-24,1053
THS,2013-11-12,2026-04-08,3094
THT,2008-10-24,2026-04-08,4356
THU,2017-06-06,2026-04-08,2210
THV,2011-03-01,2013-07-03,586
THW,2016-03-01,2026-04-08,2527
TIA-USD,2023-10-31,2026-04-09,892
TIC,2011-03-01,2017-10-11,1653
TID,2018-12-12,2026-04-08,1825
TIE,2009-12-11,2026-04-08,4063
TIG,2010-10-08,2026-04-08,3867
TIN,2021-12-28,2026-04-08,1064
TIP,2016-06-06,2026-04-08,2459
TIS,2011-03-24,2026-04-08,3755
TIX,2009-11-25,2026-04-08,4081
TJC,2007-12-21,2026-04-08,4561
TKA,2020-06-03,2026-04-08,1461
TKC,2009-12-01,2026-04-08,4022
TKG,2021-04-09,2025-10-21,1114
TKU,2006-06-26,2026-04-08,4937
TKX-USD,2023-12-18,2025-09-05,627
TL4,2015-02-04,2026-04-08,2789
TLC,2011-03-01,2013-05-16,552
TLD,2017-12-07,2026-04-08,2077
TLG,2010-03-26,2026-04-08,4000
TLH,2010-03-16,2026-04-08,4008
TLI,2019-01-25,2026-01-20,1744
TLP,2017-12-08,2026-04-08,2078
TLT,2006-12-08,2026-04-08,4744
TMB,2017-01-16,2026-04-08,2303
TMC,2006-12-26,2026-04-08,4798
TMG,2017-02-07,2026-04-08,2292
TMP,2009-06-18,2026-04-08,4194
TMS,2001-09-10,2026-04-08,6079
TMT,2010-01-22,2026-04-08,4040
TMW,2009-12-25,2026-04-08,3957
TMX,2009-11-02,2026-04-08,4100
TN1,2019-05-30,2026-04-08,1715
TNA,2005-07-20,2026-04-08,5158
TNB,2010-04-16,2026-04-08,3987
TNC,2007-08-22,2026-04-08,4642
TND,2016-02-26,2020-08-03,1112
TNG,2007-11-22,2026-04-08,4582
TNH,2021-01-06,2026-04-08,1308
TNI,2017-05-29,2026-04-08,2214
TNM,2009-10-27,2026-04-08,4101
TNP,2016-12-23,2026-04-08,2318
TNS,2017-01-06,2026-04-08,2309
TNT,2010-05-21,2026-04-08,3963
TNV,2024-11-08,2026-04-08,350
TNW,2017-05-26,2026-04-08,2217
TNY,2011-06-15,2018-01-05,1599
TON-USD,2024-08-08,2026-04-09,610
^TOP,2010-01-04,2024-05-15,3500
TOP,2015-07-23,2026-04-08,2678
TOS,2021-09-15,2026-04-08,1138
TOT,2017-07-17,2026-04-08,2173
TOTAL,2014-03-01,2026-04-09,4420
TOTAL2,2014-04-01,2026-04-09,4389
TOTAL3,2017-07-14,2026-04-09,3192
TOW,2019-01-25,2026-04-08,1795
TPB,2018-04-19,2026-04-08,1990
TPC,2007-11-28,2026-04-08,4573
TPH,2006-12-15,2025-07-14,4631
TPP,2008-09-26,2026-04-08,4376
TPS,2015-12-01,2026-04-08,2586
TPVN-10Y,2010-01-04,2026-04-09,4226
TQN,2017-02-08,2026-04-08,2291
TQW,2019-06-14,2026-04-08,1704
TR1,2020-08-24,2026-04-08,1403
TRA,2008-11-26,2026-04-08,4331
TRAC-USD,2022-04-29,2026-04-09,1442
TRC,2007-07-24,2026-04-08,4663
TRI,2011-03-01,2012-04-09,278
TRS,2015-09-18,2026-04-08,2638
TRT,2017-03-16,2026-04-08,2265
TRUMP-USD,2025-01-17,2026-04-09,447
TRV,2025-06-19,2026-04-08,201
TRX-USD,2022-04-29,2026-04-09,1442
TS3,2018-01-19,2026-04-08,2049
TS4,2002-08-08,2026-02-25,5858
TS5,2018-01-19,2022-04-01,1048
TSA,2024-12-04,2026-04-08,326
TSB,2011-01-19,2026-04-08,3795
TSC,2007-10-04,2026-04-08,4612
TSD,2018-01-10,2026-04-08,2056
TSG,2017-04-18,2026-04-08,2243
TSJ,2017-08-01,2026-04-08,2170
^TSLA,2014-07-29,2026-04-08,2941
TSM,2011-03-01,2015-06-11,1065
TST,2007-12-13,2026-04-08,4561
TT6,2024-08-05,2026-04-08,417
TTA,2020-09-18,2026-04-08,1385
TTB,2015-01-26,2026-04-08,2777
TTC,2006-08-08,2026-04-08,4897
TTD,2017-02-06,2026-04-08,2293
TTE,2018-12-10,2026-04-08,1827
TTF,2008-02-18,2026-04-08,4523
TTG,2010-03-03,2026-04-08,3989
TTH,2016-10-26,2026-04-08,2360
TTJ,2017-06-20,2021-01-18,901
TTL,2018-01-18,2026-04-08,2050
TTN,2017-04-19,2026-04-08,2242
TTP,2006-12-05,2025-01-07,4159
TTR,2011-03-01,2019-02-12,1926
TTS,2017-05-17,2026-04-08,2224
TTT,2017-06-02,2026-04-08,2212
TTV,2016-10-10,2021-06-10,1168
TTZ,2013-01-29,2026-04-08,3282
TUG,2017-02-21,2026-04-08,2282
TURBO-USD,2024-09-16,2026-04-09,571
TUSD-USD,2021-11-15,2026-04-09,1442
TV1,2010-09-23,2026-04-08,3869
TV2,2009-10-13,2026-04-08,4106
TV3,2009-12-01,2026-04-08,4079
TV4,2008-07-22,2026-04-08,4422
TV6,2021-05-21,2026-04-08,1219
TVA,2017-04-11,2026-04-08,2248
TVB,2015-06-18,2026-04-08,2694
TVC,2014-09-23,2026-04-08,2883
TVD,2011-01-11,2026-04-08,3801
TVG,2010-01-26,2026-04-08,3937
TVH,2019-01-17,2026-04-08,1801
TVM,2015-12-15,2026-04-08,2576
TVN,2016-01-18,2026-04-08,2553
TVP,2017-08-17,2023-10-24,1548
TVS,2015-01-15,2026-04-08,2801
TVT,2017-07-17,2026-04-08,2179
TVU,2016-11-09,2021-08-04,1185
TVW,2017-12-11,2023-09-12,1437
TW3,2016-10-18,2026-04-08,2366
TWT-USD,2022-04-29,2026-04-09,1442
TXM,2006-12-11,2026-04-08,4818
TYA,2006-02-15,2026-04-08,5023
UCT,2016-11-15,2026-04-08,2346
UDC,2010-07-05,2026-04-08,3925
UDJ,2009-12-22,2026-04-08,4062
UDL,2020-01-09,2026-04-08,1557
UEM,2015-09-24,2026-04-08,2634
UIC,2007-11-12,2026-04-08,4585
^UKX,2014-08-12,2026-04-08,2945
ULTIMA-USD,2023-10-15,2026-04-09,907
UMC,2017-08-28,2026-04-08,2151
UME-USD,2020-09-16,2026-04-08,1301
UNI,2006-07-03,2026-04-08,4923
^UNILEVER,2014-07-29,2026-04-08,2941
UNI-USD,2020-09-17,2026-04-09,2031
UPC,2017-04-21,2026-04-08,2240
UPH,2016-12-29,2026-04-08,2314
UPS,2026-03-20,2026-04-08,14
^US02Y,2003-10-14,2026-04-09,5241
^US03MY,2003-12-09,2026-04-09,5610
^US05Y,2003-09-12,2026-04-09,5246
^US10Y,2002-08-09,2026-04-09,5501
USC,2017-02-06,2026-04-08,2293
USD,2019-01-30,2026-04-08,1792
^USDCHF,2014-11-13,2026-04-09,2958
^USDCNH,2014-11-14,2026-04-09,2958
USDC-USD,2021-11-15,2026-04-09,1442
USDD-USD,2022-05-26,2026-04-09,1413
^USDEUR,2014-12-05,2026-04-09,2962
USDE-USD,2024-04-02,2026-04-09,738
^USDJPY,2014-11-14,2026-04-09,2958
^USDKRW,2014-11-25,2026-04-09,2962
^USDRUB,2014-12-05,2026-04-09,2962
USDS-USD,2024-10-02,2026-04-08,493
^USDTHB,2014-11-13,2026-04-09,2958
USDT-USD,2022-04-29,2026-04-09,1442
^USDVND,2014-11-14,2026-04-09,2963
USDY-USD,2024-01-18,2026-04-08,809
V11,2008-12-15,2025-05-15,3990
V12,2010-01-05,2026-04-08,4055
V15,2009-12-17,2026-01-15,4008
V21,2010-04-21,2026-04-08,3984
VAB,2021-07-20,2026-04-08,1169
VAF,2015-06-23,2026-04-08,2698
VAT,2010-12-15,2023-04-05,3061
VAV,2017-07-26,2026-04-08,2174
VBB,2019-07-30,2026-04-08,1672
VBC,2010-03-17,2026-04-08,4009
VBG,2017-03-24,2026-04-08,2259
VBH,2006-12-29,2026-04-08,4796
VC1,2009-05-14,2026-04-08,4221
VC2,2006-12-11,2026-04-08,4817
VC3,2007-12-13,2026-04-08,4567
VC5,2008-01-16,2026-04-08,4540
VC6,2008-01-28,2026-04-08,4535
VC7,2007-12-28,2026-04-08,4556
VC9,2009-11-05,2026-04-08,4097
VCA,2011-02-21,2026-04-08,3767
VCB,2009-06-30,2026-04-08,4186
VCC,2009-02-05,2026-04-08,4288
VCE,2016-12-29,2026-04-08,2314
VCF,2011-01-28,2026-04-08,3786
VCG,2008-09-05,2026-04-08,4386
VCH,2011-03-01,2013-05-20,554
VCI,2017-07-07,2026-04-08,2185
VCK,2025-12-16,2026-04-08,75
VCM,2010-05-11,2026-04-08,3973
VCP,2016-12-16,2026-04-08,2323
VCR,2010-05-10,2026-04-08,3969
VCS,2007-12-17,2026-04-08,4565
VCT,2010-07-15,2026-04-08,3926
VCV,2011-03-01,2014-05-19,801
VCW,2016-11-23,2026-01-05,2278
VCX,2014-04-01,2026-04-08,3002
VDB,2018-11-22,2026-04-08,1839
VDG,2024-09-26,2026-04-08,381
VDL,2007-11-27,2026-04-08,4579
VDM,2018-04-26,2022-05-26,1021
VDN,2010-07-15,2026-04-08,3926
VDP,2017-08-15,2026-04-08,2158
VDS,2009-06-29,2026-04-08,4171
VDT,2011-03-01,2026-04-08,3772
VE1,2008-09-04,2026-04-08,4392
VE2,2010-07-26,2026-04-08,3912
VE3,2010-06-30,2026-04-08,3937
VE4,2012-10-16,2026-04-08,3362
VE8,2012-08-27,2026-04-08,3386
VE9,2008-01-23,2026-04-08,4532
VEA,2018-07-02,2026-04-08,1941
VEC,2017-07-14,2026-04-08,2182
VEE,2017-01-09,2020-01-21,760
VEF,2015-12-22,2026-04-08,2571
VES,2010-04-14,2026-04-08,3524
VET,2017-12-13,2026-04-08,2075
VET-USD,2022-04-29,2026-04-09,1442
VFC,2006-07-24,2026-04-08,4816
VFG,2009-12-17,2026-04-08,4059
VFMVF1,2011-03-01,2013-09-24,644
VFMVF4,2011-03-01,2013-11-26,689
VFMVFA,2011-03-01,2013-03-08,507
VFR,2006-12-28,2026-04-08,4800
^VFS,2021-09-07,2026-04-08,1016
VFS,2020-07-01,2026-04-08,1434
VGC,2015-10-15,2026-04-08,2608
VGG,2016-03-10,2026-04-08,2520
VGI,2018-09-14,2026-04-08,1882
VGL,2016-08-15,2026-04-08,2411
VGP,2006-12-21,2026-04-08,4798
VGR,2018-04-12,2026-04-08,1995
VGS,2008-12-04,2026-04-08,4327
VGT,2017-01-03,2026-04-08,2312
VGV,2017-07-17,2026-04-08,2181
VHC,2007-12-24,2026-04-08,4554
VHD,2017-06-22,2026-04-08,2198
VHE,2019-01-14,2026-04-08,1804
VHF,2010-05-10,2026-04-08,3844
VHG,2008-01-28,2026-04-08,4526
VHH,2010-07-28,2026-04-08,3894
VHI,2020-01-08,2022-04-01,557
VHL,2009-02-12,2026-04-08,4283
VHM,2018-05-17,2026-04-08,1973
VIA,2011-04-04,2012-05-28,287
VIB,2017-01-09,2026-04-08,2301
VIC,2007-09-19,2026-04-08,4623
VID,2006-12-25,2026-04-08,4803
VIE,2011-05-06,2026-04-08,3716
VIF,2017-01-12,2026-04-08,2299
VIG,2009-12-01,2026-04-08,4079
VIH,2017-04-24,2026-04-08,2239
VIM,2017-01-24,2026-04-08,2297
VIN,2014-09-04,2026-04-08,2896
VIP,2006-12-21,2026-04-08,4805
VIR,2010-07-01,2026-04-08,3936
VIRTUAL-USD,2024-11-20,2026-04-09,506
VIS,2006-12-25,2022-04-21,3814
VIT,2009-11-03,2026-04-08,4099
VIW,2018-01-05,2026-04-08,2059
^VIX,2014-07-30,2026-04-08,2944
VIX,2009-12-29,2026-04-08,4052
VJC,2017-02-28,2026-04-08,2275
VKC,2010-12-08,2026-04-08,3810
VKD,2010-04-12,2022-09-12,3101
VKP,2008-06-19,2026-04-08,4094
VLA,2010-08-04,2026-04-08,3912
VLB,2016-09-22,2026-04-08,2384
VLC,2015-10-26,2026-04-08,2612
VLF,2010-12-21,2026-01-26,3762
VLG,2015-09-18,2026-04-08,2638
VLP,2017-07-18,2026-04-08,2180
VLS,2025-12-15,2026-04-08,76
VLW,2017-07-17,2026-04-08,2181
VMA,2015-08-28,2026-04-08,2652
VMC,2006-12-11,2026-04-08,4818
VMD,2010-09-30,2026-04-08,3871
VMG,2009-09-30,2026-04-08,2825
VMI,2014-10-09,2022-09-16,1979
VMK,2024-01-12,2026-04-08,554
VMS,2015-10-20,2026-04-08,2616
VMT,2023-01-06,2026-04-08,808
VN100F1M,2025-10-10,2026-04-08,122
VN100F1Q,2025-10-10,2026-04-08,122
VN100F2M,2025-10-10,2026-04-08,122
VN100F2Q,2025-10-10,2026-04-08,122
VN30F1M,2017-08-10,2026-04-08,2160
VN30F1Q,2017-08-10,2026-04-08,2160
VN30F2110,2021-09-28,2021-10-21,15
VN30F2111,2021-09-28,2021-10-25,17
VN30F2112,2021-09-28,2021-10-25,17
VN30F2203,2021-09-28,2021-10-25,17
VN30F2206,2021-10-25,2021-10-25,1
VN30F2512,2025-04-18,2025-12-18,170
VN30F2M,2017-08-10,2026-04-08,2160
VN30F2Q,2017-08-10,2026-04-08,2160
VNA,2008-09-09,2026-04-08,4383
VNB,2016-07-15,2026-04-08,2432
VNC,2006-12-21,2026-04-08,4810
VND,2010-03-30,2026-04-08,3988
VNE,2007-08-09,2026-04-08,4651
VNF,2010-12-01,2026-04-08,3829
VNG,2009-12-17,2026-04-08,4065
VNH,2010-04-08,2026-04-08,3987
VNI,2009-09-09,2026-04-08,4113
VNL,2009-08-17,2026-04-08,4152
VNM,2006-01-19,2026-04-08,5037
VNN,2012-12-03,2018-07-26,1396
VNP,2015-08-18,2026-04-08,2660
VNR,2006-03-13,2026-04-08,4988
VNS,2008-07-29,2026-04-08,4415
VNT,2009-08-14,2026-04-08,4155
VNX,2010-06-10,2026-04-08,3951
VNY,2018-08-03,2026-04-08,1917
VNZ,2023-01-05,2026-04-08,809
VOC,2016-09-19,2026-01-28,2342
VOS,2010-09-08,2026-04-08,3887
VPA,2016-01-27,2026-04-08,2546
VPB,2017-08-17,2026-04-08,2156
VPC,2009-10-07,2026-04-08,4102
VPD,2016-04-12,2026-04-08,2490
VPG,2018-01-18,2026-04-08,2048
VPH,2009-09-09,2026-04-08,4136
VPI,2017-11-28,2026-04-08,2079
VPK,2011-03-01,2020-07-14,2334
VPL,2025-05-13,2026-04-08,228
VPR,2016-12-20,2026-04-08,2321
VPS,2015-08-19,2026-04-08,2657
VPW,2017-11-13,2026-04-08,2097
VPX,2025-12-11,2026-04-08,78
VQC,2010-02-26,2026-04-08,3996
VRC,2010-07-26,2026-04-08,3917
VRE,2017-11-06,2026-04-08,2100
VRG,2014-11-10,2026-04-08,2849
^VRT,2021-04-08,2026-04-08,1256
VSA,2015-12-22,2026-04-08,2571
VSC,2008-01-09,2026-04-08,4545
VSE,2018-10-10,2026-04-08,1870
VSF,2018-04-23,2026-04-08,1988
VSG,2008-09-18,2026-04-08,4349
VSH,2005-07-14,2026-04-08,5070
VSI,2010-12-24,2026-04-08,3810
VSM,2017-07-17,2026-04-08,2181
VSN,2016-10-21,2026-04-08,2363
VSP,2006-12-25,2022-11-16,3940
VST,2009-02-26,2026-04-08,4250
VT1,2011-03-01,2020-05-25,2262
VT8,2015-04-08,2019-11-27,1164
VTA,2006-12-29,2026-04-08,4685
VTB,2006-12-27,2026-04-08,4801
VTC,2003-02-12,2026-04-08,5770
VTD,2019-11-06,2026-04-08,1601
VTE,2018-06-05,2026-04-08,1960
VTF,2011-03-01,2015-12-14,1196
VTG,2015-12-25,2026-04-08,2568
VTH,2014-10-29,2026-04-08,2857
VTHO-USD,2022-04-29,2026-04-09,1442
VTI,2010-12-17,2026-04-08,3801
VTJ,2014-12-29,2026-04-08,2808
VTK,2018-12-18,2026-04-08,1821
VTL,2005-01-08,2025-10-09,4956
VTM,2015-12-29,2026-04-08,2566
VTO,2007-10-09,2026-04-08,4609
VTP,2018-11-23,2026-04-08,1831
VTQ,2021-05-17,2026-04-08,1223
VTR,2019-09-27,2026-04-08,1630
VTS,2006-09-20,2026-04-08,4871
VTV,2006-12-18,2026-04-08,4813
VTX,2014-05-15,2026-04-08,2974
VTZ,2021-11-25,2026-04-08,1087
VUA,2022-01-25,2026-04-08,1045
VVN,2017-10-17,2026-04-08,2116
VVS,2022-10-07,2026-04-08,864
VW3,2020-04-23,2026-04-08,1488
VWS,2017-01-06,2026-04-08,2309
VXB,2010-06-22,2026-04-08,3936
VXP,2019-08-19,2026-04-08,1658
VXT,2020-05-20,2026-04-08,1471
WBTC-USD,2022-04-29,2026-04-09,1442
WBT-USD,2022-11-02,2026-04-09,1254
WCS,2010-09-17,2026-04-08,3882
WEETH-USD,2024-12-30,2026-04-09,466
WIF-USD,2024-03-05,2026-04-09,766
WLD-USD,2023-07-24,2026-04-09,991
WSB,2010-08-10,2026-04-08,3908
WSS,2009-12-15,2026-04-08,4069
WTC,2010-07-15,2026-04-08,3925
WTN,2017-11-16,2020-09-03,699
W-USD,2024-04-03,2026-04-09,737
X18,2017-01-19,2020-07-16,871
X20,2018-02-05,2026-04-08,2038
X26,2018-07-09,2026-04-08,1936
X77,2017-02-17,2026-04-08,2284
XAUT-USD,2022-07-19,2026-04-09,1322
XCN-USD,2022-06-28,2026-04-09,1382
XDC,2022-12-01,2023-12-28,270
XDC-USD,2022-04-29,2026-04-09,1442
XDH,2018-10-22,2026-04-08,1859
XEC-USD,2022-04-29,2026-04-09,1442
XHC,2016-11-03,2026-04-08,2352
XLM-USD,2022-04-29,2026-04-09,1442
XLV,2018-05-22,2026-04-08,1968
XMC,2007-12-20,2026-04-08,3160
XMD,2015-12-25,2026-04-08,2566
XMP,2021-08-16,2026-04-08,1156
XMR-USD,2022-10-13,2026-04-09,1275
XPH,2014-11-25,2026-04-08,2836
XRP-USD,2018-05-04,2026-04-09,2898
XTZ-USD,2022-04-29,2026-04-09,1442
YBC,2008-05-20,2026-04-08,4445
YBM,2018-08-21,2026-04-08,1903
YEG,2018-06-26,2026-04-08,1943
YRC,2016-09-12,2021-08-12,1232
YSC,2011-03-01,2011-08-23,122
YTC,2017-08-03,2026-04-08,2166
ZC-USD,2020-12-08,2026-04-09,1340
ZEC-USD,2022-04-29,2026-04-09,1442
ZEN-USD,2022-04-29,2026-04-09,1442
ZIL-USD,2022-04-29,2026-04-09,1442
ZK-USD,2024-06-17,2026-04-09,662
ZRO-USD,2024-06-20,2026-04-09,659
ZRX-USD,2022-04-29,2026-04-09,1442
ZS-USD,2020-12-08,2026-04-09,1340
ZW-USD,2020-12-08,2026-04-09,1340
