ticker,buy_date,buy_price,buy_cost_vnd,sell_date,sell_price,sell_cost_vnd,pnl_vnd,pnl_pct,exit_reason
DGW,2020-02-11,5273.65548334439,125423084.67760542,2020-02-17,5551.216298257252,592037.2182091326,5548704.372882307,0.052631578947368314,mdm_sell
DBC,2020-04-15,7180.51841080846,126098878.94181006,2020-04-27,7604.684055328792,598868.8693571389,6384223.15708667,0.059071729957806,mdm_sell
VPI,2020-05-19,22884.697266856652,124009886.01936948,2020-05-29,22749.604602943687,552815.3918515295,-1714836.5553251058,-0.005903187721369432,hard_stop
DBC,2020-05-15,9695.21473189328,126478923.78491376,2020-06-30,14512.524551802753,848982.6862804592,61334912.702241555,0.49687499999999996,mdm_sell
DGW,2020-07-10,8624.211034792517,134143134.48792149,2020-07-23,8587.796350620278,598998.7954557538,-1631289.8487629443,-0.004222378606614834,mdm_sell
DGC,2020-07-02,11113.068396506595,133823569.6307324,2020-07-28,10526.700466037653,568441.8251660317,-8071605.863446593,-0.05276381909547742,mdm_sell
CTR,2020-11-23,34319.95315454839,130872277.36423935,2020-11-27,32688.348824250188,558970.7648946792,-7215522.596983314,-0.04754098360655741,hard_stop
PDR,2020-11-23,20976.96531079406,132617423.54310557,2020-11-27,20181.630133133625,572149.2142743319,-6045302.918638065,-0.03791469194312785,hard_stop
DGW,2020-11-23,14363.569867939688,132607349.73479277,2021-01-20,14889.55975042762,616427.7736676931,3760172.195473641,0.03661971830985907,ma50_break
DGC,2020-11-23,15734.206134249922,132629917.18804628,2021-01-29,16414.230053613246,620457.8960265815,4629157.36627841,0.043219461697725,mdm_sell
KDH,2020-11-23,16596.52837051622,131571468.13652287,2021-01-29,18834.262532833014,669558.0330421925,16549647.83981575,0.13483146067415744,mdm_sell
DIG,2021-03-01,18356.74549521341,141841654.60423923,2021-03-05,16753.294834486936,580501.6660149693,-13421786.04470478,-0.08734939759036152,hard_stop
CTR,2021-03-23,55305.760575280445,144298259.91696417,2021-03-29,53505.3695901238,626012.8242044449,-5810311.806846738,-0.03255340793489328,hard_stop
VHM,2021-02-04,71626.29150924637,129378570.3531517,2021-03-31,71110.46430701928,575994.760886848,-1955729.3614038378,-0.007201646090534981,ma50_break
HSG,2021-04-16,22018.730154571622,145832251.6867433,2021-04-23,20625.139638459495,612566.6472622454,-10318896.720172852,-0.06329113924050625,hard_stop
SJS,2021-05-20,21427.826086956517,156970611.39130428,2021-05-28,20771.47826086956,682343.0608695447,-6021163.147826046,-0.030630630630630616,hard_stop
NKG,2021-06-03,17598.451404529515,162472423.05689737,2021-06-09,16110.155069131617,666960.4198620319,-14925956.840748519,-0.08456973293768551,hard_stop
DGW,2021-02-08,16993.51928037935,134718673.12309933,2021-06-11,24276.45611482764,863028.0148821175,56202302.16915691,0.4285714285714284,ma50_break
HPG,2021-04-16,22641.59347425409,147685453.83419085,2021-07-07,28092.0183384005,821691.5363982022,34090973.82901421,0.2407262046438616,ma50_break
HSG,2021-06-29,32887.20476209667,168311780.89169642,2021-07-07,29862.653916688476,685347.9073880017,-16697593.823973209,-0.09196740395809086,hard_stop
NKG,2021-06-29,18590.648961461444,167901446.095439,2021-07-08,18433.9861893143,746576.440667212,-2742146.8322775066,-0.008426966292134724,hard_stop
PDR,2021-02-04,29327.984676228665,132437846.80167958,2021-07-14,53451.924362827434,1082401.4683472514,107013411.36269662,0.8225570202971378,mdm_sell
DGC,2021-02-08,18253.028692712778,133713474.33990207,2021-07-14,31373.78675591104,1030628.894931674,94284540.08331683,0.7188263539210075,mdm_sell
SBT,2021-09-07,18222.007549422113,160914904.26743674,2021-09-13,16639.163673307055,658910.8814629614,-15149174.823797613,-0.08686440677966106,hard_stop
SJS,2021-09-10,24439.30434782608,159411472.43478253,2021-09-20,23358.260869565212,683229.1304347813,-8266005.913043439,-0.044233807266982575,ma50_break
NKG,2021-09-16,27760.64322447449,161575271.75940883,2021-09-29,27290.65490803305,712286.0930996537,-4001759.3859167993,-0.01693002257336332,hard_stop
DGW,2021-09-07,37526.87340356423,161930335.0800498,2021-10-04,48760.514465802546,943515.9549132586,46796361.16798788,0.2993492407809112,mdm_sell
HPG,2021-09-09,29582.61522982583,160305233.66890317,2021-10-04,30901.22017224055,750899.650185436,5810455.611010373,0.04457364341085282,mdm_sell
HSG,2021-09-09,33614.628383144205,158541714.03768048,2021-10-04,36294.6101448983,767631.0045645833,11275322.638776958,0.07972665148063793,mdm_sell
CTR,2021-09-21,60111.73848467063,162869749.83729082,2021-10-04,60703.9723613669,737553.2641905844,293422.27420920134,0.009852216748768497,mdm_sell
PDR,2021-11-26,58238.66385800601,163638997.70822525,2021-12-06,58606.87458840436,738446.6198138893,-278195.4805069268,0.006322444678609033,mdm_sell
VHM,2021-11-30,83074.4680851064,166730457.44680852,2021-12-06,78604.96453900711,707444.6808510423,-10227973.049645334,-0.05380116959064331,mdm_sell
VHC,2022-06-01,75410.96827003668,158917303.98386177,2022-06-14,67048.41732350661,633607.5437071323,-18749235.148205012,-0.11089303238469084,hard_stop
REE,2022-06-08,62817.0074950787,163895854.2554098,2022-06-14,55216.14958817418,646028.9501816332,-20979894.276338577,-0.121,hard_stop
VSC,2022-06-02,19627.1881782917,165445420.03009203,2022-06-15,18842.10065116003,712231.4046138525,-7884005.964961618,-0.04000000000000005,mdm_sell
DGC,2022-06-13,105931.95944698459,159454081.95757353,2022-06-17,112621.50764547523,760195.1766069531,8717984.334032357,0.0631494804156675,mdm_sell
VGC,2022-08-12,53817.07627867254,156615764.53237885,2022-09-15,54685.093638005965,713640.4719759822,1257366.545862466,0.016129032258064474,mdm_sell
KOS,2022-12-06,37300.0,157208309.99999997,2022-12-27,37550.0,709695.0,-208004.9999999702,0.006702412868632708,mdm_sell
KOS,2023-03-10,38100.0,160580069.99999997,2023-03-24,38100.0,720090.0,-1280159.9999999702,0.0,mdm_sell
BMP,2023-05-17,62847.38736448572,157668383.05065355,2023-05-23,60324.029277078465,678645.329367131,-7536955.187324524,-0.040150564617315754,hard_stop
KOS,2023-05-12,38000.0,160158599.99999997,2023-06-26,38200.0,721980.0,-440579.9999999702,0.005263157894736842,mdm_sell
PVD,2023-05-12,21807.726269315674,159753589.1721854,2023-06-26,23665.783664459163,777420.9933774769,12229210.584989011,0.08520179372197315,mdm_sell
PVD,2024-04-03,34129.58057395143,160970460.2980132,2024-04-09,32271.523178807947,682542.7152317762,-9976844.072847635,-0.054441260744985606,hard_stop
PVD,2024-05-17,32075.938189845474,157722199.47019866,2024-05-27,31293.598233995584,690023.8410595953,-5073591.964679897,-0.024390243902439022,ma50_break
TCH,2024-05-22,16410.23407729996,158089631.00707686,2024-05-28,15917.927054980963,687654.4487751722,-5965185.728034794,-0.029999999999999895,hard_stop
CTD,2024-05-20,66488.05859274406,153457763.63498288,2024-07-01,65189.82592845059,674714.6983594596,-4195878.6979059875,-0.01952580195258013,mdm_sell
PVT,2024-05-20,22482.515586879897,157928430.74003783,2024-07-01,21470.802385470302,676330.275142312,-8309144.316888034,-0.044999999999999984,mdm_sell
FRT,2024-08-22,150640.0,151167239.99999997,2024-08-28,142400.0,640800.0,-9408039.99999997,-0.05469994689325544,hard_stop
KOS,2024-08-26,39800.0,155763269.99999997,2024-09-11,39850.0,699367.5,-1047637.4999999702,0.001256281407035176,mdm_sell
BMP,2024-12-06,116599.91948380352,152110424.96259585,2024-12-18,112363.27154047416,657325.1385117769,-6695497.098491222,-0.03633491311216432,ma50_break
FRT,2024-12-06,146000.0,146510999.99999997,2024-12-23,147200.0,662400.0,26600.000000029802,0.00821917808219178,mdm_sell
SIP,2024-12-06,71508.79319811524,150694055.34604812,2024-12-23,71354.62078411793,674301.1664099097,-1523652.8658103645,-0.0021559923906165433,mdm_sell
VCG,2025-03-12,19882.592135533312,153631795.30165908,2025-03-18,18810.272559684323,651775.9441930652,-9444472.536282867,-0.053932584269663,hard_stop
DBC,2025-06-24,27913.449781659376,156862422.393013,2025-09-10,28650.0,721980.0,2855597.6069869995,0.02638692902890767,ma50_break
GEE,2025-05-12,78046.12903992312,148806651.9339694,2025-09-16,114744.42435201931,981064.8282097578,68226689.50665754,0.4702128826059243,ma50_break
KBC,2025-08-14,33800.0,179766989.99999997,2025-10-15,35600.0,849060.0,8063950.00000003,0.05325443786982249,ma50_break
HPG,2025-07-04,23150.0,160294072.49999997,2025-10-21,26300.0,816615.0,20359312.50000003,0.13606911447084233,ma50_break
HAG,2025-10-07,16750.0,189937462.49999997,2025-10-21,15400.0,783090.0,-16700552.49999997,-0.08059701492537313,hard_stop
VIC,2025-05-16,39350.0,154002127.49999997,2025-11-03,95550.005,1676902.587749958,216965989.41225007,1.4282085133418045,mdm_sell
GEE,2025-10-13,150694.3942133816,181466189.5117541,2025-11-03,173840.2652200121,938737.4321880639,26203391.320072383,0.15359477124183005,mdm_sell
HAG,2025-11-18,18850.0,192942945.0,2025-11-24,17800.0,817020.0,-12199965.0,-0.05570291777188329,hard_stop
ANV,2025-11-19,31050.0,193183784.99999997,2025-11-26,29200.0,814680.0,-12958464.99999997,-0.05958132045088567,hard_stop
