rs_formula,rs_threshold,n_within_high,hard_stop,slots,entry_option,CAGR,Sharpe_rf3,MaxDD,MaxDD_duration_days,hit_rate,turnover,total_cost_drag_pct,num_trades,avg_hold_days,sanity,error
weighted_roc,70.0,0.1,0.08,5,A,,,,,,,,,,ERROR,ArrowInvalid: Could not open Parquet input source '<Buffer>': Parquet magic bytes not found in footer. Either the file is corrupted or this is not a parquet file.
weighted_roc,70.0,0.1,0.08,5,C,0.06767988224276023,0.25615216090355036,-0.13573620991480667,185.0,0.5,3.516814835222171,3.8288856247417,28.0,57.607142857142854,OK,
weighted_roc,70.0,0.1,0.08,8,A,0.023482827002367035,-0.05899636955407513,-0.10546319140071427,189.0,0.4166666666666667,4.368218893939504,4.485848579604588,36.0,47.861111111111114,OK,
weighted_roc,70.0,0.1,0.08,8,C,0.05546988987240464,0.14886412872468385,-0.15964290913232693,184.0,0.43243243243243246,4.641164797739767,5.025837460850356,37.0,53.13513513513514,OK,
weighted_roc,60.0,0.1,0.07,5,A,0.06351005500617024,0.2876617485417296,-0.0858245823024212,186.0,0.5,3.5726611895405984,3.7730004096414276,30.0,46.93333333333333,OK,
weighted_roc,60.0,0.1,0.07,5,C,0.033763007290307234,0.03342830042671708,-0.11434613945944254,186.0,0.4594594594594595,4.62301853314252,4.834696989292951,37.0,37.32432432432432,OK,
weighted_roc,60.0,0.1,0.07,8,A,0.1149822845559132,0.5269815575474573,-0.121671348968052,185.0,0.5142857142857142,4.129296861690891,4.7209656686306865,35.0,57.42857142857143,OK,
weighted_roc,60.0,0.1,0.07,8,C,0.10102254858545923,0.28824227028684096,-0.21527535089029068,187.0,0.41304347826086957,5.707757332044075,6.434814254192421,46.0,42.97826086956522,OK,
weighted_roc,60.0,0.15,0.06,5,A,0.06634824710468346,0.31279178029630295,-0.08668418244410024,186.0,0.5,3.568535807009974,3.78364489389163,30.0,46.36666666666667,OK,
weighted_roc,60.0,0.15,0.06,5,C,0.010323551166303124,-0.1667665349451412,-0.16090389582176962,186.0,0.3877551020408163,6.190022036658012,6.417039278407154,49.0,31.897959183673468,OK,
weighted_roc,60.0,0.15,0.06,8,A,0.1142761026560346,0.5229144438006128,-0.12159258669726657,185.0,0.5142857142857142,4.129097274353395,4.715276722776225,35.0,57.31428571428572,OK,
weighted_roc,60.0,0.15,0.06,8,C,0.08128590044925721,0.2081200380686854,-0.21439357190296365,187.0,0.39285714285714285,7.161574526081968,8.040905009428021,56.0,37.55357142857143,OK,
weighted_roc,70.0,0.1,0.07,5,A,0.021346839572266463,-0.09115287243418928,-0.09163222085163147,203.0,0.4074074074074074,3.2435622323459263,3.291959253892353,27.0,48.2962962962963,OK,
weighted_roc,70.0,0.1,0.07,5,C,0.047076453818190034,0.13812486990242864,-0.15374255259083688,184.0,0.4666666666666667,3.7836198966430254,4.045356948222696,30.0,50.5,OK,
weighted_roc,70.0,0.1,0.07,8,A,0.011118190277167761,-0.1764591604106742,-0.10554067909389474,189.0,0.42105263157894735,4.617021500636011,4.656749567540984,38.0,42.68421052631579,OK,
weighted_roc,70.0,0.1,0.07,8,C,0.09135907607180216,0.3568702542308785,-0.16310496636697489,185.0,0.41025641025641024,4.805293166075848,5.340523948598537,39.0,52.07692307692308,OK,
weighted_roc,60.0,0.2,0.06,5,A,0.06634824710468346,0.31279178029630295,-0.08668418244410024,186.0,0.5,3.568535807009974,3.78364489389163,30.0,46.36666666666667,OK,
weighted_roc,60.0,0.2,0.06,5,C,0.02009149856700998,-0.08119677039637839,-0.1552320391370957,186.0,0.36538461538461536,6.560612275316253,6.821658175311333,52.0,32.82692307692308,OK,
weighted_roc,60.0,0.2,0.06,8,A,0.1142761026560346,0.5229144438006128,-0.12159258669726657,185.0,0.5142857142857142,4.129097274353395,4.715276722776225,35.0,57.31428571428572,OK,
weighted_roc,60.0,0.2,0.06,8,C,0.10762072368942976,0.3101710999141196,-0.21439357190296365,187.0,0.4426229508196721,7.849827229062088,8.894190735309827,61.0,38.49180327868852,OK,
weighted_roc,70.0,0.1,0.06,5,A,0.024006312916689643,-0.0634091293850707,-0.09137374741393654,202.0,0.4074074074074074,3.239396008320065,3.2999869982469168,27.0,47.666666666666664,OK,
weighted_roc,70.0,0.1,0.06,5,C,0.04535839970687672,0.1236402643809916,-0.13732275748473521,184.0,0.40625,4.034943873413734,4.299404910854881,32.0,47.65625,OK,
weighted_roc,70.0,0.1,0.06,8,A,0.008320601111949655,-0.2039383283565382,-0.10543543354971056,189.0,0.41025641025641024,4.731769766506884,4.750858615363086,39.0,41.0,OK,
weighted_roc,70.0,0.1,0.06,8,C,0.080939256475002,0.301243766404202,-0.14141151990574313,187.0,0.3902439024390244,5.082483066579606,5.587966387583066,41.0,47.90243902439025,OK,
weighted_roc,60.0,0.15,0.08,5,A,0.07539744126943204,0.3851517138055128,-0.08416742347065817,186.0,0.5384615384615384,3.1312086284654885,3.3746353811704126,26.0,53.19230769230769,OK,
weighted_roc,60.0,0.15,0.08,5,C,0.012165762794157597,-0.12921686372368762,-0.14744710073675155,187.0,0.36363636363636365,5.549574577913814,5.763557704544774,44.0,33.40909090909091,OK,
weighted_roc,60.0,0.15,0.08,8,A,0.12191743719600301,0.5757318412728606,-0.12149036177629279,185.0,0.53125,3.7970117790961884,4.391719508698065,32.0,61.59375,OK,
weighted_roc,60.0,0.15,0.08,8,C,0.09555407971740149,0.2487338522190097,-0.22937851583816518,186.0,0.40384615384615385,6.643088101936891,7.588592451395844,52.0,42.59615384615385,OK,
weighted_roc,70.0,0.15,0.08,5,A,0.06687227780513161,0.391301839290802,-0.07558617772031323,179.0,0.48,2.9666536898365794,3.1616302112168366,25.0,52.84,OK,
weighted_roc,70.0,0.15,0.08,5,C,0.03372518221741272,0.028650267955410893,-0.16076366789326063,187.0,0.37142857142857144,4.427165619389578,4.711145326374682,35.0,47.25714285714286,OK,
weighted_roc,70.0,0.15,0.08,8,A,0.023482827002367035,-0.05899636955407513,-0.10546319140071427,189.0,0.4166666666666667,4.368218893939504,4.485848579604588,36.0,47.861111111111114,OK,
weighted_roc,70.0,0.15,0.08,8,C,0.05660412745181942,0.15273007253552504,-0.22233802414135487,185.0,0.4418604651162791,5.478171614405045,6.038186830593013,43.0,49.325581395348834,OK,
weighted_roc,70.0,0.15,0.06,5,A,0.024006312916689643,-0.0634091293850707,-0.09137374741393654,202.0,0.4074074074074074,3.239396008320065,3.2999869982469168,27.0,47.666666666666664,OK,
weighted_roc,70.0,0.15,0.06,5,C,0.023488652677051913,-0.05923203720269555,-0.16737164706922047,187.0,0.425,5.077028694708698,5.347832282122349,40.0,39.175,OK,
weighted_roc,70.0,0.15,0.06,8,A,0.008320601111949655,-0.2039383283565382,-0.10543543354971056,189.0,0.41025641025641024,4.731769766506884,4.750858615363086,39.0,41.0,OK,
weighted_roc,70.0,0.15,0.06,8,C,0.09949826126813388,0.39619657413569803,-0.18975532710955964,185.0,0.45652173913043476,5.96317361324573,6.852550092263396,46.0,49.21739130434783,OK,
weighted_roc,60.0,0.15,0.07,5,A,0.06351005500617024,0.2876617485417296,-0.0858245823024212,186.0,0.5,3.5726611895405984,3.7730004096414276,30.0,46.93333333333333,OK,
weighted_roc,60.0,0.15,0.07,5,C,0.0036101653774844866,-0.23357485571745087,-0.16310109470268702,186.0,0.35555555555555557,5.666551441791709,5.8413159283061855,45.0,32.2,OK,
weighted_roc,60.0,0.15,0.07,8,A,0.1149822845559132,0.5269815575474573,-0.121671348968052,185.0,0.5142857142857142,4.129296861690891,4.7209656686306865,35.0,57.42857142857143,OK,
weighted_roc,60.0,0.15,0.07,8,C,0.08738878733571331,0.2320503351754865,-0.21484194113482963,186.0,0.38461538461538464,6.609033753146552,7.447470712272291,52.0,40.94230769230769,OK,
weighted_roc,60.0,0.2,0.07,5,A,0.06351005500617024,0.2876617485417296,-0.0858245823024212,186.0,0.5,3.5726611895405984,3.7730004096414276,30.0,46.93333333333333,OK,
weighted_roc,60.0,0.2,0.07,5,C,0.021054136863770223,-0.0743790883081087,-0.14081881961337966,186.0,0.3673469387755102,6.146122884705069,6.3730027715906425,49.0,34.30612244897959,OK,
weighted_roc,60.0,0.2,0.07,8,A,0.1149822845559132,0.5269815575474573,-0.121671348968052,185.0,0.5142857142857142,4.129296861690891,4.7209656686306865,35.0,57.42857142857143,OK,
weighted_roc,60.0,0.2,0.07,8,C,0.09910907280966197,0.27559264622982205,-0.21484194113482963,186.0,0.39655172413793105,7.472287670925799,8.472084039678231,58.0,40.91379310344828,OK,
weighted_roc,60.0,0.1,0.06,5,A,0.06634824710468346,0.31279178029630295,-0.08668418244410024,186.0,0.5,3.568535807009974,3.78364489389163,30.0,46.36666666666667,OK,
weighted_roc,60.0,0.1,0.06,5,C,0.013192246267572205,-0.14046910927631806,-0.15356036443606752,185.0,0.358974358974359,4.873427666744973,4.988576873504642,39.0,35.84615384615385,OK,
weighted_roc,60.0,0.1,0.06,8,A,0.1142761026560346,0.5229144438006128,-0.12159258669726657,185.0,0.5142857142857142,4.129097274353395,4.715276722776225,35.0,57.31428571428572,OK,
weighted_roc,60.0,0.1,0.06,8,C,0.10401668587231572,0.3014016648318663,-0.2154871911893609,187.0,0.425531914893617,5.863760056019113,6.6127417780973134,47.0,40.57446808510638,OK,
weighted_roc,60.0,0.1,0.08,5,A,0.07539744126943204,0.3851517138055128,-0.08416742347065817,186.0,0.5384615384615384,3.1312086284654885,3.3746353811704126,26.0,53.19230769230769,OK,
weighted_roc,60.0,0.1,0.08,5,C,0.04051774406850628,0.07514103423784717,-0.11923150343937329,187.0,0.4444444444444444,4.489327913409744,4.730025161363624,36.0,40.44444444444444,OK,
weighted_roc,60.0,0.1,0.08,8,A,0.12191743719600301,0.5757318412728606,-0.12149036177629279,185.0,0.53125,3.7970117790961884,4.391719508698065,32.0,61.59375,OK,
weighted_roc,60.0,0.1,0.08,8,C,0.12438001818790667,0.34073978745698413,-0.2468614820225844,186.0,0.46511627906976744,5.234115718457152,6.045047069042817,43.0,48.81395348837209,OK,
weighted_roc,60.0,0.2,0.08,5,A,0.07539744126943204,0.3851517138055128,-0.08416742347065817,186.0,0.5384615384615384,3.1312086284654885,3.3746353811704126,26.0,53.19230769230769,OK,
weighted_roc,60.0,0.2,0.08,5,C,0.032041346409926064,0.014178663944721918,-0.11891846209107745,187.0,0.375,6.0662195064411,6.3422933615139945,48.0,35.375,OK,
weighted_roc,60.0,0.2,0.08,8,A,0.12191743719600301,0.5757318412728606,-0.12149036177629279,185.0,0.53125,3.7970117790961884,4.391719508698065,32.0,61.59375,OK,
weighted_roc,60.0,0.2,0.08,8,C,0.11456231535997308,0.3186054011660322,-0.22937851583816518,186.0,0.43859649122807015,7.37992314683634,8.491654531921878,57.0,42.175438596491226,OK,
weighted_roc,70.0,0.15,0.07,5,A,0.021346839572266463,-0.09115287243418928,-0.09163222085163147,203.0,0.4074074074074074,3.2435622323459263,3.291959253892353,27.0,48.2962962962963,OK,
weighted_roc,70.0,0.15,0.07,5,C,0.016623919492347206,-0.12066409593902647,-0.1697515494760794,184.0,0.35135135135135137,4.664008689014659,4.8815670524822865,37.0,42.513513513513516,OK,
weighted_roc,70.0,0.15,0.07,8,A,0.011118190277167761,-0.1764591604106742,-0.10554067909389474,189.0,0.42105263157894735,4.617021500636011,4.656749567540984,38.0,42.68421052631579,OK,
weighted_roc,70.0,0.15,0.07,8,C,0.08154667430061968,0.2977013279147461,-0.20844871825701577,185.0,0.41304347826086957,5.86393384210303,6.56072898004036,46.0,46.97826086956522,OK,
weighted_roc,70.0,0.2,0.06,5,A,0.024006312916689643,-0.0634091293850707,-0.09137374741393654,202.0,0.4074074074074074,3.239396008320065,3.2999869982469168,27.0,47.666666666666664,OK,
weighted_roc,70.0,0.2,0.06,5,C,0.04635366290617027,0.14414483234034278,-0.1419248475257488,187.0,0.45454545454545453,5.606673627730581,5.961834288768948,44.0,39.61363636363637,OK,
weighted_roc,70.0,0.2,0.06,8,A,0.008320601111949655,-0.2039383283565382,-0.10543543354971056,189.0,0.41025641025641024,4.731769766506884,4.750858615363086,39.0,41.0,OK,
weighted_roc,70.0,0.2,0.06,8,C,0.13230161638456184,0.5689125490539239,-0.1599004524911245,185.0,0.52,6.5324292694483175,7.6101014256315604,50.0,50.02,OK,
weighted_roc,70.0,0.2,0.08,5,A,0.06687227780513161,0.391301839290802,-0.07558617772031323,179.0,0.48,2.9666536898365794,3.1616302112168366,25.0,52.84,OK,
weighted_roc,70.0,0.2,0.08,5,C,0.05133387245868204,0.16061733545389792,-0.13895495736562047,187.0,0.41025641025641024,4.966424979344339,5.316244161033564,39.0,46.05128205128205,OK,
weighted_roc,70.0,0.2,0.08,8,A,0.023482827002367035,-0.05899636955407513,-0.10546319140071427,189.0,0.4166666666666667,4.368218893939504,4.485848579604588,36.0,47.861111111111114,OK,
weighted_roc,70.0,0.2,0.08,8,C,0.07154963371945366,0.23350645451769905,-0.19180777025521084,185.0,0.4583333333333333,6.168005750293131,6.844129026190218,48.0,48.8125,OK,
weighted_roc,80.0,0.15,0.06,5,A,0.04549616496019904,0.15421531019289703,-0.07885064683827178,186.0,0.4230769230769231,3.1251898612707527,3.247653901072425,26.0,49.76923076923077,OK,
weighted_roc,80.0,0.15,0.06,5,C,-0.0006184952730219351,-0.26817769145968584,-0.16079255833034461,185.0,0.375,4.99307255353675,5.088350870902361,40.0,37.025,OK,
weighted_roc,80.0,0.15,0.06,8,A,0.021392922454799956,-0.07756682979783917,-0.09973937071983448,212.0,0.3235294117647059,4.129497364574921,4.181099748833361,34.0,44.0,OK,
weighted_roc,80.0,0.15,0.06,8,C,0.048495571423519346,0.11178385165115896,-0.1941581782961435,185.0,0.38,6.357832163017603,6.858313712518465,50.0,40.96,OK,
weighted_roc,70.0,0.2,0.07,5,A,0.021346839572266463,-0.09115287243418928,-0.09163222085163147,203.0,0.4074074074074074,3.2435622323459263,3.291959253892353,27.0,48.2962962962963,OK,
weighted_roc,70.0,0.2,0.07,5,C,0.03398191605022305,0.03488417790622582,-0.15525349943861724,184.0,0.3902439024390244,5.178024580382202,5.450604118198879,41.0,41.829268292682926,OK,
weighted_roc,70.0,0.2,0.07,8,A,0.011118190277167761,-0.1764591604106742,-0.10554067909389474,189.0,0.42105263157894735,4.617021500636011,4.656749567540984,38.0,42.68421052631579,OK,
weighted_roc,70.0,0.2,0.07,8,C,0.09679712943256091,0.37534189959269254,-0.18382510650384956,185.0,0.43137254901960786,6.574477524336687,7.41239310253806,51.0,47.431372549019606,OK,
weighted_roc,80.0,0.1,0.07,5,A,0.0461241990003145,0.16052609847400318,-0.07871791798323087,186.0,0.4230769230769231,3.125803698705186,3.251831820412097,26.0,49.92307692307692,OK,
weighted_roc,80.0,0.1,0.07,5,C,-0.0027615171378355674,-0.2839021968079251,-0.14254485079617824,185.0,0.3125,3.9775820545552176,4.003442649260914,32.0,41.09375,OK,
weighted_roc,80.0,0.1,0.07,8,A,0.02286046338220138,-0.06415038264436142,-0.09953057341184349,212.0,0.3333333333333333,3.9867176287028903,4.041580561548824,33.0,45.515151515151516,OK,
weighted_roc,80.0,0.1,0.07,8,C,0.03710212955897019,0.04796434847079276,-0.14326494782313506,185.0,0.30952380952380953,5.1927528280396205,5.404925906553673,42.0,40.333333333333336,OK,
weighted_roc,80.0,0.2,0.06,5,A,0.04549616496019904,0.15421531019289703,-0.07885064683827178,186.0,0.4230769230769231,3.1251898612707527,3.247653901072425,26.0,49.76923076923077,OK,
weighted_roc,80.0,0.2,0.06,5,C,0.00917263839483895,-0.17484320233010145,-0.14250654647362568,185.0,0.34146341463414637,5.1144518143903,5.2382264118267186,41.0,40.26829268292683,OK,
weighted_roc,80.0,0.2,0.06,8,A,0.021392922454799956,-0.07756682979783917,-0.09973937071983448,212.0,0.3235294117647059,4.129497364574921,4.181099748833361,34.0,44.0,OK,
weighted_roc,80.0,0.2,0.06,8,C,0.06167658649299157,0.18422828911889702,-0.18042379142656514,185.0,0.39622641509433965,6.758854024941976,7.327591972446177,53.0,42.79245283018868,OK,
weighted_roc,80.0,0.15,0.07,5,A,0.0461241990003145,0.16052609847400318,-0.07871791798323087,186.0,0.4230769230769231,3.125803698705186,3.251831820412097,26.0,49.92307692307692,OK,
weighted_roc,80.0,0.15,0.07,5,C,-0.007366691552432747,-0.3239191314158267,-0.17403331657119162,185.0,0.32432432432432434,4.59272423342817,4.643686368225339,37.0,39.432432432432435,OK,
weighted_roc,80.0,0.15,0.07,8,A,0.02286046338220138,-0.06415038264436142,-0.09953057341184349,212.0,0.3333333333333333,3.9867176287028903,4.041580561548824,33.0,45.515151515151516,OK,
weighted_roc,80.0,0.15,0.07,8,C,0.030284878660564285,0.0018817717910422842,-0.18679178326310644,185.0,0.3333333333333333,6.033206964344541,6.323713479271402,48.0,39.6875,OK,
weighted_roc,80.0,0.1,0.08,5,A,0.05651317615524776,0.2552254518242557,-0.07868865818276127,186.0,0.5,2.8924182923827226,3.0586382715928555,24.0,57.375,OK,
weighted_roc,80.0,0.1,0.08,5,C,0.030788235756824323,0.005579792470630791,-0.14190767001215396,185.0,0.4074074074074074,3.373583083108558,3.528412978030153,27.0,55.51851851851852,OK,
weighted_roc,80.0,0.1,0.08,8,A,0.027754380139986212,-0.019971825793571627,-0.09832934430377677,186.0,0.36363636363636365,4.014032226720762,4.109728223116015,33.0,47.60606060606061,OK,
weighted_roc,80.0,0.1,0.08,8,C,0.015254555063083819,-0.09692805861910984,-0.15567142419271546,185.0,0.3157894736842105,4.740856432207332,4.87624105551026,38.0,48.13157894736842,OK,
weighted_roc,80.0,0.2,0.08,5,A,0.05651317615524776,0.2552254518242557,-0.07868865818276127,186.0,0.5,2.8924182923827226,3.0586382715928555,24.0,57.375,OK,
weighted_roc,80.0,0.2,0.08,5,C,0.03325354330889074,0.022565477602905868,-0.1584381465869985,185.0,0.38235294117647056,4.275495586212562,4.48636491554825,34.0,50.705882352941174,OK,
weighted_roc,80.0,0.2,0.08,8,A,0.027754380139986212,-0.019971825793571627,-0.09832934430377677,186.0,0.36363636363636365,4.014032226720762,4.109728223116015,33.0,47.60606060606061,OK,
weighted_roc,80.0,0.2,0.08,8,C,0.024944855463175708,-0.03132439762470439,-0.1720499827648585,185.0,0.34782608695652173,5.7515472525075095,6.0142599355382105,46.0,49.23913043478261,OK,
weighted_roc,80.0,0.15,0.08,5,A,0.05651317615524776,0.2552254518242557,-0.07868865818276127,186.0,0.5,2.8924182923827226,3.0586382715928555,24.0,57.375,OK,
weighted_roc,80.0,0.15,0.08,5,C,0.018972274404940537,-0.0780432681839685,-0.18048552666440915,185.0,0.3939393939393939,4.142956107946957,4.323513028300285,33.0,48.15151515151515,OK,
weighted_roc,80.0,0.15,0.08,8,A,0.027754380139986212,-0.019971825793571627,-0.09832934430377677,186.0,0.36363636363636365,4.014032226720762,4.109728223116015,33.0,47.60606060606061,OK,
weighted_roc,80.0,0.15,0.08,8,C,0.0033519190169390978,-0.1725523695127499,-0.20444914510508597,185.0,0.3181818181818182,5.519620507351218,5.724977207467451,44.0,46.40909090909091,OK,
weighted_roc,80.0,0.1,0.06,5,A,0.04549616496019904,0.15421531019289703,-0.07885064683827178,186.0,0.4230769230769231,3.1251898612707527,3.247653901072425,26.0,49.76923076923077,OK,
weighted_roc,80.0,0.1,0.06,5,C,0.0037396478196680683,-0.2330637517971716,-0.12641072763934189,185.0,0.35294117647058826,4.22489477883544,4.254630044882,34.0,38.0,OK,
weighted_roc,80.0,0.1,0.06,8,A,0.021392922454799956,-0.07756682979783917,-0.09973937071983448,212.0,0.3235294117647059,4.129497364574921,4.181099748833361,34.0,44.0,OK,
weighted_roc,80.0,0.1,0.06,8,C,0.046728857769606114,0.10302075432884163,-0.1603194423411619,185.0,0.3488372093023256,5.3385767281902865,5.619286415516846,43.0,40.95348837209303,OK,
weighted_roc,80.0,0.2,0.07,5,A,0.0461241990003145,0.16052609847400318,-0.07871791798323087,186.0,0.4230769230769231,3.125803698705186,3.251831820412097,26.0,49.92307692307692,OK,
weighted_roc,80.0,0.2,0.07,5,C,0.004511551207158515,-0.2136771911628206,-0.15861612017091603,185.0,0.3333333333333333,4.838733451239046,4.916931776413859,39.0,41.30769230769231,OK,
weighted_roc,80.0,0.2,0.07,8,A,0.02286046338220138,-0.06415038264436142,-0.09953057341184349,212.0,0.3333333333333333,3.9867176287028903,4.041580561548824,33.0,45.515151515151516,OK,
weighted_roc,80.0,0.2,0.07,8,C,0.04288431090901734,0.08053090739815111,-0.16070878584519258,185.0,0.3333333333333333,6.4200292127704595,6.771190100572939,51.0,42.1764705882353,OK,
roc126,60.0,0.1,0.06,5,A,0.09402381926635095,0.6150201782668157,-0.08258353362385015,186.0,0.5,3.6683268376383396,4.103716634329597,30.0,46.43333333333333,OK,
roc126,60.0,0.1,0.06,5,C,-0.002999282894043276,-0.268481923435526,-0.1684552532868687,229.0,0.3181818181818182,5.517254927672924,5.56428079942938,44.0,30.09090909090909,OK,
roc126,60.0,0.1,0.06,8,A,0.0768351789118642,0.3394209386870846,-0.10985207643113333,187.0,0.4186046511627907,5.26201819541072,5.7391529155219345,43.0,40.74418604651163,OK,
roc126,60.0,0.1,0.06,8,C,0.12196036514741349,0.43846286847234456,-0.17434043153964437,187.0,0.4489795918367347,6.146987743744316,7.252970658664353,49.0,41.224489795918366,OK,
roc126,60.0,0.1,0.07,5,A,0.09340313430515668,0.6065467574479388,-0.08529783464697456,186.0,0.5,3.672784044824843,4.108506325477519,30.0,47.03333333333333,OK,
roc126,60.0,0.1,0.07,5,C,0.004912648331226066,-0.20778715780279725,-0.15592824733003144,229.0,0.37209302325581395,5.384247981043967,5.497804649235024,43.0,31.232558139534884,OK,
roc126,60.0,0.1,0.07,8,A,0.08080954309243582,0.3674381305123345,-0.10988325033949514,187.0,0.42857142857142855,5.14562188037621,5.650694059853441,42.0,42.23809523809524,OK,
roc126,60.0,0.1,0.07,8,C,0.12023241205159874,0.42732195712276855,-0.172639121705931,186.0,0.425531914893617,5.852790880005386,6.852275445426775,47.0,44.48936170212766,OK,
roc126,60.0,0.1,0.08,5,A,0.10178336765889107,0.6741891269226381,-0.0852704040857295,186.0,0.5714285714285714,3.447799410876295,3.912212678432126,28.0,50.607142857142854,OK,
roc126,60.0,0.1,0.08,5,C,0.02600028773141516,-0.026803888319873414,-0.13194448257973682,186.0,0.3902439024390244,5.131554379573821,5.325690242730021,41.0,36.853658536585364,OK,
roc126,60.0,0.1,0.08,8,A,0.08513933421846986,0.39230678232100463,-0.10998017994985182,187.0,0.45,4.899573440161857,5.425471124187677,40.0,45.0,OK,
roc126,60.0,0.1,0.08,8,C,0.07795225091456404,0.22935738912312342,-0.17747482057509234,185.0,0.4,6.37092232728952,7.172365034234626,50.0,41.78,OK,
roc126,60.0,0.15,0.06,5,A,0.09402381926635095,0.6150201782668157,-0.08258353362385015,186.0,0.5,3.6683268376383396,4.103716634329597,30.0,46.43333333333333,OK,
roc126,60.0,0.15,0.06,5,C,0.0008002685122223685,-0.23700722582234082,-0.1695538923969601,229.0,0.41509433962264153,6.637732482606015,6.764003810727733,53.0,28.62264150943396,OK,
roc126,60.0,0.15,0.06,8,A,0.0768351789118642,0.3394209386870846,-0.10985207643113333,187.0,0.4186046511627907,5.26201819541072,5.7391529155219345,43.0,40.74418604651163,OK,
roc126,60.0,0.15,0.06,8,C,0.12449174699642684,0.5012719260066215,-0.18525753334907802,187.0,0.43333333333333335,7.76549402631819,9.126643923883181,60.0,36.3,OK,
roc126,60.0,0.2,0.06,5,A,0.09402381926635095,0.6150201782668157,-0.08258353362385015,186.0,0.5,3.6683268376383396,4.103716634329597,30.0,46.43333333333333,OK,
roc126,60.0,0.2,0.06,5,C,0.018317166499065785,-0.09230144132632873,-0.17891489228812127,229.0,0.42857142857142855,7.009071283887402,7.185648211309906,56.0,29.857142857142858,OK,
roc126,60.0,0.2,0.06,8,A,0.0848606321956642,0.38314558353393335,-0.12324265306406368,185.0,0.4146341463414634,4.956485159274359,5.4542793246595815,41.0,44.829268292682926,OK,
roc126,60.0,0.2,0.06,8,C,0.13073366965408706,0.5327283314966432,-0.1812200669453983,187.0,0.46153846153846156,8.524986656883318,10.077580376384025,65.0,36.07692307692308,OK,
roc126,60.0,0.15,0.07,5,A,0.09340313430515668,0.6065467574479388,-0.08529783464697456,186.0,0.5,3.672784044824843,4.108506325477519,30.0,47.03333333333333,OK,
roc126,60.0,0.15,0.07,5,C,-0.003417592295894334,-0.2756508611513324,-0.17219810630616608,229.0,0.36,6.253005120411455,6.349045655036629,50.0,29.34,OK,
roc126,60.0,0.15,0.07,8,A,0.08861642442432616,0.4078846727549997,-0.1261124890664848,185.0,0.425,4.841585919604042,5.363911905611807,40.0,46.5,OK,
roc126,60.0,0.15,0.07,8,C,0.12038648397885288,0.48292785755393713,-0.1939616985257207,186.0,0.43103448275862066,7.479586103302053,8.765873655479508,58.0,37.44827586206897,OK,
roc126,60.0,0.2,0.08,5,A,0.10178336765889107,0.6741891269226381,-0.0852704040857295,186.0,0.5714285714285714,3.447799410876295,3.912212678432126,28.0,50.607142857142854,OK,
roc126,60.0,0.2,0.08,5,C,0.03902644264931632,0.059534712914596104,-0.14378966466463056,186.0,0.40816326530612246,6.161548746683755,6.398161334896384,49.0,35.16326530612245,OK,
roc126,60.0,0.2,0.08,8,A,0.08513933421846986,0.39230678232100463,-0.10998017994985182,187.0,0.45,4.899573440161857,5.425471124187677,40.0,45.0,OK,
roc126,60.0,0.2,0.08,8,C,0.15240859634963067,0.5753972700950228,-0.17229771627057952,186.0,0.5,7.836890817963729,9.432502004047558,60.0,40.56666666666667,OK,
roc126,60.0,0.15,0.08,5,A,0.10178336765889107,0.6741891269226381,-0.0852704040857295,186.0,0.5714285714285714,3.447799410876295,3.912212678432126,28.0,50.607142857142854,OK,
roc126,60.0,0.15,0.08,5,C,0.010330819300832905,-0.1342383654684408,-0.15983916378834565,186.0,0.375,6.032498277998447,6.205582768129172,48.0,32.4375,OK,
roc126,60.0,0.15,0.08,8,A,0.08513933421846986,0.39230678232100463,-0.10998017994985182,187.0,0.45,4.899573440161857,5.425471124187677,40.0,45.0,OK,
roc126,60.0,0.15,0.08,8,C,0.1373787863862166,0.5063397884735238,-0.1851411901423756,186.0,0.43636363636363634,7.0479632899075755,8.406826631559822,55.0,41.38181818181818,OK,
roc126,60.0,0.2,0.07,5,A,0.09340313430515668,0.6065467574479388,-0.08529783464697456,186.0,0.5,3.672784044824843,4.108506325477519,30.0,47.03333333333333,OK,
roc126,60.0,0.2,0.07,5,C,0.021530775171055172,-0.06745349790919893,-0.15923012605638281,229.0,0.41509433962264153,6.636920093291766,6.797143651245564,53.0,31.849056603773583,OK,
roc126,60.0,0.2,0.07,8,A,0.08080954309243582,0.3674381305123345,-0.10988325033949514,187.0,0.42857142857142855,5.14562188037621,5.650694059853441,42.0,42.23809523809524,OK,
roc126,60.0,0.2,0.07,8,C,0.12269923927983384,0.49044382984048557,-0.184033557967456,186.0,0.43548387096774194,8.097087719018358,9.535245896538667,62.0,37.854838709677416,OK,
roc126,70.0,0.15,0.07,5,A,0.10415904347970062,0.6354000944290022,-0.08453334794298727,186.0,0.52,3.0483665504631414,3.4607178661145963,25.0,56.56,OK,
roc126,70.0,0.15,0.07,5,C,0.08063626754895559,0.3841056167275418,-0.13642387280838927,187.0,0.43902439024390244,5.414430967575205,6.201954416083338,41.0,41.926829268292686,OK,
roc126,70.0,0.15,0.07,8,A,0.04726396397686172,0.13984274261596286,-0.11640819494322042,228.0,0.4166666666666667,4.585294015614368,4.971806433667535,36.0,46.19444444444444,OK,
roc126,70.0,0.15,0.07,8,C,0.106499896115964,0.4041878240096089,-0.19728121213827696,185.0,0.38,6.545214382423352,7.703119609737881,50.0,45.68,OK,
roc126,70.0,0.1,0.07,5,A,0.10415904347970062,0.6354000944290022,-0.08453334794298727,186.0,0.52,3.0483665504631414,3.4607178661145963,25.0,56.56,OK,
roc126,70.0,0.1,0.07,5,C,0.07832539886645629,0.3718365155240036,-0.12409850767255998,187.0,0.45454545454545453,4.2878175123313484,4.845556975196561,33.0,47.39393939393939,OK,
roc126,70.0,0.1,0.07,8,A,0.04726396397686172,0.13984274261596286,-0.11640819494322042,228.0,0.4166666666666667,4.585294015614368,4.971806433667535,36.0,46.19444444444444,OK,
roc126,70.0,0.1,0.07,8,C,0.11444662840704578,0.40538488154445823,-0.17212679943068213,185.0,0.4186046511627907,5.443375632336604,6.3707900904844,43.0,47.627906976744185,OK,
roc126,70.0,0.15,0.08,5,A,0.11348570849917095,0.7018705659704275,-0.08453333929811008,186.0,0.6086956521739131,2.8180094048219835,3.2510322280881163,23.0,62.30434782608695,OK,
roc126,70.0,0.15,0.08,5,C,0.09502451789622346,0.4160257948451196,-0.14636984995283464,187.0,0.4594594594594595,4.8812620301769885,5.6696969395636785,37.0,48.7027027027027,OK,
roc126,70.0,0.15,0.08,8,A,0.05707697488806507,0.21427760045431274,-0.11618978179830267,228.0,0.47058823529411764,4.3329703708856,4.771577722234943,34.0,50.76470588235294,OK,
roc126,70.0,0.15,0.08,8,C,0.06418590625518461,0.18222456941277446,-0.2132007808639134,185.0,0.37254901960784315,6.634691619765698,7.530113515676264,51.0,45.07843137254902,OK,
roc126,70.0,0.1,0.06,5,A,0.10150501344693219,0.6127543027044485,-0.08406012752307075,186.0,0.5,3.1571995286170154,3.56928309643798,26.0,54.38461538461539,OK,
roc126,70.0,0.1,0.06,5,C,0.07056980424391557,0.31139819557845894,-0.14226099329828482,187.0,0.4444444444444444,4.687245244177925,5.265931733726209,36.0,44.888888888888886,OK,
roc126,70.0,0.1,0.06,8,A,0.04860370953534621,0.15160728821938277,-0.10456294164251251,185.0,0.40540540540540543,4.69210254491991,5.078732387347375,37.0,44.4054054054054,OK,
roc126,70.0,0.1,0.06,8,C,0.11823307576709463,0.42260564896926545,-0.17462874561930167,187.0,0.4318181818181818,5.590826302391869,6.585798977832518,44.0,46.20454545454545,OK,
roc126,70.0,0.1,0.08,5,A,0.11348570849917095,0.7018705659704275,-0.08453333929811008,186.0,0.6086956521739131,2.8180094048219835,3.2510322280881163,23.0,62.30434782608695,OK,
roc126,70.0,0.1,0.08,5,C,0.09341964526015123,0.4123074119398915,-0.12839023766574456,187.0,0.4838709677419355,4.0121447326073625,4.602669498865055,31.0,54.29032258064516,OK,
roc126,70.0,0.1,0.08,8,A,0.05707697488806507,0.21427760045431274,-0.11618978179830267,228.0,0.47058823529411764,4.3329703708856,4.771577722234943,34.0,50.76470588235294,OK,
roc126,70.0,0.1,0.08,8,C,0.07793731998508657,0.24758334733911194,-0.1733888158486111,185.0,0.38095238095238093,5.381839970396656,6.083108282074402,42.0,50.45238095238095,OK,
roc126,70.0,0.15,0.06,5,A,0.10150501344693219,0.6127543027044485,-0.08406012752307075,186.0,0.5,3.1571995286170154,3.56928309643798,26.0,54.38461538461539,OK,
roc126,70.0,0.15,0.06,5,C,0.07858308528914026,0.36778265759933787,-0.1522947450300731,187.0,0.4772727272727273,5.82019988720384,6.679313459194183,44.0,39.84090909090909,OK,
roc126,70.0,0.15,0.06,8,A,0.04860370953534621,0.15160728821938277,-0.10456294164251251,185.0,0.40540540540540543,4.69210254491991,5.078732387347375,37.0,44.4054054054054,OK,
roc126,70.0,0.15,0.06,8,C,0.11613920651783616,0.45641206699451176,-0.18548872768681032,187.0,0.4230769230769231,6.832732957949396,8.119337728176705,52.0,43.71153846153846,OK,
roc126,70.0,0.2,0.07,5,A,0.10415904347970062,0.6354000944290022,-0.08453334794298727,186.0,0.52,3.0483665504631414,3.4607178661145963,25.0,56.56,OK,
roc126,70.0,0.2,0.07,5,C,0.0931727240281437,0.4721911081297674,-0.13485491647614004,187.0,0.4666666666666667,5.991539556801779,6.897204483597038,45.0,41.82222222222222,OK,
roc126,70.0,0.2,0.07,8,A,0.04726396397686172,0.13984274261596286,-0.11640819494322042,228.0,0.4166666666666667,4.585294015614368,4.971806433667535,36.0,46.19444444444444,OK,
roc126,70.0,0.2,0.07,8,C,0.1297300487575861,0.5229987169768082,-0.17756573180045263,185.0,0.43636363636363634,7.303715154640582,8.683445458353653,55.0,44.67272727272727,OK,
roc126,70.0,0.2,0.08,5,A,0.11348570849917095,0.7018705659704275,-0.08453333929811008,186.0,0.6086956521739131,2.8180094048219835,3.2510322280881163,23.0,62.30434782608695,OK,
roc126,70.0,0.2,0.08,5,C,0.10788144972014635,0.4928352993991089,-0.1416570892735836,187.0,0.4878048780487805,5.459607243276111,6.3740673790478075,41.0,47.926829268292686,OK,
roc126,70.0,0.2,0.08,8,A,0.060345639940305285,0.24150495851655174,-0.11724910947006105,228.0,0.47058823529411764,4.34120113102695,4.802464688080872,34.0,49.73529411764706,OK,
roc126,70.0,0.2,0.08,8,C,0.09199339637457671,0.3245197674950521,-0.20211756030313033,185.0,0.41509433962264153,6.921996415725778,7.954618501017244,53.0,46.905660377358494,OK,
roc126,70.0,0.2,0.06,5,A,0.10150501344693219,0.6127543027044485,-0.08406012752307075,186.0,0.5,3.1571995286170154,3.56928309643798,26.0,54.38461538461539,OK,
roc126,70.0,0.2,0.06,5,C,0.0995727176880854,0.5176443404100058,-0.1530036317753236,187.0,0.5,6.116336332074253,7.070703241382327,46.0,40.97826086956522,OK,
roc126,70.0,0.2,0.06,8,A,0.04860370953534621,0.15160728821938277,-0.10456294164251251,185.0,0.40540540540540543,4.69210254491991,5.078732387347375,37.0,44.4054054054054,OK,
roc126,70.0,0.2,0.06,8,C,0.14902368669398625,0.6218550362032128,-0.18048374598834652,187.0,0.5,7.453499944607672,9.004729851918066,56.0,44.642857142857146,OK,
roc126,80.0,0.1,0.06,5,A,0.07156731172555841,0.43707482282594956,-0.06485922469304832,186.0,0.4,3.120850965763264,3.4331070321708017,25.0,53.04,OK,
roc126,80.0,0.1,0.06,5,C,-0.008689820407219107,-0.32535232422288873,-0.15369553992251986,229.0,0.2857142857142857,4.366009050735848,4.364766740183271,35.0,37.48571428571429,OK,
roc126,80.0,0.1,0.06,8,A,0.009065261390520662,-0.21207389878573055,-0.1453169108584015,228.0,0.3333333333333333,4.618742596567993,4.8069805929738365,36.0,40.69444444444444,OK,
roc126,80.0,0.1,0.06,8,C,0.04950826978545342,0.11803169863381463,-0.1434588188354107,187.0,0.36585365853658536,5.164153926641559,5.50792934166612,41.0,41.24390243902439,OK,
roc126,80.0,0.1,0.07,5,A,0.06891552845548299,0.4078092697870885,-0.0648631012903892,186.0,0.4,3.1236721109160026,3.4307717010171923,25.0,53.2,OK,
roc126,80.0,0.1,0.07,5,C,-0.0034871585980273956,-0.2751006626153898,-0.13713350941376262,229.0,0.3333333333333333,4.092723275980887,4.103193335617474,33.0,43.27272727272727,OK,
roc126,80.0,0.1,0.07,8,A,0.01374151980042071,-0.1651403497838687,-0.13908381322907518,228.0,0.34285714285714286,4.470403613529211,4.674143778642855,35.0,41.97142857142857,OK,
roc126,80.0,0.1,0.07,8,C,0.052965424801315164,0.13561934306855686,-0.14704520082058692,185.0,0.358974358974359,4.8556310353862635,5.170230392401345,39.0,45.56410256410256,OK,
roc126,80.0,0.15,0.06,5,A,0.07156731172555841,0.43707482282594956,-0.06485922469304832,186.0,0.4,3.120850965763264,3.4331070321708017,25.0,53.04,OK,
roc126,80.0,0.15,0.06,5,C,0.001482499171196805,-0.24314311465100305,-0.15510826358237306,230.0,0.3333333333333333,5.278766372163997,5.416941993704824,42.0,37.73809523809524,OK,
roc126,80.0,0.15,0.06,8,A,0.009065261390520662,-0.21207389878573055,-0.1453169108584015,228.0,0.3333333333333333,4.618742596567993,4.8069805929738365,36.0,40.69444444444444,OK,
roc126,80.0,0.15,0.06,8,C,0.04194224262977042,0.07172508620226038,-0.16168464481308303,187.0,0.36,6.324850226166576,6.731975202853384,50.0,34.8,OK,
roc126,80.0,0.1,0.08,5,A,0.07641949259664393,0.4777690148967932,-0.07359018192234215,186.0,0.4583333333333333,3.012914045541223,3.3482256888459094,24.0,54.833333333333336,OK,
roc126,80.0,0.1,0.08,5,C,0.004671239245567893,-0.1733714917406267,-0.1512202666844248,228.0,0.41935483870967744,3.8696033637734684,3.9533861368356162,31.0,47.87096774193548,OK,
roc126,80.0,0.1,0.08,8,A,0.05667693209610647,0.25215702451940464,-0.1034060604465459,187.0,0.3939393939393939,4.158392986716838,4.530597202277487,33.0,47.75757575757576,OK,
roc126,80.0,0.1,0.08,8,C,0.011105654782624708,-0.10681342858105648,-0.1819242595526635,228.0,0.35135135135135137,4.626008345386785,4.7866500072904365,37.0,51.270270270270274,OK,
roc126,80.0,0.15,0.07,5,A,0.06891552845548299,0.4078092697870885,-0.0648631012903892,186.0,0.4,3.1236721109160026,3.4307717010171923,25.0,53.2,OK,
roc126,80.0,0.15,0.07,5,C,-0.002591712700691251,-0.27832296968186615,-0.15203306079363726,230.0,0.325,5.001750057454233,5.102724340999013,40.0,40.575,OK,
roc126,80.0,0.15,0.07,8,A,0.01374151980042071,-0.1651403497838687,-0.13908381322907518,228.0,0.34285714285714286,4.470403613529211,4.674143778642855,35.0,41.97142857142857,OK,
roc126,80.0,0.15,0.07,8,C,0.040272993863800455,0.05910669086688248,-0.1733472398118267,185.0,0.3125,6.031026909009841,6.402809579196828,48.0,40.979166666666664,OK,
roc126,80.0,0.15,0.08,5,A,0.07641949259664393,0.4777690148967932,-0.07359018192234215,186.0,0.4583333333333333,3.012914045541223,3.3482256888459094,24.0,54.833333333333336,OK,
roc126,80.0,0.15,0.08,5,C,0.021584144897969004,-0.059070891249896416,-0.15751700582784164,185.0,0.37142857142857144,4.424295483565635,4.65237114871899,35.0,48.857142857142854,OK,
roc126,80.0,0.15,0.08,8,A,0.05667693209610647,0.25215702451940464,-0.1034060604465459,187.0,0.3939393939393939,4.158392986716838,4.530597202277487,33.0,47.75757575757576,OK,
roc126,80.0,0.15,0.08,8,C,-0.015304491841888312,-0.29476601306577443,-0.2008420099032856,185.0,0.32653061224489793,6.088960283578395,6.199325365220303,49.0,41.16326530612245,OK,
roc126,80.0,0.2,0.06,5,A,0.07156731172555841,0.43707482282594956,-0.06485922469304832,186.0,0.4,3.120850965763264,3.4331070321708017,25.0,53.04,OK,
roc126,80.0,0.2,0.06,5,C,0.025280512503888852,-0.038777866494777165,-0.14940328920429471,230.0,0.4222222222222222,5.6565480879568275,5.849362433818167,45.0,39.266666666666666,OK,
roc126,80.0,0.2,0.06,8,A,0.009065261390520662,-0.21207389878573055,-0.1453169108584015,228.0,0.3333333333333333,4.618742596567993,4.8069805929738365,36.0,40.69444444444444,OK,
roc126,80.0,0.2,0.06,8,C,0.06746922355397778,0.21710532279113479,-0.15068016760802774,187.0,0.3888888888888889,6.857224776226152,7.363175987816478,54.0,38.25925925925926,OK,
roc126,80.0,0.2,0.07,5,A,0.06891552845548299,0.4078092697870885,-0.0648631012903892,186.0,0.4,3.1236721109160026,3.4307717010171923,25.0,53.2,OK,
roc126,80.0,0.2,0.07,5,C,0.010392322693591138,-0.16261330161845403,-0.1466114137253647,230.0,0.3488372093023256,5.3673144634047345,5.502158605978367,43.0,41.2093023255814,OK,
roc126,80.0,0.2,0.07,8,A,0.01374151980042071,-0.1651403497838687,-0.13908381322907518,228.0,0.34285714285714286,4.470403613529211,4.674143778642855,35.0,41.97142857142857,OK,
roc126,80.0,0.2,0.07,8,C,0.0597366780295816,0.1672595421011721,-0.16196258895144663,185.0,0.36538461538461536,6.575940781330132,7.0287041684372,52.0,42.03846153846154,OK,
roc126,80.0,0.2,0.08,5,A,0.07641949259664393,0.4777690148967932,-0.07359018192234215,186.0,0.4583333333333333,3.012914045541223,3.3482256888459094,24.0,54.833333333333336,OK,
roc126,80.0,0.2,0.08,5,C,0.03849140859615807,0.05827094315194053,-0.1521292840377203,185.0,0.40540540540540543,4.679401361485214,4.943006488991852,37.0,50.567567567567565,OK,
roc126,80.0,0.2,0.08,8,A,0.05667693209610647,0.25215702451940464,-0.1034060604465459,187.0,0.3939393939393939,4.158392986716838,4.530597202277487,33.0,47.75757575757576,OK,
roc126,80.0,0.2,0.08,8,C,0.0036083085429279294,-0.16577620953792035,-0.18118140367925228,185.0,0.34615384615384615,6.451094271930984,6.607318935202179,52.0,43.0,OK,
