date,ticker,shares,mark_price,mark_value
2015-01-16,NT2,15600,7818.336466634066,121966048.87949143
2015-01-19,NT2,15600,7685.25839911689,119890031.0262235
2015-01-20,NT2,15600,7618.719365358303,118852022.09958953
2015-01-20,HT1,11700,10864.509601837995,127114762.34150454
2015-01-21,NT2,15600,7785.066949754772,121447044.41617446
2015-01-21,HT1,11700,10595.586096842006,123968357.33305147
2015-01-22,NT2,15600,7785.066949754772,121447044.41617446
2015-01-22,HT1,11700,10541.801395842807,123339076.33136085
2015-01-23,NT2,15600,7918.145017271948,123523062.26944238
2015-01-23,HT1,11700,11025.86370483559,129002605.34657641
2015-01-26,NT2,15600,7984.684051030536,124561071.19607635
2015-01-26,HT1,11700,11402.356611829975,133407572.3584107
2015-01-27,NT2,15600,7851.60598351336,122485053.34280841
2015-01-27,HT1,11700,11294.78720983158,132149010.3550295
2015-01-27,CTG,17900,7129.048886270185,127609975.06423631
2015-01-28,NT2,15600,7718.527915996185,120409035.48954049
2015-01-28,HT1,11700,10972.079003836392,128373324.34488578
2015-01-28,CTG,17900,7617.897952757284,136360373.35435537
2015-01-28,VHC,10700,11686.19827523915,125042321.5450589
2015-01-29,NT2,15600,7785.066949754772,121447044.41617446
2015-01-29,HT1,11700,10756.9401998396,125856200.33812332
2015-01-29,CTG,17900,7658.635374964541,137089573.21186528
2015-01-29,VHC,10700,12480.977503026195,133546459.28238028
2015-01-30,NT2,15600,7585.449848479008,118333017.63627253
2015-01-30,HT1,11700,10003.954385850828,117046266.31445469
2015-01-30,CTG,17900,7332.735997306476,131255974.35178591
2015-01-30,VHC,10700,12804.776447680177,137011107.9901779
2015-02-02,NT2,15600,7452.371780961833,116256999.7830046
2015-02-02,HT1,11700,10165.30848884842,118934109.31952652
2015-02-02,CTG,17900,7332.735997306476,131255974.35178591
2015-02-02,VHC,10700,12628.158841505277,135121299.60410646
2015-02-03,NT2,15600,7352.563230323952,114699986.39305365
2015-02-03,CTG,17900,6843.886930819378,122505576.06166686
2015-02-03,VHC,10700,11803.943346022415,126302193.80243984
2015-02-24,DXG,25600,4824.023862624664,123495010.88319139
2015-02-25,DXG,25600,4772.704459830784,122181234.17166807
2015-02-26,DXG,25600,4849.683564021603,124151899.23895304
2015-02-27,DXG,25600,4772.704459830784,122181234.17166807
2015-02-27,CTG,15200,7903.059908208091,120126510.60476299
2015-03-02,DXG,25600,4747.044758433844,121524345.81590642
2015-03-02,CTG,15200,7780.847641586316,118268884.152112
2015-03-03,DXG,25600,4849.683564021603,124151899.23895304
2015-03-03,CTG,15200,7821.585063793575,118888092.96966234
2015-03-04,DXG,25600,4969.87900740728,127228902.58962637
2015-03-04,CTG,15200,7821.585063793575,118888092.96966234
2015-03-05,DXG,25600,4915.858583413723,125845979.7353913
2015-03-05,CTG,15200,7658.635374964541,116411257.69946103
2015-03-06,DXG,25600,5023.899431400838,128611825.44386145
2015-03-06,CTG,15200,7780.847641586316,118268884.152112
2015-03-09,DXG,25600,4834.827947423387,123771595.45403871
2015-03-09,CTG,15200,7617.897952757284,115792048.88191071
2015-03-09,NT2,14900,8184.301152306299,121946087.16936386
2015-03-10,DXG,25600,4807.817735426608,123080134.02692117
2015-03-10,CTG,15200,7658.635374964541,116411257.69946103
2015-03-10,NT2,14900,8017.953567909829,119467508.16185646
2015-03-11,DXG,25600,4726.787099436272,121005749.74556856
2015-03-11,CTG,15200,7658.635374964541,116411257.69946103
2015-03-11,NT2,14900,8051.223084789123,119963223.96335794
2015-03-12,DXG,25600,4726.787099436272,121005749.74556856
2015-03-12,CTG,15200,7699.3727971718,117030466.51701136
2015-03-12,NT2,14900,8250.840186064886,122937518.7723668
2015-03-13,DXG,25600,4888.848371416944,125154518.30827378
2015-03-13,CTG,15200,7780.847641586316,118268884.152112
2015-03-13,NT2,14900,8317.379219823475,123928950.37536977
2015-03-16,DXG,25600,4699.776887439493,120314288.31845103
2015-03-16,CTG,15200,7658.635374964541,116411257.69946103
2015-03-16,NT2,14900,8317.379219823475,123928950.37536977
2015-03-17,DXG,25600,4753.797311433051,121697211.1726861
2015-03-17,CTG,15200,7617.897952757284,115792048.88191071
2015-03-17,NT2,14900,8250.840186064886,122937518.7723668
2015-03-18,DXG,25600,4726.787099436272,121005749.74556856
2015-03-18,CTG,15200,7414.210841720993,112696004.7941591
2015-03-18,NT2,14900,8217.570669185592,122441802.97086532
2016-08-11,VNM,1900,63781.94304942403,121185691.79390566
2016-08-12,VNM,1900,63404.53510238601,120468616.69453342
2016-08-12,KBC,9600,12273.906905370844,117829506.29156011
2016-08-12,NKG,16300,7254.530768893875,118248851.53297016
2016-08-15,VNM,1900,63781.94304942403,121185691.79390566
2016-08-15,KBC,9600,12831.811764705884,123185392.94117649
2016-08-15,NKG,16300,7518.768644582062,122555928.9066876
2016-08-16,VNM,1900,63781.94304942403,121185691.79390566
2016-08-16,KBC,9600,12971.287979539644,124524364.60358058
2016-08-16,NKG,16300,7686.920020019999,125296796.32632598
2016-08-16,KDC,6300,19586.476688209827,123394803.1357219
2016-08-17,VNM,1900,64536.758943500055,122619841.9926501
2016-08-17,KBC,9600,12762.073657289004,122515907.10997443
2016-08-17,NKG,16300,7831.049770395374,127646111.2574446
2016-08-17,KDC,6300,19767.274934562534,124533832.08774397
2016-08-17,NT2,7800,15615.971900543243,121804580.8242373
2016-08-18,VNM,1900,65668.98278461408,124771067.29076676
2016-08-18,KBC,9600,12413.383120204604,119168477.9539642
2016-08-18,NKG,16300,7927.136270645625,129212321.21152368
2016-08-18,KDC,6300,21093.128741149045,132886711.06923898
2016-08-18,NT2,7800,15441.491767576279,120443635.78709498
2016-08-18,GMD,7900,15328.62321427782,121096123.39279479
2016-08-19,VNM,1900,67186.3167757669,127654001.87395711
2016-08-19,KBC,9600,12343.645012787725,118498992.12276216
2016-08-19,NKG,16300,7614.855144832312,124122138.8607667
2016-08-19,KDC,6300,21756.0556444423,137063150.55998647
2016-08-19,NT2,7800,15354.251701092797,119763163.26852381
2016-08-19,GMD,7900,14919.859928563747,117866893.4356536
2016-08-19,CTD,1100,101296.76735260499,111426444.08786549
2016-08-22,VNM,1900,65776.81362662493,124975945.89058737
2016-08-22,KBC,9600,12483.121227621485,119837963.78516625
2016-08-22,NKG,16300,7662.898394957437,124905243.83780622
2016-08-22,KDC,6300,20852.06441267877,131368005.79987626
2016-08-22,NT2,7800,15179.771568125834,118402218.2313815
2016-08-22,GMD,7900,14715.478285706708,116252278.45708299
2016-08-22,CTD,1100,99940.11421841831,109934125.64026015
2016-08-23,VNM,1900,67186.3167757669,127654001.87395711
2016-08-23,KBC,9600,12622.597442455244,121176935.44757034
2016-08-23,NKG,16300,7999.201145833312,130386978.67708299
2016-08-23,KDC,6300,22298.450383500418,140480237.41605264
2016-08-23,NT2,7800,15136.151534884093,118061981.97209592
2016-08-23,GMD,7900,14919.859928563747,117866893.4356536
2016-08-23,CTD,1100,99487.89650702276,109436686.15772504
2016-08-24,VNM,1900,68125.98554186155,129439372.52953695
2016-08-24,KBC,9600,12762.073657289004,122515907.10997443
2016-08-24,NKG,16300,8551.698522272249,139392685.91303766
2016-08-24,KDC,6300,22901.111204676105,144277000.58945945
2016-08-24,NT2,7800,15179.771568125834,118402218.2313815
2016-08-24,GMD,7900,14868.764517849486,117463239.69101094
2016-08-24,CTD,1100,101296.76735260499,111426444.08786549
2016-08-25,VNM,1900,68125.98554186155,129439372.52953695
2016-08-25,KBC,9600,12692.335549872125,121846421.2787724
2016-08-25,NKG,16300,9056.152648586061,147615288.1719528
2016-08-25,KDC,6300,23262.707697381516,146555058.49350354
2016-08-25,NT2,7800,15092.531501642352,117721745.71281035
2016-08-25,GMD,7900,14460.001232135412,114234009.73386975
2016-08-25,CTD,1100,102653.42048679167,112918762.53547084
2016-08-26,VNM,1900,68595.81992490886,130332057.85732685
2016-08-26,KBC,9600,12692.335549872125,121846421.2787724
2016-08-26,NKG,16300,8936.044523273249,145657525.72935396
2016-08-26,KDC,6300,22840.845122558538,143897324.27211878
2016-08-26,NT2,7800,15267.011634609316,119082690.74995267
2016-08-26,GMD,7900,14562.19205356393,115041317.22315504
2016-08-26,CTD,1100,102653.42048679167,112918762.53547084
2016-08-29,VNM,1900,70944.99184014548,134795484.4962764
2016-08-29,KBC,9600,12064.692583120206,115821048.79795398
2016-08-29,NKG,16300,8863.979648085562,144482868.26379466
2016-08-29,KDC,6300,22599.780794088263,142378619.00275606
2016-08-29,NT2,7800,15223.391601367575,118742454.49066709
2016-08-29,GMD,7900,14102.333357135596,111408433.52137122
2016-08-29,CTD,1100,102653.42048679167,112918762.53547084
2016-08-30,VNM,1900,71414.8262231928,135688169.8240663
2016-08-30,KBC,9600,12204.168797953966,117160020.46035807
2016-08-30,NKG,16300,9464.520274649625,154271680.47678888
2016-08-30,KDC,6300,22358.71646561799,140859913.73339334
2016-08-30,NT2,7800,15615.971900543243,121804580.8242373
2016-08-30,CTD,1100,107175.59760074725,117893157.36082198
2016-08-31,VNM,1900,73294.16375538208,139258911.13522595
2016-08-31,KBC,9600,12413.383120204604,119168477.9539642
2016-08-31,NKG,16300,9872.887900713187,160928072.78162494
2016-08-31,KDC,6300,23202.44161526395,146175382.17616287
2016-08-31,NT2,7800,15528.731834059761,121124108.30566613
2016-08-31,CTD,1100,109888.9038691206,120877794.25603265
2016-08-31,VHC,6900,17134.06167221124,118225025.53825755
2016-09-01,VNM,1900,72354.49498928743,137473540.47964612
2016-09-01,KBC,9600,12413.383120204604,119168477.9539642
2016-09-01,NKG,16300,9968.974400963438,162494282.73570403
2016-09-01,KDC,6300,23262.707697381516,146555058.49350354
2016-09-01,NT2,7800,15223.391601367575,118742454.49066709
2016-09-01,CTD,1100,112149.99242609838,123364991.66870822
2016-09-01,VHC,6900,17288.422588177105,119290115.85842203
2016-09-05,VNM,1900,72354.49498928743,137473540.47964612
2016-09-05,KBC,9600,12273.906905370844,117829506.29156011
2016-09-05,NKG,16300,10113.104151338812,164843597.66682264
2016-09-05,KDC,6300,23925.634600674774,150731497.98425108
2016-09-05,NT2,7800,14961.671401917129,116701036.9349536
2016-09-05,CTD,1100,114863.29869447173,126349628.5639189
2016-09-05,VHC,6900,16207.896176416036,111834483.61727065
2016-09-06,VNM,1900,70475.15745709815,133902799.16848648
2016-09-06,KBC,9600,12413.383120204604,119168477.9539642
2016-09-06,NKG,16300,9416.4770245245,153488575.49974936
2016-09-06,KDC,6300,23985.90068279234,151111174.30159175
2016-09-06,NT2,7800,15048.91146840061,117381509.45352477
2016-09-06,CTD,1100,116219.9518286584,127841947.01152425
2016-09-06,VHC,6900,15899.174344484301,109704302.97694167
2016-09-07,VNM,1900,68595.81992490886,130332057.85732685
2016-09-07,KBC,9600,12692.335549872125,121846421.2787724
2016-09-07,NKG,16300,9608.650025025,156620995.4079075
2016-09-07,KDC,6300,23925.634600674774,150731497.98425108
2016-09-07,NT2,7800,15136.151534884093,118061981.97209592
2016-09-07,CTD,1100,116672.16954005396,128339386.49405935
2016-09-07,BMP,2900,44177.273753440335,128114093.88497697
2016-09-08,VNM,1900,69065.65430795618,131224743.18511674
2016-09-08,KBC,9600,12552.859335038363,120507449.6163683
2016-09-08,NKG,16300,9776.801400462937,159361862.82754588
2016-09-08,KDC,6300,23202.44161526395,146175382.17616287
2016-09-08,NT2,7800,15354.251701092797,119763163.26852381
2016-09-08,CTD,1100,119837.69351982287,131821462.87180516
2016-09-08,BMP,2900,44177.273753440335,128114093.88497697
2016-09-09,VNM,1900,67186.3167757669,127654001.87395711
2016-09-09,KBC,9600,12692.335549872125,121846421.2787724
2016-09-09,NKG,16300,9656.693275150124,157404100.38494703
2016-09-09,KDC,6300,22961.377286793675,144656676.90680015
2016-09-09,NT2,7800,15310.631667851058,119422927.00923824
2016-09-09,CTD,1100,120289.91123121843,132318902.35434027
2016-09-09,BMP,2900,44177.273753440335,128114093.88497697
2016-09-12,VNM,1900,66340.61488628172,126047168.28393526
2016-09-12,KBC,9600,12657.466496163684,121511678.36317137
2016-09-12,NKG,16300,9128.21752377375,148789945.63751212
2016-09-12,KDC,6300,22901.111204676105,144277000.58945945
2016-09-12,NT2,7800,15267.011634609316,119082690.74995267
2016-09-12,CTD,1100,116672.16954005396,128339386.49405935
2016-09-12,BMP,2900,43402.2338630291,125866478.20278439
2016-09-13,VNM,1900,68079.0021035568,129350103.99675792
2016-09-13,KBC,9600,12413.383120204604,119168477.9539642
2016-09-13,NKG,16300,9128.21752377375,148789945.63751212
2016-09-13,KDC,6300,22870.97816361732,144087162.4307891
2016-09-13,NT2,7800,15310.631667851058,119422927.00923824
2016-09-13,CTD,1100,113506.64556028506,124857310.11631356
2016-09-13,BMP,2900,43531.40717809764,126241080.81648315
2016-09-14,VNM,1900,67656.15115881423,128546687.20174704
2016-09-14,KBC,9600,12029.823529411766,115486305.88235295
2016-09-14,NKG,16300,8960.066148335813,146049078.21787375
2016-09-14,KDC,6300,22720.3129583234,143137971.63743743
2016-09-14,NT2,7800,15485.11180081802,120783872.04638055
2016-09-14,CTD,1100,115315.5164058673,126847068.04645403
2016-09-14,BMP,2900,44538.959035632244,129162981.20333351
2016-09-15,VNM,1900,67186.3167757669,127654001.87395711
2016-09-15,KBC,9600,12064.692583120206,115821048.79795398
2016-09-15,NKG,16300,8575.720147334812,139784238.40155745
2016-09-15,KDC,6300,22717.995032088107,143123368.70215508
2016-09-15,NT2,7800,15376.061717713668,119933281.39816661
2016-09-15,CTD,1100,116400.83891321663,128040922.8045383
2016-09-15,BMP,2900,45184.82561097494,131035994.27182733
2016-09-16,VNM,1900,64837.1448605303,123190575.23500757
2016-09-16,KBC,9600,12029.823529411766,115486305.88235295
2016-09-16,NKG,16300,8743.87152277275,142525105.8211958
2016-09-16,KDC,6300,22029.57094020665,138786296.9233019
2016-09-16,NT2,7800,14830.811302191907,115680328.15709688
2016-09-16,CTD,1100,117893.15736082198,129682473.09690417
2016-09-16,BMP,2900,45081.486958920104,130736312.1808683
2016-09-28,BVH,2100,58786.55831909611,123451772.47010183
2016-09-28,KBC,9400,13319.978516624042,125207798.056266
2016-09-28,SJS,14600,8432.139130434796,123109231.30434802
2016-09-29,BVH,2100,57553.27387883535,120861875.14555424
2016-09-29,KBC,9400,13424.585677749363,126191105.370844
2016-09-29,SJS,14600,8612.82782608697,125747286.26086977
2016-09-29,BMP,2500,50067.57692056571,125168942.30141428
2016-09-30,BVH,2100,58293.24454299181,122415813.5402828
2016-09-30,KBC,9400,13250.240409207163,124552259.84654734
2016-09-30,SJS,14600,8582.713043478274,125307610.4347828
2016-09-30,BMP,2500,50067.57692056571,125168942.30141428
2016-10-03,BVH,2100,57142.1790654151,119998576.03737171
2016-10-03,KBC,9400,12831.811764705884,120619030.58823532
2016-10-03,SJS,14600,8417.081739130448,122889393.39130454
2016-10-03,BMP,2500,50635.93950686728,126589848.76716821
2016-10-04,BVH,2100,59362.09105788446,124660391.22155738
2016-10-04,KBC,9400,12866.680818414323,120946799.69309464
2016-10-04,SJS,14600,8341.79478260871,121790203.82608716
2016-10-04,BMP,2500,50119.24624659313,125298115.61648282
2016-10-05,BVH,2100,59937.623796672815,125869009.97301291
2016-10-05,KBC,9400,13006.157033248082,122257876.11253197
2016-10-05,SJS,14600,8281.565217391317,120910852.17391323
2016-10-05,BMP,2500,50119.24624659313,125298115.61648282
2016-10-06,BVH,2100,59197.65313251636,124315071.57828435
2016-10-06,KBC,9400,13006.157033248082,122257876.11253197
2016-10-06,SJS,14600,8070.7617391304475,117833121.39130454
2016-10-06,BMP,2500,50894.28613700436,127235715.34251091
2016-10-07,BVH,2100,58786.55831909611,123451772.47010183
2016-10-07,KBC,9400,12762.073657289004,119963492.37851663
2016-10-07,SJS,14600,7784.6713043478385,113656201.04347844
2016-10-07,BMP,2500,50635.93950686728,126589848.76716821
2016-10-10,BVH,2100,58950.99624446421,123797092.11337483
2016-10-10,KBC,9400,12762.073657289004,119963492.37851663
2016-10-10,BMP,2500,49602.55298631897,124006382.46579744
2017-03-22,ACB,28200,4340.1024407174245,122390888.82823138
2017-03-22,CII,4200,29120.8362889935,122307512.4137727
2017-03-22,MBB,38200,3198.3947067655968,122178677.79844579
2017-03-23,ACB,28200,4322.742030954555,121901325.27291845
2017-03-23,CII,4200,27646.36356550016,116114726.97510067
2017-03-23,MBB,38200,3198.3947067655968,122178677.79844579
2017-03-23,MSN,3200,38851.642963092236,124325257.48189515
2017-03-24,ACB,28200,4426.904489531774,124838706.60479602
2017-03-24,CII,4200,28014.981746373498,117662923.3347687
2017-03-24,MBB,38200,3250.316698758545,124162097.89257643
2017-03-24,MSN,3200,38689.76111741269,123807235.5757206
2017-03-24,FPT,11400,10539.857644426085,120154377.14645737
2017-03-24,KDC,4600,25972.36346643682,119472871.94560936
2017-03-24,NLG,9900,12080.306233641404,119595031.7130499
2017-03-27,ACB,28200,4374.823260243164,123370015.93885724
2017-03-27,CII,4200,28420.461745334167,119365939.3304035
2017-03-27,MBB,38200,3208.7791051641866,122575361.81727193
2017-03-27,MSN,3200,38689.76111741269,123807235.5757206
2017-03-27,FPT,11400,10517.761506806744,119902481.17759688
2017-03-27,KDC,4600,25972.36346643682,119472871.94560936
2017-03-27,NLG,9900,12080.306233641404,119595031.7130499
2017-03-28,ACB,28200,4288.021211428816,120922198.16229261
2017-03-28,CII,4200,28604.770835770832,120140037.5102375
2017-03-28,MBB,38200,3188.0103083670074,121781993.77961968
2017-03-28,MSN,3200,37232.824506296725,119145038.42014952
2017-03-28,FPT,11400,10473.56923156806,119398689.2398759
2017-03-28,KDC,4600,25847.195449731098,118897099.06876305
2017-03-28,NLG,9900,11854.92738599884,117363781.12138852
2017-03-28,CTD,900,127826.87308781092,115044185.77902983
2017-03-29,ACB,28200,4270.660801665946,120432634.60697967
2017-03-29,CII,4200,28162.42901872283,118282201.87863588
2017-03-29,MBB,38200,3177.6259099684175,121385309.76079355
2017-03-29,MSN,3200,38042.233734694484,121735147.95102236
2017-03-29,FPT,11400,10495.665369187402,119650585.20873637
2017-03-29,KDC,4600,26097.531483142535,120048644.82245566
2017-03-29,NLG,9900,11674.62430788479,115578780.64805941
2017-03-29,CTD,900,127826.87308781092,115044185.77902983
2017-03-30,ACB,28200,4288.021211428816,120922198.16229261
2017-03-30,CII,4200,27720.08720167483,116424366.24703428
2017-03-30,MBB,38200,3229.547901961366,123368729.85492417
2017-03-30,MSN,3200,37637.52912049561,120440093.18558595
2017-03-30,FPT,11400,10407.280818710035,118643001.33329439
2017-03-30,KDC,4600,26285.283508201115,120912304.13772513
2017-03-30,NLG,9900,11900.003155527353,117810031.23972079
2017-03-30,CTD,900,125415.04529370127,112873540.76433115
2017-03-31,ACB,28200,4253.300391903076,119943071.05166675
2017-03-31,CII,4200,27793.810837849494,116734005.51896788
2017-03-31,MBB,38200,3188.0103083670074,121781993.77961968
2017-03-31,MSN,3200,38082.70419611437,121864653.42756598
2017-03-31,FPT,11400,10451.473093948718,119146793.27101539
2017-03-31,KDC,4600,26285.283508201115,120912304.13772513
2017-03-31,NLG,9900,11945.078925055865,118256281.35805306
2017-03-31,CTD,900,126259.18502163966,113633266.51947568
2017-04-03,ACB,28200,4340.1024407174245,122390888.82823138
2017-04-03,CII,4200,28346.738109159498,119056300.05846989
2017-04-03,MBB,38200,3208.7791051641866,122575361.81727193
2017-04-03,MSN,3200,38770.702040252465,124066246.5288079
2017-04-03,FPT,11400,10252.607855374641,116879729.5512709
2017-04-03,KDC,4600,25659.443424672518,118033439.75349358
2017-04-03,NLG,9900,12260.609311755454,121380032.18637899
2017-04-03,CTD,900,123907.65292238275,111516887.63014448
2017-04-04,ACB,28200,4392.183670006034,123859579.49417016
2017-04-04,CII,4200,28383.599927246833,119211119.6944367
2017-04-04,MBB,38200,3208.7791051641866,122575361.81727193
2017-04-04,MSN,3200,38204.11558037403,122253169.85719691
2017-04-04,FPT,11400,10385.184681090692,118391105.36443388
2017-04-04,KDC,4600,25784.611441378238,118609212.63033989
2017-04-04,NLG,9900,12102.84411840566,119818156.77221602
2017-04-04,CTD,900,123003.21749959164,110702895.74963248
2017-04-05,ACB,28200,4374.823260243164,123370015.93885724
2017-04-05,CII,4200,28125.567200635498,118127382.24266909
2017-04-05,MBB,38200,3198.3947067655968,122178677.79844579
2017-04-05,MSN,3200,37151.883583456955,118886027.46706225
2017-04-05,FPT,11400,10285.752061803654,117257573.50456166
2017-04-05,KDC,4600,25596.859416319658,117745553.31507042
2017-04-05,NLG,9900,12305.685081283968,121826282.30471128
2017-04-05,CTD,900,120470.79831577651,108423718.48419887
2017-04-07,ACB,28200,4305.381621191686,121411761.71760553
2017-04-07,CII,4200,28162.42901872283,118282201.87863588
2017-04-07,MBB,38200,3188.0103083670074,121781993.77961968
2017-04-07,MSN,3200,38285.05650321381,122512180.8102842
2017-04-07,FPT,11400,10385.184681090692,118391105.36443388
2017-04-07,KDC,4600,25158.77135784964,115730348.24610835
2017-04-07,NLG,9900,12305.685081283968,121826282.30471128
2017-04-10,ACB,28200,4235.939982140207,119453507.49635383
2017-04-10,CII,4200,27978.119928286163,117508103.69880189
2017-04-10,MBB,38200,3177.6259099684175,121385309.76079355
2017-04-10,MSN,3200,37637.52912049561,120440093.18558595
2017-04-10,FPT,11400,10385.184681090692,118391105.36443388
2017-04-10,KDC,4600,25315.231378731787,116450064.34216622
2017-04-10,NLG,9900,13071.973163268683,129412534.31635997
2017-04-11,ACB,28200,4114.417113800118,116026562.60916334
2017-04-11,CII,4200,27793.810837849494,116734005.51896788
2017-04-11,MBB,38200,3250.316698758545,124162097.89257643
2017-04-11,MSN,3200,37313.7654291365,119404049.3732368
2017-04-11,FPT,11400,10374.136612281021,118265157.38000365
2017-04-11,KDC,4600,26191.407495671825,120480474.4800904
2017-04-11,NLG,9900,13026.89739374017,128966284.19802769
2017-04-12,ACB,28200,4010.2546552229005,113089181.2772858
2017-04-12,CII,4200,27240.88356653949,114411710.97946586
2017-04-12,MBB,38200,3188.0103083670074,121781993.77961968
2017-04-12,MSN,3200,37070.94266061718,118627016.51397496
2017-04-12,FPT,11400,10506.713437997072,119776533.19316663
2017-04-12,KDC,4600,25784.611441378238,118609212.63033989
2017-04-12,NLG,9900,12936.745854683144,128073783.96136312
2017-04-13,ACB,28200,3992.894245460031,112599617.72197287
2017-04-13,CII,4200,26319.338114356153,110541220.08029585
2017-04-13,MBB,38200,3219.163503562776,122972045.83609805
2017-04-13,MSN,3200,37030.47219919729,118497511.03743133
2017-04-13,FPT,11400,10440.425025139048,119020845.28658514
2017-04-13,KDC,4600,25972.36346643682,119472871.94560936
2017-04-13,NLG,9900,12936.745854683144,128073783.96136312
2017-04-14,ACB,28200,3975.533835697161,112110054.16665994
2017-04-14,MBB,38200,3156.8571131712383,120591941.7231413
2017-04-14,MSN,3200,36828.11989209785,117849983.65471312
2017-04-14,FPT,11400,10175.271373706944,115998093.66025917
2017-04-14,KDC,4600,25096.18734949678,115442461.8076852
2017-04-14,NLG,9900,13432.579319496785,132982535.26301816
2017-04-14,SJS,12900,8988.104347826078,115946546.08695641
2017-04-17,MBB,38200,3136.0883163740596,119798573.68548907
2017-04-17,MSN,3200,35614.00604950122,113964819.3584039
2017-04-17,KDC,4600,24407.763257615323,112275710.98503049
2017-04-17,NLG,9900,13117.048932797195,129858784.43469223
2017-04-17,SJS,12900,8957.217391304339,115548104.34782597
2017-04-18,SJS,12900,8802.782608695643,113555895.65217379
2017-04-19,SJS,12900,9080.765217391296,117141871.30434771
2017-04-20,SJS,12900,8802.782608695643,113555895.65217379
2017-05-23,BID,11800,9797.730096949648,115613215.14400585
2017-05-23,MBB,30800,3655.308236303539,112583493.678149
2017-05-24,BID,11800,10167.455760985484,119975977.97962871
2017-05-24,MBB,30800,3904.53379786969,120259640.97438644
2017-05-24,HCM,18800,6496.887055392159,122141476.64137259
2017-05-24,MWG,5200,22776.033198693538,118435372.6332064
2017-05-24,NKG,10200,11274.497502189704,114999874.52233498
2017-05-25,BID,11800,10088.228832977804,119041100.22913809
2017-05-25,MBB,30800,3966.8401882612275,122178677.7984458
2017-05-25,HCM,18800,6676.939352539286,125526459.82773858
2017-05-25,MWG,5200,22637.85706199772,117716856.72238815
2017-05-25,NKG,10200,11203.477045482998,114275465.86392657
2017-05-25,CTS,27900,4028.7674262857095,112402611.1933713
2017-05-25,PHR,9900,11913.323502895935,117941902.67866977
2017-05-25,PNJ,3700,29848.672505035596,110440088.26863171
2017-05-26,BID,11800,10299.500640998282,121534107.56377973
2017-05-26,MBB,30800,4039.5309770513545,124417554.09318171
2017-05-26,HCM,18800,6601.917562061316,124116050.16675274
2017-05-26,MWG,5200,22338.475432490122,116160072.24894863
2017-05-26,NKG,10200,11256.742388013028,114818772.35773289
2017-05-26,CTS,27900,4104.781906026949,114523415.17815189
2017-05-26,PHR,9900,11697.88440915371,115809055.65062173
2017-05-26,PNJ,3700,30191.045182361344,111706867.17473698
2017-05-29,BID,11800,10035.410880972686,118417848.3954777
2017-05-29,MBB,30800,3987.6089850584067,122818356.73979893
2017-05-29,HCM,18800,6256.817325862657,117628165.72621794
2017-05-29,MWG,5200,21693.653461242986,112806997.99846353
2017-05-29,NKG,10200,11789.39581331333,120251837.29579596
2017-05-29,CTS,27900,4066.7746661563297,113463013.1857616
2017-05-29,PHR,9900,11551.202472988774,114356904.48258887
2017-05-29,PNJ,3700,30035.421238122366,111131058.58105275
2017-05-30,BID,11800,9692.094192939408,114366711.47668502
2017-05-30,MBB,30800,3946.0713914640482,121538998.8570927
2017-05-30,HCM,18800,6061.760670619936,113961100.6076548
2017-05-30,MWG,5200,21486.38925619926,111729224.13223615
2017-05-30,NKG,10200,11327.762844719735,115543181.0161413
2017-05-30,CTS,27900,3838.7312269326103,107100601.23141983
2017-05-30,PHR,9900,11972.913039462966,118531839.09068337
2017-05-30,PNJ,3700,29568.54940540544,109403632.80000013
2017-05-31,BID,11800,9744.912144944528,114989963.31034544
2017-05-31,MBB,30800,3914.918196268279,120579480.445063
2017-05-31,HCM,18800,6151.7868191934995,115653592.20083779
2017-05-31,MWG,5200,21532.447968431203,111968729.43584226
2017-05-31,NKG,10200,12073.477640140156,123149471.92942959
2017-05-31,CTS,27900,3876.73846680323,108161003.22381012
2017-05-31,PHR,9900,11771.225377236178,116535131.23463817
2017-05-31,PNJ,3700,29661.923771948823,109749117.95621064
2017-06-01,BID,11800,9665.685216936849,114055085.5598548
2017-06-01,MBB,30800,3966.8401882612275,122178677.7984458
2017-06-01,HCM,18800,6249.31514681486,117487124.76011936
2017-06-01,MWG,5200,22062.123159098493,114723040.42731217
2017-06-01,NKG,10200,11895.92649837339,121338450.28340858
2017-06-01,CTS,27900,3952.75294654447,110281807.20859072
2017-06-01,PHR,9900,11954.57779744235,118350320.19467928
2017-06-01,PNJ,3700,29942.04687157898,110785573.42484222
2017-06-02,BID,11800,9639.27624093429,113743459.64302462
2017-06-02,MBB,30800,3946.0713914640482,121538998.8570927
2017-06-02,HCM,18800,6676.939352539286,125526459.82773858
2017-06-02,MWG,5200,21993.035090750585,114363782.47190304
2017-06-02,NKG,10200,11931.436726726743,121700654.61261277
2017-06-02,CTS,27900,4104.781906026949,114523415.17815189
2017-06-02,PHR,9900,12009.583523504201,118894876.88269159
2017-06-02,PNJ,3700,29879.797293883392,110555249.98736855
2017-06-05,BID,11800,9876.957024957326,116548092.89449646
2017-06-05,MBB,30800,3966.8401882612275,122178677.7984458
2017-06-05,HCM,18800,6384.354369675205,120025862.14989385
2017-06-05,MWG,5200,21877.88831017074,113765019.21288785
2017-06-05,NKG,10200,11931.436726726743,121700654.61261277
2017-06-05,CTS,27900,4104.781906026949,114523415.17815189
2017-06-05,PHR,9900,12761.328446349502,126337151.61886007
2017-06-05,PNJ,3700,29661.923771948823,109749117.95621064
2017-06-06,BID,11800,10246.682688993164,120910855.73011933
2017-06-06,MBB,30800,4029.146578652765,124097714.62250517
2017-06-06,HCM,18800,6421.8652649141895,120731066.98038676
2017-06-06,MWG,5200,22154.24058356237,115202051.03452432
2017-06-06,NKG,10200,12055.72252596348,122968369.76482749
2017-06-06,CTS,27900,4104.781906026949,114523415.17815189
2017-06-06,PHR,9900,12687.987478267034,125611076.03484364
2017-06-06,PNJ,3700,30377.793915448114,112397837.48715802
2017-06-07,BID,11800,10246.682688993164,120910855.73011933
2017-06-07,MBB,30800,4205.681351428788,129534985.62400666
2017-06-07,HCM,18800,6436.869623009783,121013148.91258392
2017-06-07,MWG,5200,22338.475432490122,116160072.24894863
2017-06-07,NKG,10200,11931.436726726743,121700654.61261277
2017-06-07,CTS,27900,4218.8036256388095,117704621.15532279
2017-06-07,PHR,9900,12871.339898473205,127426264.99488473
2017-06-07,PNJ,3700,30159.92039351355,111591705.45600013
2017-06-08,BID,11800,10088.228832977804,119041100.22913809
2017-06-08,MBB,30800,4164.143757834429,128255627.74130042
2017-06-08,HCM,18800,6376.852190627407,119884821.18379526
2017-06-08,MWG,5200,22568.768993649814,117357598.76697902
2017-06-08,NKG,10200,12020.212297610125,122606165.43562327
2017-06-08,CTS,27900,4180.796385768189,116644219.16293247
2017-06-08,PHR,9900,12596.311268163949,124703481.55482309
2017-06-08,PNJ,3700,30564.542648534883,113088807.79957907
2017-06-09,BID,11800,9956.183952965006,117482970.64498708
2017-06-09,MBB,30800,4164.143757834429,128255627.74130042
2017-06-09,HCM,18800,6384.354369675205,120025862.14989385
2017-06-09,MWG,5200,22407.56350083803,116519330.20435776
2017-06-09,NKG,10200,11895.92649837339,121338450.28340858
2017-06-09,CTS,27900,4218.8036256388095,117704621.15532279
2017-06-09,PHR,9900,12431.294089978395,123069811.49078612
2017-06-09,PNJ,3700,30471.1682819915,112743322.64336856
2017-06-12,BID,11800,10009.001904970126,118106222.47864749
2017-06-12,MBB,30800,4122.606164240071,126976269.85859418
2017-06-12,HCM,18800,6376.852190627407,119884821.18379526
2017-06-12,MWG,5200,22223.328651910277,115561308.98993345
2017-06-12,NKG,10200,11292.252616366382,115180976.6869371
2017-06-12,CTS,27900,4180.796385768189,116644219.16293247
2017-06-12,PHR,9900,12101.259733607287,119802471.36271214
2017-06-12,PNJ,3700,30035.421238122366,111131058.58105275
2017-06-13,BID,11800,10299.500640998282,121534107.56377973
2017-06-13,MBB,30800,4132.990562638661,127296109.32927075
2017-06-13,HCM,18800,6571.908845870128,123551886.3023584
2017-06-13,MWG,5200,21877.88831017074,113765019.21288785
2017-06-13,NKG,10200,11540.824214839855,117716406.99136652
2017-06-13,CTS,27900,4180.796385768189,116644219.16293247
2017-06-13,PHR,9900,11991.248281483584,118713357.98668748
2017-06-13,PNJ,3700,29817.5477161878,110324926.54989487
2017-06-14,BID,11800,10563.59040102388,124650366.73208177
2017-06-14,MBB,30800,4226.4501482259675,130174664.5653598
2017-06-14,HCM,18800,6391.856548723002,120166903.11599243
2017-06-14,MWG,5200,21993.035090750585,114363782.47190304
2017-06-14,NKG,10200,11469.803758133148,116991998.33295812
2017-06-14,CTS,27900,4370.8325851212885,121946229.12488395
2017-06-14,PHR,9900,12467.964574019628,123432849.28279433
2017-06-14,PNJ,3700,29661.923771948823,109749117.95621064
2017-06-15,BID,11800,10457.95449701364,123403863.06476094
2017-06-15,MBB,30800,4174.528156233019,128575467.21197699
2017-06-15,HCM,18800,6421.8652649141895,120731066.98038676
2017-06-15,MWG,5200,22039.093802982523,114603287.77550912
2017-06-15,NKG,10200,11505.313986486502,117354202.66216232
2017-06-15,CTS,27900,4104.781906026949,114523415.17815189
2017-06-15,PHR,9900,12504.635058060863,123795887.07480255
2017-06-15,PNJ,3700,30035.421238122366,111131058.58105275
2017-06-16,BID,11800,10431.545521011081,123092237.14793076
2017-06-16,MBB,30800,4195.296953030199,129215146.15333013
2017-06-16,HCM,18800,6399.358727770798,120307944.082091
2017-06-16,MWG,5200,21923.947022402677,114004524.51649392
2017-06-16,NKG,10200,11398.783301426442,116267589.6745497
2017-06-16,CTS,27900,4104.781906026949,114523415.17815189
2017-06-16,PHR,9900,12577.976026143331,124521962.65881898
2017-06-16,PNJ,3700,30035.421238122366,111131058.58105275
2017-06-19,BID,11800,10563.59040102388,124650366.73208177
2017-06-19,MBB,30800,4309.525335414684,132733380.33077228
2017-06-19,HCM,18800,6586.9132039657225,123833968.23455559
2017-06-19,MWG,5200,21900.917666286707,113884771.86469087
2017-06-19,NKG,10200,11434.293529779796,116629794.00375392
2017-06-19,CTS,27900,4104.781906026949,114523415.17815189
2017-06-19,PHR,9900,12467.964574019628,123432849.28279433
2017-06-19,PNJ,3700,29879.797293883392,110555249.98736855
2017-06-20,BID,11800,10854.089137052035,128078251.81721401
2017-06-20,MBB,30800,4444.522514596349,136891293.44956753
2017-06-20,HCM,18800,6654.432815395895,125103336.92944282
2017-06-20,MWG,5200,22338.475432490122,116160072.24894863
2017-06-20,NKG,10200,11452.048643956472,116810896.16835602
2017-06-20,CTS,27900,4636.8832642156285,129369043.07161604
2017-06-20,PHR,9900,12724.657962308269,125974113.82685186
2017-06-20,PNJ,3700,30035.421238122366,111131058.58105275
2017-06-21,BID,11800,10722.044257039237,126520122.233063
2017-06-21,MBB,30800,4548.366498582245,140089688.15633315
2017-06-21,HCM,18800,6616.92192015691,124398132.09894991
2017-06-21,MWG,5200,22499.68092530191,116998340.81156993
2017-06-21,NKG,10200,11469.803758133148,116991998.33295812
2017-06-21,CTS,27900,4541.865164539078,126718038.09064028
2017-06-21,PHR,9900,13348.05619100925,132145756.29099157
2017-06-21,PNJ,3700,30097.670815817957,111361382.01852643
2017-06-22,BID,11800,10484.3634730162,123715488.98159115
2017-06-22,MBB,30800,4506.828904987887,138810330.27362692
2017-06-22,HCM,18800,6661.934994443692,125244377.8955414
2017-06-22,MWG,5200,23259.64967712889,120950178.32107024
2017-06-22,NKG,10200,11807.150927490005,120432939.46039805
2017-06-22,CTS,27900,4370.8325851212885,121946229.12488395
2017-06-22,PHR,9900,13348.05619100925,132145756.29099157
2017-06-22,PNJ,3700,30595.66743738268,113203969.51831591
2017-06-23,BID,11800,10510.77244901876,124027114.89842136
2017-06-23,MBB,30800,4465.291311393528,137530972.39092067
2017-06-23,HCM,18800,6759.463322065052,127077910.45482299
2017-06-23,MWG,5200,23697.207443332307,123225478.705328
2017-06-23,NKG,10200,11718.375356606623,119527428.63738754
2017-06-23,CTS,27900,4427.843444927219,123536832.1134694
2017-06-23,PHR,9900,13201.374254844313,130693605.1229587
2017-06-23,PNJ,3700,31747.2846247511,117464953.11157908
2017-06-26,BID,11800,10669.226305034117,125896870.39940259
2017-06-26,MBB,30800,4506.828904987887,138810330.27362692
2017-06-26,HCM,18800,6789.47203825624,127642074.31921731
2017-06-26,MWG,5200,23720.236799448274,123345231.35713102
2017-06-26,NKG,10200,11558.579329016533,117897509.15596864
2017-06-26,CTS,27900,4579.872404409698,127778440.08303057
2017-06-26,PHR,9900,13018.021834638143,128878416.16291761
2017-06-26,PNJ,3700,32369.780401707005,119768187.48631592
2017-06-27,BID,11800,10510.77244901876,124027114.89842136
2017-06-27,MBB,30800,4506.828904987887,138810330.27362692
2017-06-27,HCM,18800,6744.458963969459,126795828.52262582
2017-06-27,MWG,5200,23328.7377454768,121309436.27647936
2017-06-27,NKG,10200,11611.844671546562,118440815.64977492
2017-06-27,CTS,27900,4617.879644280318,128838842.07542087
2017-06-27,PHR,9900,12651.3169942258,125248038.24283542
2017-06-27,PNJ,3700,31747.2846247511,117464953.11157908
2017-06-28,BID,11800,10537.18142502132,124338740.81525157
2017-06-28,MBB,30800,4527.5977017850655,139450009.21498
2017-06-28,HCM,18800,6646.930636348098,124962295.96334425
2017-06-28,MWG,5200,23144.502896549046,120351415.06205504
2017-06-28,NKG,10200,11700.620242429946,119346326.47278546
2017-06-28,CTS,27900,4712.897743956868,131489847.05639662
2017-06-28,PHR,9900,12761.328446349502,126337151.61886007
2017-06-28,PNJ,3700,31716.15983590331,117349791.39284225
2017-06-29,BID,11800,10722.044257039237,126520122.233063
2017-06-29,MBB,30800,4631.441685770962,142648403.92174563
2017-06-29,HCM,18800,6691.94371063488,125808541.75993574
2017-06-29,MWG,5200,23259.64967712889,120950178.32107024
2017-06-29,NKG,10200,11576.33444319321,118078611.32057074
2017-06-29,CTS,27900,4769.908603762798,133080450.04498206
2017-06-29,PHR,9900,12797.998930390737,126700189.4108683
2017-06-29,PNJ,3700,31747.2846247511,117464953.11157908
2017-06-30,BID,11800,10774.862209044357,127143374.0667234
2017-06-30,MBB,30800,4631.441685770962,142648403.92174563
2017-06-30,HCM,18800,6691.94371063488,125808541.75993574
2017-06-30,MWG,5200,23697.207443332307,123225478.705328
2017-06-30,NKG,10200,11753.885584959975,119889632.96659175
2017-06-30,CTS,27900,4788.9122236981075,133610651.0411772
2017-06-30,PHR,9900,12797.998930390737,126700189.4108683
2017-06-30,PNJ,3700,31685.035047055513,117234629.6741054
2017-07-03,BID,11800,10933.316065059715,129013129.56770463
2017-07-03,MBB,30800,4621.057287372372,142328564.45106906
2017-07-03,HCM,18800,6992.030872546758,131450180.40387905
2017-07-03,MWG,5200,23674.178087216336,123105726.05352494
2017-07-03,NKG,10200,12268.7838960836,125141595.74005271
2017-07-03,CTS,27900,4902.933943309968,136791857.0183481
2017-07-03,PHR,9900,12816.334172411354,126881708.30687241
2017-07-03,PNJ,3700,32214.15645746803,119192378.89263171
2017-07-04,BID,11800,10722.044257039237,126520122.233063
2017-07-04,MBB,30800,4569.135295379424,140729367.09768626
2017-07-04,HCM,18800,7014.537409690149,131873303.30217479
2017-07-04,MWG,5200,23835.38358002812,123943994.61614622
2017-07-04,NKG,10200,12304.294124436954,125503800.06925693
2017-07-04,CTS,27900,4940.941183180587,137852259.01073837
2017-07-04,PHR,9900,12651.3169942258,125248038.24283542
2017-07-04,PNJ,3700,32058.532513229053,118616570.2989475
2017-07-05,BID,11800,10774.862209044357,127143374.0667234
2017-07-05,MBB,30800,4517.213303386477,139130169.74430346
2017-07-05,HCM,18800,7097.061379215915,133424753.9292592
2017-07-05,MWG,5200,23651.148731100366,122985973.4017219
2017-07-05,NKG,10200,12286.539010260276,125322697.90465482
2017-07-05,CTS,27900,5283.006342016167,147395876.94225106
2017-07-05,PHR,9900,12834.669414431972,127063227.20287652
2017-07-05,PNJ,3700,31716.15983590331,117349791.39284225
2017-07-06,BID,11800,10722.044257039237,126520122.233063
2017-07-06,MBB,30800,4527.5977017850655,139450009.21498
2017-07-06,HCM,18800,7187.087527789478,135117245.5224422
2017-07-06,MWG,5200,23651.148731100366,122985973.4017219
2017-07-06,NKG,10200,12233.273667730247,124779391.41084853
2017-07-06,CTS,27900,5397.028061628026,150577082.91942194
2017-07-06,PHR,9900,13054.692318679376,129241453.95492582
2017-07-06,PNJ,3700,30813.540959317248,114010101.54947382
2017-07-07,BID,11800,10669.226305034117,125896870.39940259
2017-07-07,MBB,30800,4444.522514596349,136891293.44956753
2017-07-07,HCM,18800,6751.961143017255,126936869.4887244
2017-07-07,MWG,5200,23720.236799448274,123345231.35713102
2017-07-07,NKG,10200,12233.273667730247,124779391.41084853
2017-07-07,CTS,27900,5035.959282857137,140503263.99171412
2017-07-07,PHR,9900,13054.692318679376,129241453.95492582
2017-07-07,PNJ,3700,30813.540959317248,114010101.54947382
2017-07-10,BID,11800,10405.136545008521,122780611.23110056
2017-07-10,MBB,30800,4309.525335414684,132733380.33077228
2017-07-10,HCM,18800,6526.895771583347,122705640.50576691
2017-07-10,MWG,5200,23374.796457708737,121548941.58008543
2017-07-10,NKG,10200,12375.31458114366,126228208.72766533
2017-07-10,CTS,27900,4788.9122236981075,133610651.0411772
2017-07-10,PHR,9900,12577.976026143331,124521962.65881898
2017-07-10,PNJ,3700,29786.422927340005,110209764.83115801
2017-07-11,BID,11800,10405.136545008521,122780611.23110056
2017-07-11,MBB,30800,4402.98492100199,135611935.5668613
2017-07-11,HCM,18800,6706.948068730473,126090623.69213289
2017-07-11,MWG,5200,23374.796457708737,121548941.58008543
2017-07-11,NKG,10200,12215.51855355357,124598289.24624641
2017-07-11,CTS,27900,4788.9122236981075,133610651.0411772
2017-07-11,PHR,9900,12687.987478267034,125611076.03484364
2017-07-12,BID,11800,10193.864736988044,120287603.89645891
2017-07-12,MBB,30800,4423.75371779917,136251614.50821444
2017-07-12,HCM,18800,6751.961143017255,126936869.4887244
2017-07-12,MWG,5200,23605.090018868428,122746468.09811583
2017-07-12,NKG,10200,12073.477640140156,123149471.92942959
2017-07-12,CTS,27900,4826.919463568727,134671053.0335675
2017-07-12,PHR,9900,12871.339898473205,127426264.99488473
2017-07-13,BID,11800,10325.909617000842,121845733.48060992
2017-07-13,MBB,30800,4434.13811619776,136571453.978891
2017-07-13,HCM,18800,6691.94371063488,125808541.75993574
2017-07-13,MWG,5200,23628.1193749844,122866220.74991888
2017-07-13,NKG,10200,12091.232754316834,123330574.0940317
2017-07-13,CTS,27900,4807.915843633417,134140852.03737235
2017-07-13,PHR,9900,12871.339898473205,127426264.99488473
2017-07-14,BID,11800,10193.864736988044,120287603.89645891
2017-07-14,MBB,30800,4413.36931940058,135931775.03753787
2017-07-14,HCM,18800,6601.917562061316,124116050.16675274
2017-07-14,MWG,5200,23489.943238288583,122147704.83910063
2017-07-14,NKG,10200,12180.008325200217,124236084.91704221
2017-07-14,CTS,27900,4788.9122236981075,133610651.0411772
2017-07-14,PHR,9900,12761.328446349502,126337151.61886007
2017-07-17,BID,11800,9982.592928967566,117794596.56181727
2017-07-17,MBB,30800,4278.372140218916,131773861.91874261
2017-07-17,HCM,18800,6256.817325862657,117628165.72621794
2017-07-17,MWG,5200,23766.295511680215,123584736.66073711
2017-07-17,NKG,10200,11753.885584959975,119889632.96659175
2017-07-17,CTS,27900,4522.861544603768,126187837.09444514
2017-07-17,PHR,9900,12797.998930390737,126700189.4108683
2017-07-18,BID,11800,10009.001904970126,118106222.47864749
2017-07-18,MBB,30800,4299.1409370160945,132413540.86009571
2017-07-18,MWG,5200,23536.00195052052,122387210.1427067
2017-07-18,NKG,10200,11452.048643956472,116810896.16835602
2017-07-18,CTS,27900,4484.854304733149,125127435.10205485
2017-07-18,PHR,9900,12651.3169942258,125248038.24283542
2017-07-19,BID,11800,10061.819856975244,118729474.31230788
2017-07-19,MBB,30800,4257.603343421736,131134182.97738947
2017-07-19,MWG,5200,23512.972594404553,122267457.49090368
2017-07-19,NKG,10200,11452.048643956472,116810896.16835602
2017-07-19,CTS,27900,4769.908603762798,133080450.04498206
2017-07-19,PHR,9900,12522.97030008148,123977405.97080666
2017-07-20,BID,11800,10352.318593003401,122157359.39744014
2017-07-20,MBB,30800,4319.909733813274,133053219.80144885
2017-07-20,MWG,5200,23144.502896549046,120351415.06205504
2017-07-20,NKG,10200,11558.579329016533,117897509.15596864
2017-07-20,CTS,27900,4731.901363892178,132020048.05259176
2017-07-20,PHR,9900,12541.305542102098,124158924.86681077
2017-09-06,VIC,6500,18444.44559701735,119888896.38061278
2017-09-07,VIC,6500,18426.001151420332,119769007.48423216
2017-09-07,HPG,17800,6716.285608864533,119549883.83778869
2017-09-08,VIC,6500,18665.77894418156,121327563.13718013
2017-09-08,HPG,17800,6801.421623624788,121065304.90052122
2017-09-08,MSN,2900,43060.570950760564,124875655.75720564
2017-09-08,VGC,8800,13394.410916053244,117870816.06126855
2017-09-11,VIC,6500,18186.223358659106,118210451.8312842
2017-09-11,HPG,17800,6678.447380082198,118876363.36546312
2017-09-11,MSN,2900,43303.39371927989,125579841.78591168
2017-09-11,VGC,8800,13050.964482308289,114848487.44431295
2017-09-12,VIC,6500,18186.223358659106,118210451.8312842
2017-09-12,HPG,17800,6706.82605166895,119381503.71970731
2017-09-12,MSN,2900,44598.4484847163,129335500.60567726
2017-09-12,VGC,8800,13737.8573497982,120893144.67822416
2017-09-12,GEX,13600,9290.114385160034,126345555.63817646
2017-09-13,VIC,6500,17743.556664330692,115333118.31814949
2017-09-13,HPG,17800,6981.153210340881,124264527.14406767
2017-09-13,MSN,2900,45326.91679027428,131448058.69179541
2017-09-13,VGC,8800,14218.682357041136,125124404.741962
2017-09-13,GEX,13600,9267.383068200297,126036409.72752404
2017-09-14,VIC,6500,18130.890021868054,117850785.14214236
2017-09-14,HPG,17800,6943.314981558546,123591006.67174211
2017-09-14,MSN,2900,45569.739558793604,132152244.72050145
2017-09-14,VGC,8800,14149.993070292145,124519939.01857087
2017-09-14,GEX,13600,9005.098641741799,122469341.52768846
2017-09-14,MWG,4600,26368.61275278473,121295618.66280976
2017-09-14,PDR,15600,7911.621227159233,123421291.14368403
2017-09-14,PTB,3200,37621.04964000905,120387358.84802896
2017-09-15,VIC,6500,18038.667793882967,117251340.66023928
2017-09-15,HPG,17800,7000.072324732048,124601287.38023046
2017-09-15,MSN,2900,45407.857713114056,131682787.36803076
2017-09-15,VGC,8800,14493.4395040371,127542267.63552648
2017-09-15,GEX,13600,9179.954926047465,124847386.99424553
2017-09-15,MWG,4600,26207.407259972948,120554073.39587556
2017-09-15,PDR,15600,7938.623347388446,123842524.21925975
2017-09-15,PTB,3200,38002.712462443924,121608679.87982056
2017-09-18,VIC,6500,18075.556685077005,117491118.45300053
2017-09-18,HPG,17800,7123.046568274639,126790228.91528857
2017-09-18,MSN,2900,45569.739558793604,132152244.72050145
2017-09-18,VGC,8800,14424.750217288109,126937801.91213536
2017-09-18,GEX,13600,9179.954926047465,124847386.99424553
2017-09-18,MWG,4600,26299.524684436827,120977813.5484094
2017-09-18,PDR,15600,7965.625467617659,124263757.29483548
2017-09-18,PTB,3200,38847.82299783543,124313033.59307337
2017-09-19,VIC,6500,18112.44557627104,117730896.24576175
2017-09-19,HPG,17800,7189.263468643726,127968889.74185832
2017-09-19,MSN,2900,44922.2121760754,130274415.31061867
2017-09-19,VGC,8800,14905.575224531047,131169061.97587322
2017-09-19,GEX,13600,9442.239352505963,128414455.1940811
2017-09-19,MWG,4600,26184.37790385698,120448138.35774212
2017-09-19,PDR,15600,7830.6148664715965,122157591.9169569
2017-09-19,PTB,3200,38847.82299783543,124313033.59307337
2017-09-20,VIC,6500,18075.556685077005,117491118.45300053
2017-09-20,HPG,17800,7170.344354252558,127632129.50569554
2017-09-20,MSN,2900,43546.21648779922,126284027.81461774
2017-09-20,VGC,8800,14974.264511280036,131773527.69926432
2017-09-20,GEX,13600,9879.38006327013,134359568.86047375
2017-09-20,MWG,4600,26253.465972204885,120765943.47214247
2017-09-20,PDR,15600,7830.6148664715965,122157591.9169569
2017-09-20,PTB,3200,38956.86951853111,124661982.45929955
2017-09-21,VIC,6500,18112.44557627104,117730896.24576175
2017-09-21,HPG,17800,7094.667896687887,126285088.5610444
2017-09-21,MSN,2900,41441.752493965054,120181082.23249866
2017-09-21,VGC,8800,14836.885937782055,130564596.25248209
2017-09-21,GEX,13600,10054.236347575796,136737614.3270308
2017-09-21,MWG,4600,26276.495328320856,120871878.51027595
2017-09-21,PDR,15600,8222.145609795176,128265471.51280475
2017-09-21,PTB,3200,39474.84049183558,126319489.57387386
2017-09-22,VIC,6500,18112.44557627104,117730896.24576175
2017-09-22,HPG,17800,7132.506125470222,126958609.03336996
2017-09-22,MSN,2900,42089.27987668326,122058911.64238144
2017-09-22,VGC,8800,15592.468092020956,137213719.20978442
2017-09-22,GEX,13600,10229.092631881462,139115659.7935879
2017-09-22,MWG,4600,26921.317299567992,123838059.57801276
2017-09-22,PDR,15600,8222.145609795176,128265471.51280475
2017-09-22,PTB,3200,38711.51484696583,123876847.51029065
2017-09-25,VIC,6500,18075.556685077005,117491118.45300053
2017-09-25,HPG,17800,7094.667896687887,126285088.5610444
2017-09-25,MSN,2900,44112.80294767764,127927128.54826516
2017-09-25,VGC,8800,15386.400231773983,135400322.03961104
2017-09-25,GEX,13600,9923.094134346546,134954080.227113
2017-09-25,MWG,4600,27174.640216843654,125003344.99748081
2017-09-25,PDR,15600,8114.137128878327,126580539.2105019
2017-09-25,PTB,3200,38711.51484696583,123876847.51029065
2017-09-26,VIC,6500,18223.112249853144,118450229.62404543
2017-09-26,HPG,17800,7075.74878229672,125948328.32488161
2017-09-26,MSN,2900,45245.97586743451,131213330.01556008
2017-09-26,VGC,8800,15592.468092020956,137213719.20978442
2017-09-26,GEX,13600,9791.951921117296,133170546.12719522
2017-09-26,MWG,4600,26967.376011799934,124049929.6542797
2017-09-26,PDR,15600,8289.650910368207,129318554.20174403
2017-09-26,PTB,3200,37893.665941748244,121259731.01359439
2017-09-27,VIC,6500,18850.22340015173,122526452.10098626
2017-09-27,HPG,17800,7132.506125470222,126958609.03336996
2017-09-27,MSN,2900,44436.56663903675,128866043.25320657
2017-09-27,VGC,8800,15523.778805271964,136609253.48639327
2017-09-27,GEX,13600,9617.09563681163,130792500.66063815
2017-09-27,MWG,4600,26483.75953336458,121825293.85347708
2017-09-27,PDR,15600,8330.154090712025,129950403.8151076
2017-09-27,PTB,3200,37893.665941748244,121259731.01359439
2017-09-28,VIC,6500,18739.556726569626,121807118.72270258
2017-09-28,HPG,17800,7141.9656826658065,127126989.15145135
2017-09-28,MSN,2900,45084.09402175495,130743872.66308935
2017-09-28,VGC,8800,15042.953798029028,132377993.42265545
2017-09-28,GEX,13600,9573.381565735213,130197989.2939989
2017-09-28,MWG,4600,26552.847601712485,122143098.96787743
2017-09-28,PDR,15600,8208.64454968057,128054854.97501689
2017-09-28,PTB,3200,38166.28224348744,122132103.1791598
2017-09-29,VIC,6500,18887.112291345766,122766229.89374748
2017-09-29,HPG,17800,7359.535498164235,130999731.86732338
2017-09-29,MSN,2900,44598.4484847163,129335500.60567726
2017-09-29,VGC,8800,15661.157378769947,137818184.93317553
2017-09-29,GEX,13600,9529.667494658797,129603477.92735964
2017-09-29,MWG,4600,26783.14116287218,123202449.34921202
2017-09-29,PDR,15600,8235.646669909782,128476088.0505926
2017-09-29,PTB,3200,38357.11365470487,122742763.69505559
2017-10-02,VIC,6500,18813.334508957698,122286674.30822504
2017-10-02,HPG,17800,7387.914169750987,131504872.22156757
2017-10-02,MSN,2900,44760.33033039585,129804957.95814797
2017-10-02,VGC,8800,15798.53595226793,139027116.3799578
2017-10-02,GEX,13600,9879.38006327013,134359568.86047375
2017-10-02,MWG,4600,27013.43472403187,124261799.73054661
2017-10-02,PDR,15600,8222.145609795176,128265471.51280475
2017-10-02,PTB,3200,38384.37528487879,122830000.91161214
2017-10-03,VIC,6500,18850.22340015173,122526452.10098626
2017-10-03,HPG,17800,7340.616383773067,130662971.6311606
2017-10-03,MSN,2900,44436.56663903675,128866043.25320657
2017-10-03,VGC,8800,15386.400231773983,135400322.03961104
2017-10-03,GEX,13600,9966.808205422962,135548591.59375226
2017-10-03,MWG,4600,27174.640216843654,125003344.99748081
2017-10-03,PDR,15600,8195.143489565964,127844238.43722904
2017-10-03,PTB,3200,38984.131148705026,124749219.67585608
2017-10-04,VIC,6500,19182.223420898044,124684452.2358373
2017-10-04,HPG,17800,7501.428856097993,133525433.63854428
2017-10-04,MSN,2900,44517.507561876526,129100771.92944193
2017-10-04,VGC,8800,15386.400231773983,135400322.03961104
2017-10-04,GEX,13600,10010.522276499378,136143102.96039155
2017-10-04,MWG,4600,27174.640216843654,125003344.99748081
2017-10-04,PDR,15600,8195.143489565964,127844238.43722904
2017-10-04,PTB,3200,39038.65440905286,124923694.10896915
2017-10-05,VIC,6500,19440.445659256286,126362896.78516586
2017-10-05,HPG,17800,7340.616383773067,130662971.6311606
2017-10-05,MSN,2900,46702.91247855046,135438446.18779632
2017-10-05,VGC,8800,15317.710945024992,134795856.31621993
2017-10-05,GEX,13600,9923.094134346546,134954080.227113
2017-10-05,MWG,4600,26944.346655683963,123943994.61614624
2017-10-05,PDR,15600,8289.650910368207,129318554.20174403
2017-10-05,PTB,3200,39038.65440905286,124923694.10896915
2017-10-06,VIC,6500,19403.55676806225,126123118.99240464
2017-10-06,HPG,17800,7350.075940968651,130831351.74924198
2017-10-06,MSN,2900,46217.26694151181,134030074.13038424
2017-10-06,VGC,8800,15523.778805271964,136609253.48639327
2017-10-06,GEX,13600,9879.38006327013,134359568.86047375
2017-10-06,MWG,4600,27059.49343626381,124473669.80681352
2017-10-06,PDR,15600,8289.650910368207,129318554.20174403
2017-10-06,PTB,3200,38711.51484696583,123876847.51029065
2017-10-09,VIC,6500,19182.223420898044,124684452.2358373
2017-10-09,HPG,17800,7463.590627315657,132851913.1662187
2017-10-09,MSN,2900,46298.207864351585,134264802.80661958
2017-10-09,VGC,8800,15455.089518522975,136004787.7630022
2017-10-09,GEX,13600,9966.808205422962,135548591.59375226
2017-10-09,MWG,4600,27404.933778003346,126062695.37881538
2017-10-09,PDR,15600,8370.657271055845,130582253.42847118
2017-10-09,PTB,3200,38438.898545226635,123004475.34472524
2017-10-10,VIC,6500,19256.001203286112,125164007.82135972
2017-10-10,HPG,17800,7510.888413293576,133693813.75662565
2017-10-10,MSN,2900,46298.207864351585,134264802.80661958
2017-10-10,VGC,8800,15592.468092020956,137213719.20978442
2017-10-10,GEX,13600,9835.665992193712,133765057.49383448
2017-10-10,MWG,4600,28441.25480322196,130829772.09482102
2017-10-10,PDR,15600,8546.171052545726,133320268.41971332
2017-10-10,PTB,3200,38411.63691505272,122917238.1281687
2017-10-11,VIC,6500,20252.00126552505,131638008.22591282
2017-10-11,HPG,17800,7482.509741706825,133188673.40238148
2017-10-11,MSN,2900,45003.15309891518,130509143.98685402
2017-10-11,VGC,8800,16073.293099263894,141444979.27352226
2017-10-11,GEX,13600,9966.808205422962,135548591.59375226
2017-10-11,MWG,4600,28141.87317371436,129452616.59908606
2017-10-11,PDR,15600,8546.171052545726,133320268.41971332
2017-10-11,PTB,3200,38438.898545226635,123004475.34472524
2017-10-12,VIC,6500,20288.890156719084,131877786.01867405
2017-10-12,HPG,17800,7473.050184511241,133020293.28430009
2017-10-12,MSN,2900,46379.14878719136,134499531.48285496
2017-10-12,VGC,8800,16691.496680004813,146885170.78404236
2017-10-12,GEX,13600,10054.236347575796,136737614.3270308
2017-10-12,MWG,4600,28326.108022642115,130300096.90415372
2017-10-12,PDR,15600,8505.667872201906,132688418.80634974
2017-10-12,PTB,3200,38166.28224348744,122132103.1791598
2017-10-13,VIC,6500,20657.77906865943,134275563.9462863
2017-10-13,HPG,17800,7368.995055359819,131168111.98540477
2017-10-13,MSN,2900,47107.61709274934,136612089.56897306
2017-10-13,VGC,8800,16760.185966753805,147489636.50743347
2017-10-13,GEX,13600,10054.236347575796,136737614.3270308
2017-10-13,MWG,4600,28786.695144961497,132418797.66682288
2017-10-13,PDR,15600,8505.667872201906,132688418.80634974
2017-10-13,PTB,3200,37784.619421052565,120910782.14736821
2017-10-16,VIC,6500,20141.33459194295,130918674.84762916
2017-10-16,HPG,17800,7189.263468643726,127968889.74185832
2017-10-16,MSN,2900,46379.14878719136,134499531.48285496
2017-10-16,VGC,8800,16554.11810650683,145676239.3372601
2017-10-16,GEX,13600,10010.522276499378,136143102.96039155
2017-10-16,MWG,4600,29362.42904786073,135067173.62015936
2017-10-16,PDR,15600,8424.661511514269,131424719.5796226
2017-10-16,PTB,3200,37512.00311931337,120038409.98180278
2017-10-17,VIC,6500,20399.55683030119,132597119.39695773
2017-10-17,HPG,17800,7378.4546125554025,131336492.10348617
2017-10-17,MSN,2900,45488.798635953826,131917516.04426609
2017-10-17,VGC,8800,16691.496680004813,146885170.78404236
2017-10-17,GEX,13600,9923.094134346546,134954080.227113
2017-10-17,MWG,4600,29385.4584039767,135173108.65829283
2017-10-17,PDR,15600,8451.663631743482,131845952.65519832
2017-10-17,PTB,3200,37512.00311931337,120038409.98180278
2017-10-18,VIC,6500,20252.00126552505,131638008.22591282
2017-10-18,HPG,17800,7264.939926208396,129315930.68650945
2017-10-18,MSN,2900,45893.50325015271,133091159.42544286
2017-10-18,VGC,8800,16073.293099263894,141444979.27352226
2017-10-18,GEX,13600,9879.38006327013,134359568.86047375
2017-10-18,MWG,4600,29592.72260902042,136126524.00149393
2017-10-18,PDR,15600,8546.171052545726,133320268.41971332
2017-10-18,PTB,3200,36803.200734791455,117770242.35133265
2017-10-19,VIC,6500,20288.890156719084,131877786.01867405
2017-10-19,HPG,17800,7151.42523986139,127295369.26953274
2017-10-19,MSN,2900,45326.91679027428,131448058.69179541
2017-10-19,VGC,8800,16004.603812514903,140840513.55013114
2017-10-19,GEX,13600,9835.665992193712,133765057.49383448
2017-10-19,MWG,4600,30398.750073079344,139834250.33616498
2017-10-19,PDR,15600,8654.179533462575,135005200.72201616
2017-10-19,PTB,3200,36257.968131313064,116025498.0202018
2017-10-20,VIC,6500,20399.55683030119,132597119.39695773
2017-10-20,HPG,17800,7085.208339492303,126116708.44296299
2017-10-20,MSN,2900,45731.62140447315,132621702.07297215
2017-10-20,VGC,8800,15523.778805271964,136609253.48639327
2017-10-20,GEX,13600,9748.23785004088,132576034.76055597
2017-10-20,MWG,4600,29362.42904786073,135067173.62015936
2017-10-20,PDR,15600,8613.676353118755,134373351.1086526
2017-10-23,VIC,6500,20436.445721495224,132836897.18971895
2017-10-23,HPG,17800,7018.991439123216,124938047.61639324
2017-10-23,MSN,2900,45326.91679027428,131448058.69179541
2017-10-23,VGC,8800,15523.778805271964,136609253.48639327
2017-10-23,GEX,13600,9485.953423582381,129008966.56072038
2017-10-23,MWG,4600,28901.841925541346,132948472.8574902
2017-10-23,PDR,15600,8559.672112660332,133530884.95750117
2017-10-24,VIC,6500,20473.334612689257,133076674.98248017
2017-10-24,HPG,17800,7094.667896687887,126285088.5610444
2017-10-24,MSN,2900,45326.91679027428,131448058.69179541
2017-10-24,VGC,8800,15661.157378769947,137818184.93317553
2017-10-24,GEX,13600,9748.23785004088,132576034.76055597
2017-10-24,MWG,4600,29477.575828440575,135596848.81082663
2017-10-24,PDR,15600,8667.68059357718,135215817.259804
2017-10-25,VIC,6500,20399.55683030119,132597119.39695773
2017-10-25,HPG,17800,7066.289225101135,125779948.20680021
2017-10-25,MSN,2900,45731.62140447315,132621702.07297215
2017-10-25,VGC,8800,15798.53595226793,139027116.3799578
2017-10-25,GEX,13600,9704.523778964463,131981523.3939167
2017-10-25,MWG,4600,30237.544580267557,139092705.06923077
2017-10-25,PDR,15600,8681.181653691787,135426433.79759187
2017-10-26,VIC,6500,20399.55683030119,132597119.39695773
2017-10-26,HPG,17800,7000.072324732048,124601287.38023046
2017-10-26,MSN,2900,46298.207864351585,134264802.80661958
2017-10-26,VGC,8800,15729.846665518939,138422650.65656665
2017-10-26,GEX,13600,9573.381565735213,130197989.2939989
2017-10-26,MWG,4600,30007.251019107865,138033354.6878962
2017-10-26,PDR,15600,8640.678473347969,134794584.18422833
2017-10-27,VIC,6500,21026.66798059978,136673341.87389857
2017-10-27,HPG,17800,7132.506125470222,126958609.03336996
2017-10-27,MSN,2900,47350.439861268664,137316275.59767914
2017-10-27,VGC,8800,15661.157378769947,137818184.93317553
2017-10-27,GEX,13600,9704.523778964463,131981523.3939167
2017-10-27,MWG,4600,30168.456511919652,138774899.9548304
2017-10-27,PDR,15600,8667.68059357718,135215817.259804
2017-10-30,VIC,6500,21395.556892540128,139071119.80151084
2017-10-30,HPG,17800,6962.234095949713,123927766.9079049
2017-10-30,MSN,2900,48564.5537038653,140837205.74120936
2017-10-30,VGC,8800,15661.157378769947,137818184.93317553
2017-10-30,GEX,13600,9573.381565735213,130197989.2939989
2017-10-30,MWG,4600,29892.10423852802,137503679.4972289
2017-10-30,PDR,15600,8586.674232889543,133952118.03307688
2017-10-31,VIC,6500,21580.0013485103,140270008.76531696
2017-10-31,HPG,17800,7000.072324732048,124601287.38023046
2017-10-31,MSN,2900,48159.84908966642,139663562.36003262
2017-10-31,VGC,8800,15592.468092020956,137213719.20978442
2017-10-31,GEX,13600,9529.667494658797,129603477.92735964
2017-10-31,MWG,4600,29592.72260902042,136126524.00149393
2017-10-31,PDR,15600,8532.669992431118,133109651.88192543
2017-11-01,VIC,6500,21616.890239704335,140509786.55807817
2017-11-01,HPG,17800,6754.123837646868,120223404.31011425
2017-11-01,MSN,2900,48564.5537038653,140837205.74120936
2017-11-01,VGC,8800,14905.575224531047,131169061.97587322
2017-11-01,GEX,13600,9529.667494658797,129603477.92735964
2017-11-01,MWG,4600,29224.252911164913,134431563.39135858
2017-11-01,PDR,15600,8532.669992431118,133109651.88192543
2017-11-02,VIC,6500,22133.33471642082,143866675.65673533
2017-11-02,MSN,2900,48645.49462670508,141071934.41744474
2017-11-02,VGC,8800,14424.750217288109,126937801.91213536
2017-11-02,GEX,13600,9311.097139276715,126630921.09416333
2017-11-02,MWG,4600,27635.227339163037,127122045.76014997
2017-11-02,PDR,15600,8492.1668120873,132477802.26856188
2017-11-03,VIC,6500,22207.11249880889,144346231.24225777
2017-11-03,MSN,2900,48726.43554954485,141306663.09368005
2017-11-03,VGC,8800,15111.64308477802,132982459.14604656
2017-11-03,GEX,13600,9267.383068200297,126036409.72752404
2017-11-03,MWG,4600,28901.841925541346,132948472.8574902
2017-11-03,PDR,15600,8546.171052545726,133320268.41971332
2017-11-06,VIC,6500,22317.779172390994,145065564.62054145
2017-11-06,MSN,2900,48726.43554954485,141306663.09368005
2017-11-06,VGC,8800,15592.468092020956,137213719.20978442
2017-11-06,MWG,4600,29247.282267280883,134537498.42949206
2017-11-06,PDR,15600,8546.171052545726,133320268.41971332
2017-11-07,VIC,6500,22871.112540301514,148662231.51195985
2017-11-07,MSN,2900,48483.61278102552,140602477.064974
2017-11-07,VGC,8800,15386.400231773983,135400322.03961104
2017-11-07,MWG,4600,29086.076774469097,133795953.16255784
2017-11-07,PDR,15600,8762.188014379424,136690133.02431902
2017-11-08,VIC,6500,24162.22373209273,157054454.25860274
2017-11-08,MSN,2900,48483.61278102552,140602477.064974
2017-11-08,VGC,8800,15386.400231773983,135400322.03961104
2017-11-08,MWG,4600,29477.575828440575,135596848.81082663
2017-11-08,PDR,15600,8802.691194723242,137321982.6376826
2017-11-09,VIC,6500,25305.779359107804,164487565.83420074
2017-11-09,MSN,2900,48078.908166826644,139428833.68379727
2017-11-09,VGC,8800,15249.021658276,134191390.59282881
2017-11-09,MWG,4600,29707.869389600266,136656199.19216123
2017-11-09,PDR,15600,8856.695435181668,138164448.788834
2017-11-10,VIC,6500,24346.668188062904,158253343.22240886
2017-11-10,MSN,2900,48159.84908966642,139663562.36003262
2017-11-10,VGC,8800,15249.021658276,134191390.59282881
2017-11-10,MWG,4600,29684.8400334843,136550264.1540278
2017-11-10,PDR,15600,8883.69755541088,138585681.86440971
2017-11-13,VIC,6500,25305.779359107804,164487565.83420074
2017-11-13,MSN,2900,47755.14447546755,138489918.97885588
2017-11-13,VGC,8800,15317.710945024992,134795856.31621993
2017-11-13,MWG,4600,29477.575828440575,135596848.81082663
2017-11-13,PDR,15600,8802.691194723242,137321982.6376826
2017-11-14,VIC,6500,25305.779359107804,164487565.83420074
2017-11-14,MSN,2900,46945.73524706979,136142632.2165024
2017-11-14,VGC,8800,15798.53595226793,139027116.3799578
2017-11-14,MWG,4600,30974.483975978572,142482626.28950143
2017-11-14,PDR,15600,9059.21133690076,141323696.85565186
2017-11-15,VIC,6500,25453.334923883944,165446677.00524563
2017-11-15,MSN,2900,45731.62140447315,132621702.07297215
2017-11-15,VGC,8800,15592.468092020956,137213719.20978442
2017-11-15,MWG,4600,30744.19041481888,141423275.90816686
2017-11-15,PDR,15600,9153.718757703004,142798012.62016687
2017-11-16,VIC,6500,25785.334944630256,167604677.14009666
2017-11-16,MSN,2900,47755.14447546755,138489918.97885588
2017-11-16,VGC,8800,15867.22523901692,139631582.10334888
2017-11-16,MWG,4600,30974.483975978572,142482626.28950143
2017-11-16,PDR,15600,9288.729358849067,144904177.99804544
2017-11-17,VIC,6500,26338.668312540776,171201344.03151503
2017-11-17,MSN,2900,46945.73524706979,136142632.2165024
2017-11-17,VGC,8800,15798.53595226793,139027116.3799578
2017-11-17,MWG,4600,30859.337195398726,141952951.09883413
2017-11-17,PDR,15600,9261.727238619853,144482944.9224697
2017-11-20,VIC,6500,28146.223981048475,182950455.87681508
2017-11-20,MSN,2900,47836.08539830732,138724647.65509123
2017-11-20,VGC,8800,15935.914525765911,140236047.82674003
2017-11-20,MWG,4600,31435.071098297958,144601327.0521706
2017-11-20,PDR,15600,9450.74208022434,147431576.4514997
2017-11-21,VIC,6500,28404.44621940672,184628900.42614368
2017-11-21,MSN,2900,50507.135852019914,146470693.97085774
2017-11-21,VGC,8800,15661.157378769947,137818184.93317553
2017-11-21,MWG,4600,31435.071098297958,144601327.0521706
2017-11-21,PDR,15600,9342.73359930749,145746644.14919686
2017-11-22,VIC,6500,28035.557307466373,182231122.49853143
2017-11-22,MSN,2900,51802.19061745632,150226352.79062334
2017-11-22,VGC,8800,15729.846665518939,138422650.65656665
2017-11-22,MWG,4600,31665.36465945765,145660677.43350518
2017-11-22,PDR,15600,9329.232539192884,145536027.611409
2017-11-23,VIC,6500,28220.001763436547,183430011.46233755
2017-11-23,MSN,2900,51802.19061745632,150226352.79062334
2017-11-23,VGC,8800,17241.01097399674,151720896.5711713
2017-11-23,MWG,4600,31504.159166645863,144919132.16657096
2017-11-23,PDR,15600,9221.224058276035,143851095.30910614
2017-11-24,VIC,6500,27482.223939555854,178634455.60711303
2017-11-24,MSN,2900,52045.013385975646,150930538.81932938
2017-11-24,VGC,8800,17653.146694490686,155347690.91151804
2017-11-24,MWG,4600,31458.100454413925,144707262.09030405
2017-11-24,PDR,15600,9693.761162287252,151222674.1316811
2017-11-27,VIC,6500,28035.557307466373,182231122.49853143
2017-11-27,MSN,2900,55039.82753104734,159615499.8400373
2017-11-27,VGC,8800,17927.90384148665,157765553.80508253
2017-11-27,MWG,4600,30629.043634239035,140893600.71749955
2017-11-27,PDR,15600,9815.270703318707,153118222.97177184
2017-11-28,VIC,6500,28109.33508985444,182710678.08405387
2017-11-28,MSN,2900,56658.64598784285,164310073.36474428
2017-11-28,VGC,8800,17790.52526798867,156556622.3583003
2017-11-28,MWG,4600,30536.926209775156,140469860.56496572
2017-11-28,PDR,15600,9788.268583089495,152696989.89619613
2017-11-29,VIC,6500,28109.33508985444,182710678.08405387
2017-11-29,MSN,2900,56658.64598784285,164310073.36474428
2017-11-29,VGC,8800,18546.107422227567,163205745.3156026
2017-11-29,MWG,4600,30974.483975978572,142482626.28950143
2017-11-29,PDR,15600,9666.75904205804,150801441.05610543
2017-11-30,VIC,6500,27482.223939555854,178634455.60711303
2017-11-30,MSN,2900,54311.35922548936,157502941.75391915
2017-11-30,VGC,8800,18889.553855972525,166228073.9325582
2017-11-30,MWG,4600,31089.630756558417,143012301.48016873
2017-11-30,PDR,15600,9612.754801599614,149958974.904954
2017-12-01,VIC,6500,27519.112830749888,178874233.39987427
2017-12-01,MSN,2900,55444.532145246216,160789143.22121403
2017-12-01,VGC,8800,18546.107422227567,163205745.3156026
2017-12-01,MWG,4600,31296.894961602142,143965716.82336986
2017-12-01,PDR,15600,9639.756921828826,150380207.9805297
2017-12-04,VIC,6500,28072.446198660407,182470900.29129264
2017-12-04,MSN,2900,55849.23675944509,161962786.60239077
2017-12-04,VGC,8800,18408.72884872959,161996813.86882037
2017-12-04,MWG,4600,31365.98302995005,144283521.93777022
2017-12-04,PDR,15600,9275.228298734459,144693561.46025756
2017-12-05,VIC,6500,26928.89057164533,175037788.71569464
2017-12-05,MSN,2900,55768.29583660532,161728057.92615542
2017-12-05,VGC,8800,17172.32168724775,151116430.8477802
2017-12-05,MWG,4600,30559.955565891127,140575795.6030992
2017-12-05,PDR,15600,9248.226178505247,144272328.38468185
2017-12-06,VIC,6500,26928.89057164533,175037788.71569464
2017-12-06,MSN,2900,54797.00476252801,158911313.81133124
2017-12-06,VGC,8800,17241.01097399674,151720896.5711713
2017-12-06,MWG,4600,29869.074882412053,137397744.45909545
2017-12-06,PDR,15600,9261.727238619853,144482944.9224697
2017-12-07,VIC,6500,26560.001659704983,172640010.7880824
2017-12-07,MSN,2900,55849.23675944509,161962786.60239077
2017-12-07,VGC,8800,17859.21455473766,157161088.0816914
2017-12-07,MWG,4600,29638.781321252358,136338394.07776085
2017-12-07,PDR,15600,9207.72299816143,143640478.7713183
2017-12-08,VIC,6500,26928.89057164533,175037788.71569464
2017-12-08,MSN,2900,58196.52352179858,168769918.2132159
2017-12-08,VGC,8800,17241.01097399674,151720896.5711713
2017-12-08,MWG,4600,29707.869389600266,136656199.19216123
2017-12-08,PDR,15600,9248.226178505247,144272328.38468185
2017-12-11,VIC,6500,26560.001659704983,172640010.7880824
2017-12-11,MSN,2900,58277.46444463836,169004646.88945124
2017-12-11,VGC,8800,16348.050246259858,143862842.16708675
2017-12-11,MWG,4600,29293.34097951282,134749368.50575897
2017-12-11,PDR,15600,9045.710276786154,141113080.317864
2017-12-12,VIC,6500,26264.89053015271,170721788.44599262
2017-12-12,MSN,2900,58439.34629031791,169474104.24192193
2017-12-12,VGC,8800,16279.360959510866,143258376.44369563
2017-12-12,MWG,4600,29132.135486701038,134007823.23882477
2017-12-12,PDR,15600,9045.710276786154,141113080.317864
2017-12-13,VIC,6500,26560.001659704983,172640010.7880824
2017-12-13,MSN,2900,57953.700753279256,168065732.18450984
2017-12-13,VGC,8800,16828.875253502792,148094102.23082456
2017-12-13,MWG,4600,28579.430939917776,131465382.32362176
2017-12-13,PDR,15600,9045.710276786154,141113080.317864
2017-12-14,VIC,6500,26560.001659704983,172640010.7880824
2017-12-14,MSN,2900,59167.81459587589,171586662.3280401
2017-12-14,VGC,8800,16966.253827000775,149303033.67760682
2017-12-14,MWG,4600,29823.01617018011,137185874.3828285
2017-12-14,PDR,15600,9072.712397015366,141534313.3934397
2017-12-15,VIC,6500,25896.00161821236,168324010.51838034
2017-12-15,MSN,2900,58034.641676119034,168300460.8607452
2017-12-15,VGC,8800,17172.32168724775,151116430.8477802
2017-12-15,MWG,4600,30398.750073079344,139834250.33616498
2017-12-15,PDR,15600,9099.71451724458,141955546.46901545
2017-12-18,VIC,6500,27297.77948358568,177435566.6433069
2017-12-18,MSN,2900,61110.3967440305,177220150.55768844
2017-12-18,VGC,8800,17790.52526798867,156556622.3583003
2017-12-18,MWG,4600,30398.750073079344,139834250.33616498
2017-12-18,PDR,15600,9261.727238619853,144482944.9224697
2017-12-19,VIC,6500,27113.335027615503,176236677.67950076
2017-12-19,MSN,2900,61515.10135822938,178393793.9388652
2017-12-19,VGC,8800,17790.52526798867,156556622.3583003
2017-12-19,MWG,4600,30859.337195398726,141952951.09883413
2017-12-19,PDR,15600,9234.725118390641,144061711.846894
2017-12-20,VIC,6500,27113.335027615503,176236677.67950076
2017-12-20,MSN,2900,61596.04228106915,178628522.61510053
2017-12-20,VGC,8800,17996.59312823564,158370019.52847362
2017-12-20,MWG,4600,30629.043634239035,140893600.71749955
2017-12-20,PDR,15600,9234.725118390641,144061711.846894
2017-12-21,VIC,6500,26928.89057164533,175037788.71569464
2017-12-21,MSN,2900,59248.75551871566,171821391.0042754
2017-12-21,VGC,8800,17584.457407741695,154743225.18812692
2017-12-21,MWG,4600,29823.01617018011,137185874.3828285
2017-12-21,PDR,15600,9315.731479078278,145325411.07362115
2017-12-22,VIC,6500,27888.001742690234,181272011.32748652
2017-12-22,MSN,2900,59815.34197859409,173464491.73792288
2017-12-22,VGC,8800,17241.01097399674,151720896.5711713
2017-12-22,PDR,15600,9356.234659422096,145957260.6869847
2017-12-25,VIC,6500,28773.335131347067,187026678.35375592
2017-12-25,MSN,2900,60058.16474711342,174168677.76662892
2017-12-25,VGC,8800,17034.943113749767,149907499.40099794
2017-12-25,PDR,15600,9477.744200453553,147852809.52707544
2017-12-26,VIC,6500,28773.335131347067,187026678.35375592
2017-12-26,MSN,2900,61110.3967440305,177220150.55768844
2017-12-26,VGC,8800,17584.457407741695,154743225.18812692
2017-12-26,PDR,15600,9531.748440911977,148695275.67822683
2017-12-27,VIC,6500,28478.224001794788,185108456.01166612
2017-12-27,MSN,2900,60705.69212983162,176046507.1765117
2017-12-27,VGC,8800,17927.90384148665,157765553.80508253
2017-12-27,PDR,15600,9585.752681370403,149537741.82937828
2017-12-28,VIC,6500,28552.00178418286,185588011.5971886
2017-12-28,MSN,2900,61272.278589710055,177689607.91015917
2017-12-28,VGC,8800,17996.59312823564,158370019.52847362
2017-12-28,PDR,15600,9639.756921828826,150380207.9805297
2017-12-29,VIC,6500,28515.112892988825,185348233.80442736
2017-12-29,MSN,2900,62081.68781810781,180036894.67251265
2017-12-29,VGC,8800,18133.971701733622,159578950.97525588
2017-12-29,PDR,15600,9639.756921828826,150380207.9805297
2018-01-02,VIC,6500,28847.112913735134,187506233.93927836
2018-01-02,MSN,2900,64752.738271820395,187782940.98827913
2018-01-02,VGC,8800,18820.864569223533,165623608.2091671
2018-01-02,PDR,15600,9774.76752297489,152486373.35840827
2018-01-02,DXG,14000,10469.833425251338,146577667.95351872
2018-01-02,PPC,15100,10028.878054756779,151436058.62682736
2018-01-03,VIC,6500,29695.557411197933,193021123.17278656
2018-01-03,MSN,2900,66776.26134281479,193651157.8941629
2018-01-03,VGC,8800,18820.864569223533,165623608.2091671
2018-01-03,PDR,15600,9855.773883662527,153750072.58513543
2018-01-03,DXG,14000,10446.199489754157,146246792.8565582
2018-01-03,PPC,15100,9901.930231278844,149519146.49231055
2018-01-03,BID,9900,14616.794109242834,144706261.68150404
2018-01-04,VIC,6500,29880.001867168106,194220012.1365927
2018-01-04,MSN,2900,66776.26134281479,193651157.8941629
2018-01-04,VGC,8800,18683.48599572555,164414676.76238483
2018-01-04,PDR,15600,9855.773883662527,153750072.58513543
2018-01-04,DXG,14000,10564.369167240064,147901168.3413609
2018-01-04,PPC,15100,9732.666466641598,146963263.64628813
2018-01-04,BID,9900,15025.846183195525,148755877.21363568
2018-01-05,VIC,6500,29511.11295522776,191822234.20898044
2018-01-05,MSN,2900,68556.96164528985,198815188.77134055
2018-01-05,VGC,8800,18683.48599572555,164414676.76238483
2018-01-05,PDR,15600,10071.790845496225,157119937.1897411
2018-01-05,DXG,14000,10280.761941273888,143930667.17783442
2018-01-05,PPC,15100,9457.612849106075,142809954.02150175
2018-01-05,BID,9900,14944.035768404987,147945954.10720935
2018-01-08,VIC,6500,29621.779628809865,192541567.58726412
2018-01-08,MSN,2900,71875.53948172064,208439064.49698985
2018-01-08,VGC,8800,19439.068149964452,171063799.7196872
2018-01-08,PDR,15600,10017.786605037802,156277471.03858972
2018-01-08,DXG,14000,10989.780006189327,153856920.08665058
2018-01-08,PPC,15100,9648.034584322977,145685322.22327694
2018-01-08,BID,9900,15189.467012776602,150375723.42648837
2018-01-09,VIC,6500,29732.44630239197,193260900.9655478
2018-01-09,MSN,2900,72846.83055579795,211255808.61181405
2018-01-09,VGC,8800,19439.068149964452,171063799.7196872
2018-01-09,PDR,15600,9990.784484808588,155856237.96301398
2018-01-09,DXG,14000,11155.217554669596,156173045.76537433
2018-01-09,PPC,15100,9563.402702004354,144407380.80026576
2018-01-09,BID,9900,14944.035768404987,147945954.10720935
2018-01-10,VIC,6500,29806.22408478004,193740456.55107024
2018-01-10,MSN,2900,70418.60287060468,204213948.32475355
2018-01-10,VGC,8800,19370.37886321546,170459333.99629605
2018-01-10,PDR,15600,10395.816288246775,162174734.09664968
2018-01-10,DXG,14000,11344.289038647048,158820046.54105866
2018-01-10,PPC,15100,9499.928790265387,143448924.73300734
2018-01-10,BID,9900,14971.3059066685,148215928.47601816
2018-01-11,VIC,6500,29880.001867168106,194220012.1365927
2018-01-11,MSN,2900,72846.83055579795,211255808.61181405
2018-01-11,VGC,8800,19507.757436713444,171668265.4430783
2018-01-11,PDR,15600,10449.820528705199,163017200.2478011
2018-01-11,DXG,14000,11580.628393618861,162128797.51066405
2018-01-11,PPC,15100,9436.45487852642,142490468.66574892
2018-01-11,BID,9900,15053.116321459038,149025851.5824445
2018-01-12,VIC,6500,31503.113079705636,204770235.01808664
2018-01-12,MSN,2900,75275.05824099122,218297668.89887452
2018-01-12,VGC,8800,18408.72884872959,161996813.86882037
2018-01-12,PDR,15600,10449.820528705199,163017200.2478011
2018-01-12,DXG,14000,11415.190845138592,159812671.8319403
2018-01-12,PPC,15100,9626.876613743321,145365836.86752415
2018-01-12,BID,9900,14862.225353614449,147136031.00078306
2018-01-15,VIC,6500,32167.113121198257,209086235.28778866
2018-01-15,MSN,2900,75113.17639531166,217828211.54640383
2018-01-15,VGC,8800,18065.28241498463,158974485.25186476
2018-01-15,PDR,15600,10449.820528705199,163017200.2478011
2018-01-15,DXG,14000,12195.110716545576,170731550.03163806
2018-01-15,PPC,15100,9521.086760845043,143768410.08876014
2018-01-15,BID,9900,14889.495491877962,147406005.36959183
2018-01-16,VIC,6500,31724.446426869843,206208901.77465397
2018-01-16,MSN,2900,74789.41270395256,216889296.84146243
2018-01-16,VGC,8800,18065.28241498463,158974485.25186476
2018-01-16,PDR,15600,10206.801446642288,159226102.5676197
2018-01-16,DXG,14000,12289.646458534302,172055050.41948023
2018-01-16,PPC,15100,9521.086760845043,143768410.08876014
2018-01-16,BID,9900,15107.656597986064,149565800.32006204
2018-01-17,VIC,6500,30986.66860298915,201413345.91942948
2018-01-17,MSN,2900,73008.7124014775,211725265.96428475
2018-01-17,VGC,8800,17241.01097399674,151720896.5711713
2018-01-17,PDR,15600,10206.801446642288,159226102.5676197
2018-01-17,DXG,14000,11816.967748590674,165437548.48026943
2018-01-17,PPC,15100,9415.296907946764,142170983.30999613
2018-01-17,BID,9900,14725.874662296885,145786159.15673915
2018-01-18,VIC,6500,31134.22416776529,202372457.09047437
2018-01-18,MSN,2900,74465.64901259345,215950382.136521
2018-01-18,PDR,15600,10071.790845496225,157119937.1897411
2018-01-18,DXG,14000,12289.646458534302,172055050.41948023
2018-01-18,PPC,15100,9351.822996207797,141212527.24273774
2018-01-18,BID,9900,14780.414938823911,146326107.89435673
2018-01-19,VIC,6500,30986.66860298915,201413345.91942948
2018-01-19,MSN,2900,70823.30748480356,205387591.70593032
2018-01-19,PDR,15600,10098.792965725437,157541170.2653168
2018-01-19,DXG,14000,12998.664523449743,181981303.3282964
2018-01-19,PPC,15100,9309.507055048485,140573556.53123212
2018-01-19,BID,9900,14671.33438576986,145246210.41912162
2018-01-22,VIC,6500,31355.557514929496,203811123.84704173
2018-01-22,MSN,2900,74870.35362679233,217124025.51769778
2018-01-22,PDR,15600,10085.291905610831,157330553.72752896
2018-01-22,DXG,14000,13093.200265438467,183304803.71613854
2018-01-22,PPC,15100,9013.295466933307,136100761.55069292
2018-01-22,BID,9900,15516.708671938755,153615415.85219368
2018-01-22,HPG,13800,12032.556752782657,166049283.18840066
2018-01-23,VIC,6500,18518.22337940542,120368451.96613522
2018-01-23,MSN,2900,40875.16603408663,118537981.49885122
2018-01-23,PDR,15600,7884.619106930021,123000058.06810834
2018-01-23,DXG,14000,10398.931618759794,145585042.6626371
2018-01-23,PPC,15100,9690.350525482287,146324292.93478253
2018-01-23,BID,9900,14725.874662296885,145786159.15673915
2018-01-23,HPG,13800,11256.87306274478,155344848.26587796
2018-01-24,VIC,6500,18518.22337940542,120368451.96613522
2018-01-24,MSN,2900,40875.16603408663,118537981.49885122
2018-01-24,PDR,15600,7884.619106930021,123000058.06810834
2018-01-24,DXG,14000,10398.931618759794,145585042.6626371
2018-01-24,PPC,15100,9690.350525482287,146324292.93478253
2018-01-24,BID,9900,14725.874662296885,145786159.15673915
2018-01-24,HPG,13800,11256.87306274478,155344848.26587796
2018-01-25,VIC,6500,31392.44640612353,204050901.63980293
2018-01-25,MSN,2900,78674.57700026178,228156273.30075917
2018-01-25,PDR,15600,10314.809927559138,160911034.86992255
2018-01-25,DXG,14000,13707.682588365182,191907556.23711255
2018-01-25,PPC,15100,8844.03170229606,133544878.70467052
2018-01-25,BID,9900,16580.244064215753,164144416.23573595
2018-01-25,HPG,13800,11635.255350568135,160566523.83784026
2018-01-26,VIC,6500,31540.00197089967,205010012.81084785
2018-01-26,MSN,2900,78917.3997687811,228860459.3294652
2018-01-26,PDR,15600,10463.321588819805,163227816.78558895
2018-01-26,DXG,14000,13565.878975382095,189922305.6553493
2018-01-26,BID,9900,17725.589871283286,175483339.72570452
2018-01-26,HPG,13800,12089.314095956159,166832534.524195
2018-01-26,DPM,16700,7793.255845222016,130147372.61520767
2018-01-29,VIC,6500,31540.00197089967,205010012.81084785
2018-01-29,MSN,2900,76489.17208358785,221818599.04240477
2018-01-29,PDR,15600,10463.321588819805,163227816.78558895
2018-01-29,DXG,14000,13471.343233393369,188598805.26750717
2018-01-29,BID,9900,18870.935678350823,186822263.21567315
2018-01-29,HPG,13800,11635.255350568135,160566523.83784026
2018-01-29,DPM,16700,7915.025467803611,132180925.3123203
2018-01-30,VIC,6500,31355.557514929496,203811123.84704173
2018-01-30,MSN,2900,73494.35793851616,213133638.02169687
2018-01-30,PDR,15600,10530.826889392836,164280899.47452825
2018-01-30,DXG,14000,14393.066717783442,201502934.0489682
2018-01-30,BID,9900,19634.49954972918,194381545.54231888
2018-01-30,HPG,13800,11597.4171217858,160044356.28064403
2018-01-30,DPM,16700,7945.467873449009,132689313.48659845
2018-01-31,VIC,6500,31724.446426869843,206208901.77465397
2018-01-31,MSN,2900,74546.58993543324,216185110.8127564
2018-01-31,PDR,15600,10652.336430424291,166176448.31461895
2018-01-31,DXG,14000,14416.700653280623,201833809.1459287
2018-01-31,BID,9900,18652.77457224272,184662468.26520294
2018-01-31,HPG,13800,11786.608265697476,162655194.06662518
2018-01-31,DPM,16700,7427.946977477234,124046714.52386981
2018-02-01,VIC,6500,31945.77977403405,207647568.53122133
2018-02-01,MSN,2900,74546.58993543324,216185110.8127564
2018-02-01,PDR,15600,10449.820528705199,163017200.2478011
2018-02-01,DXG,14000,13944.021943336997,195216307.20671794
2018-02-01,BID,9900,18380.073189607592,181962724.57711515
2018-02-01,HPG,13800,11540.659778612297,159261104.9448497
2018-02-01,DPM,16700,7290.956152072941,121758967.73961812
2018-02-02,VIC,6500,32167.113121198257,209086235.28778866
2018-02-02,MSN,2900,73656.2397841957,213603095.37416753
2018-02-02,PDR,15600,10449.820528705199,163017200.2478011
2018-02-02,DXG,14000,14062.191620822903,196870682.69152063
2018-02-02,BID,9900,18380.073189607592,181962724.57711515
2018-02-02,HPG,13800,11559.578893003463,159522188.7234478
2018-02-02,DPM,16700,7580.159005704227,126588655.39526059
2018-02-05,VIC,6500,29916.890758362144,194459789.92935392
2018-02-05,MSN,2900,68556.96164528985,198815188.77134055
2018-02-05,PDR,15600,9909.77812412095,154592538.73628682
2018-02-05,DXG,14000,13093.200265438467,183304803.71613854
2018-02-05,BID,9900,17098.376691222493,169273929.24310267
2018-02-05,HPG,13800,10783.895202965588,148817753.8009251
2018-02-05,DPM,16700,7123.522921023249,118962832.78108826
2018-02-06,VIC,6500,29916.890758362144,194459789.92935392
2018-02-06,MSN,2900,69609.19364220693,201866661.56240007
2018-02-06,PDR,15600,9221.224058276035,143851095.30910614
2018-02-06,DXG,14000,12620.52155549484,176687301.77692777
2018-02-06,BID,9900,15925.760745891446,157665031.38432533
2018-02-06,HPG,13800,10973.086346877266,151428591.58690628
2018-02-06,DPM,16700,7123.522921023249,118962832.78108826
2018-02-07,VIC,6500,29880.001867168106,194220012.1365927
2018-02-07,MSN,2900,67180.96595701366,194824801.2753396
2018-02-07,PDR,15600,9450.74208022434,147431576.4514997
2018-02-07,DXG,14000,13235.003878421556,185290054.29790178
2018-02-07,BID,9900,17016.566276431957,168464006.13667637
2018-02-08,VIC,6500,29142.224043287413,189424456.2813682
2018-02-08,MSN,2900,68799.78441380918,199519374.8000466
2018-02-08,PDR,15600,9423.739959995128,147010343.375924
2018-02-08,DXG,14000,13471.343233393369,188598805.26750717
2018-02-08,BID,9900,17561.96904170221,173863493.5128519
2018-02-09,VIC,6500,28847.112913735134,187506233.93927836
2018-02-09,MSN,2900,66533.43857429546,192946971.86545685
2018-02-09,PDR,15600,9342.73359930749,145746644.14919686
2018-02-09,DXG,14000,13329.539620410282,186613554.68574396
2018-02-09,BID,9900,17616.509318229237,174403442.25046945
2018-03-26,VHC,7500,20905.49372601917,156791202.94514376
2018-03-27,VHC,7500,20971.54583889759,157286593.79173192
2018-03-27,MSN,1700,88225.60589535529,149983530.022104
2018-03-27,VIC,3500,41684.447049259215,145895564.67240724
2018-03-27,VJC,800,179820.0,143856000.0
2018-03-28,VHC,7500,21400.8845726073,160506634.29455477
2018-03-28,MSN,1700,89358.77881511215,151909923.98569065
2018-03-28,VIC,3500,42237.780417169735,147832231.46009406
2018-03-28,VJC,800,182250.0,145800000.0
2018-03-29,VHC,7500,22325.61415290515,167442106.14678863
2018-03-29,MSN,1700,88630.31050955417,150671527.86624208
2018-03-29,VIC,3500,42422.22487313991,148477787.05598968
2018-03-29,VJC,800,179820.0,143856000.0
2018-03-30,VHC,7500,23118.23950744616,173386796.3058462
2018-03-30,MSN,1700,91867.94742314519,156175510.61934683
2018-03-30,VIC,3500,43233.78047940867,151318231.67793036
2018-03-30,VJC,800,181359.0,145087200.0
2018-04-02,VHC,7500,22556.79654797961,169175974.1098471
2018-04-02,MSN,1700,92758.29757438273,157689105.87645063
2018-04-02,VIC,3500,45373.33616866268,158806676.5903194
2018-04-02,VJC,800,184761.0,147808800.0
2018-04-03,VHC,7500,22953.109225250115,172148319.18937585
2018-04-03,MSN,1700,91463.2428089463,155487512.7752087
2018-04-03,VIC,3500,45115.11393030444,157902898.75606555
2018-04-03,VJC,800,182250.0,145800000.0
2018-04-03,HCM,11600,13756.434653984685,159574641.98622236
2018-04-04,VHC,7500,23382.44795895983,175368359.69219872
2018-04-04,MSN,1700,89035.01512375305,151359525.7103802
2018-04-04,VIC,3500,47033.33627239424,164616676.95337984
2018-04-04,VJC,800,179010.0,143208000.0
2018-04-04,HCM,11600,13710.32369983725,159039754.9181121
2018-04-04,PAN,3500,43771.441647597196,153200045.76659018
2018-04-04,SSI,12000,12803.28221784486,153639386.61413833
2018-04-04,VND,27100,5665.190177657132,153526653.8145083
2018-04-05,VHC,7500,24175.07331350084,181313049.8512563
2018-04-05,MSN,1700,88630.31050955417,150671527.86624208
2018-04-05,VIC,3500,48324.44746418546,169135566.1246491
2018-04-05,VJC,800,176580.0,141264000.0
2018-04-05,HCM,11600,13894.767516426988,161179303.19055307
2018-04-05,PAN,3500,43771.441647597196,153200045.76659018
2018-04-05,SSI,12000,12803.28221784486,153639386.61413833
2018-04-05,VND,27100,5720.192024042152,155017203.85154232
2018-04-06,VHC,7500,23877.838805547963,179083791.04160973
2018-04-06,MSN,1700,86444.90559288023,146956339.5078964
2018-04-06,VIC,3500,48840.89194090194,170943121.7931568
2018-04-06,VJC,800,176580.0,141264000.0
2018-04-06,HCM,11600,13679.583063738959,158683163.53937194
2018-04-06,PAN,3500,44136.20366132717,154476712.81464508
2018-04-06,SSI,12000,12803.28221784486,153639386.61413833
2018-04-06,VND,27100,5967.700332774745,161724679.0181956
2018-04-09,VHC,7500,22953.109225250115,172148319.18937585
2018-04-09,MSN,1700,86606.78743855978,147231538.64555162
2018-04-09,VIC,3500,49763.11422075281,174170899.77263483
2018-04-09,VJC,800,176580.0,141264000.0
2018-04-09,HCM,11600,14140.692605213308,164032034.22047436
2018-04-09,PAN,3500,41522.07589626234,145327265.6369182
2018-04-09,SSI,12000,13536.644445119982,162439733.34143978
2018-04-09,VND,27100,6233.542590302346,168929004.1971936
2018-04-10,VHC,7500,22127.457814269896,165955933.60702422
2018-04-10,VIC,3500,48324.44746418546,169135566.1246491
2018-04-10,VJC,800,175770.0,140616000.0
2018-04-10,HCM,11600,13833.286244230409,160466120.43307275
2018-04-10,SSI,12000,13292.190369361608,159506284.43233928
2018-04-10,VND,27100,6169.3737695198215,167190029.15398717
2018-04-11,VHC,7500,22920.083168810906,171900623.7660818
2018-04-11,VIC,3500,46480.00290448372,162680010.165693
2018-04-11,VJC,800,172530.0,138024000.0
2018-04-11,HCM,11600,13018.659387625728,151016448.89645845
2018-04-11,SSI,12000,12772.725458375064,153272705.50050077
2018-04-11,VND,27100,6013.535204762263,162966804.04905733
2018-04-11,DGW,31200,5155.105455983644,160839290.2266897
2018-04-12,VHC,7500,23613.630354034292,177102227.6552572
2018-04-12,VIC,3500,46848.89181642407,163971121.35748425
2018-04-12,HCM,11600,13034.029705674875,151194744.58582854
2018-04-12,SSI,12000,12833.838977314657,154006067.7277759
2018-04-12,VND,27100,6141.872846327311,166444754.13547012
2018-04-12,DGW,31200,5173.919709472635,161426294.93554622
2018-04-13,VHC,7500,23778.760636230338,178340704.77172753
2018-04-13,VIC,3500,47070.22516358828,164745788.07255897
2018-04-13,HCM,11600,12588.290482249671,146024169.59409618
2018-04-13,SSI,12000,12619.94166102608,151439299.93231297
2018-04-13,VND,27100,6086.870999942291,164954204.0984361
2018-04-13,DGW,31200,5173.919709472635,161426294.93554622
2018-04-16,VHC,7500,23151.26556388537,173634491.72914025
2018-04-16,VIC,3500,47476.00296672266,166166010.3835293
2018-04-16,HCM,11600,12449.957619807368,144419508.38976547
2018-04-16,SSI,12000,12650.498420495876,151805981.0459505
2018-04-16,VND,27100,6050.203102352277,163960504.0737467
2018-04-16,DGW,31200,5267.990976917592,164361318.47982886
2018-04-17,VHC,7500,24769.542329406602,185771567.47054952
2018-04-17,VIC,3500,47955.558552245115,167844454.9328579
2018-04-17,SSI,12000,12833.838977314657,154006067.7277759
2018-04-17,VND,27100,6068.537051147284,164457354.0860914
2018-04-17,DGW,31200,5305.619483895575,165535327.89754194
2018-04-18,VHC,7500,24835.59444228502,186266958.31713763
2018-04-18,VIC,3500,47918.66966105108,167715343.81367877
2018-04-18,SSI,12000,12681.055179965673,152172662.15958807
2018-04-18,VND,27100,5921.865460787229,160482553.9873339
2018-04-18,DGW,31200,5258.583850173097,164067816.12540063
2018-04-19,VHC,7500,25694.271909704446,192707039.32278335
2018-04-19,VIC,3500,44598.66945358795,156095343.08755782
2018-04-19,SSI,12000,12406.044344737502,148872532.13685003
2018-04-19,VND,27100,5793.52781922218,157004603.90092108
2018-04-19,DGW,31200,5136.291202494653,160252285.51783317
2018-09-13,VHC,5400,28039.12191688827,151411258.35119668
2018-09-14,VHC,5400,28402.40853771957,153373006.10368568
2018-09-17,VHC,5400,29723.45079528792,160506634.29455477
2018-09-18,VHC,5400,29723.45079528792,160506634.29455477
2018-09-19,VHC,5400,29723.45079528792,160506634.29455477
2018-09-20,VHC,5400,30714.232488464186,165856855.4377066
2018-09-21,VHC,5400,30879.362770660227,166748558.96156523
2018-09-24,VHC,5400,30450.024036950515,164430129.79953277
2018-09-25,VHC,5400,31705.01418164045,171207076.58085844
2018-09-26,VHC,5400,31870.144463836492,172098780.10471705
2018-09-27,VHC,5400,32035.274746032537,172990483.6285757
2018-09-28,VHC,5400,31407.779673687568,169602010.23791286
2018-10-01,VHC,5400,30383.971924072095,164073448.38998932
2018-10-02,VHC,5400,30714.232488464186,165856855.4377066
2018-10-03,VHC,5400,31176.59727861311,168353625.3045108
2018-10-04,VHC,5400,31539.883899444405,170315373.05699977
2018-10-05,VHC,5400,30416.997980511307,164251789.09476104
2018-10-08,VHC,5400,30416.997980511307,164251789.09476104
2018-10-09,VHC,5400,30516.076149828932,164786811.20907623
2018-10-10,VHC,5400,30879.362770660227,166748558.96156523
2018-10-11,VHC,5400,28732.669102111657,155156413.15140295
