date,nav,cash,deployed_pct,open_slots
2014-01-02,1000000000.0,1000000000.0,0.0,0
2014-01-03,1000000000.0,1000000000.0,0.0,0
2014-01-06,1000000000.0,1000000000.0,0.0,0
2014-01-07,1000000000.0,1000000000.0,0.0,0
2014-01-08,1000000000.0,1000000000.0,0.0,0
2014-01-09,1000000000.0,1000000000.0,0.0,0
2014-01-10,1000000000.0,1000000000.0,0.0,0
2014-01-13,1000000000.0,1000000000.0,0.0,0
2014-01-14,1000000000.0,1000000000.0,0.0,0
2014-01-15,1000000000.0,1000000000.0,0.0,0
2014-01-16,1000000000.0,1000000000.0,0.0,0
2014-01-17,1000000000.0,1000000000.0,0.0,0
2014-01-20,1000000000.0,1000000000.0,0.0,0
2014-01-21,1000000000.0,1000000000.0,0.0,0
2014-01-22,1000000000.0,1000000000.0,0.0,0
2014-01-23,1000000000.0,1000000000.0,0.0,0
2014-01-24,1000000000.0,1000000000.0,0.0,0
2014-01-27,1000000000.0,1000000000.0,0.0,0
2014-02-06,1000000000.0,1000000000.0,0.0,0
2014-02-07,1000000000.0,1000000000.0,0.0,0
2014-02-10,1000000000.0,1000000000.0,0.0,0
2014-02-11,1000000000.0,1000000000.0,0.0,0
2014-02-12,1000000000.0,1000000000.0,0.0,0
2014-02-13,1000000000.0,1000000000.0,0.0,0
2014-02-14,1000000000.0,1000000000.0,0.0,0
2014-02-17,1000000000.0,1000000000.0,0.0,0
2014-02-18,1000000000.0,1000000000.0,0.0,0
2014-02-19,1000000000.0,1000000000.0,0.0,0
2014-02-20,1000000000.0,1000000000.0,0.0,0
2014-02-21,1000000000.0,1000000000.0,0.0,0
2014-02-24,1000000000.0,1000000000.0,0.0,0
2014-02-25,1000000000.0,1000000000.0,0.0,0
2014-02-26,1000000000.0,1000000000.0,0.0,0
2014-02-27,1000000000.0,1000000000.0,0.0,0
2014-02-28,1000000000.0,1000000000.0,0.0,0
2014-03-03,1000000000.0,1000000000.0,0.0,0
2014-03-04,1000000000.0,1000000000.0,0.0,0
2014-03-05,1000000000.0,1000000000.0,0.0,0
2014-03-06,1000000000.0,1000000000.0,0.0,0
2014-03-07,1000000000.0,1000000000.0,0.0,0
2014-03-10,1000000000.0,1000000000.0,0.0,0
2014-03-11,1000000000.0,1000000000.0,0.0,0
2014-03-12,1000000000.0,1000000000.0,0.0,0
2014-03-13,1000000000.0,1000000000.0,0.0,0
2014-03-14,1000000000.0,1000000000.0,0.0,0
2014-03-17,1000000000.0,1000000000.0,0.0,0
2014-03-18,1000000000.0,1000000000.0,0.0,0
2014-03-19,1000000000.0,1000000000.0,0.0,0
2014-03-20,1000000000.0,1000000000.0,0.0,0
2014-03-21,1000000000.0,1000000000.0,0.0,0
2014-03-24,1000000000.0,1000000000.0,0.0,0
2014-03-25,1000000000.0,1000000000.0,0.0,0
2014-03-26,1000000000.0,1000000000.0,0.0,0
2014-03-27,1000000000.0,1000000000.0,0.0,0
2014-03-28,1000000000.0,1000000000.0,0.0,0
2014-03-31,1000000000.0,1000000000.0,0.0,0
2014-04-01,1000000000.0,1000000000.0,0.0,0
2014-04-02,1000000000.0,1000000000.0,0.0,0
2014-04-03,1000000000.0,1000000000.0,0.0,0
2014-04-04,1000000000.0,1000000000.0,0.0,0
2014-04-07,1000000000.0,1000000000.0,0.0,0
2014-04-08,1000000000.0,1000000000.0,0.0,0
2014-04-10,1000000000.0,1000000000.0,0.0,0
2014-04-11,1000000000.0,1000000000.0,0.0,0
2014-04-14,1000000000.0,1000000000.0,0.0,0
2014-04-15,1000000000.0,1000000000.0,0.0,0
2014-04-16,1000000000.0,1000000000.0,0.0,0
2014-04-17,1000000000.0,1000000000.0,0.0,0
2014-04-18,1000000000.0,1000000000.0,0.0,0
2014-04-21,1000000000.0,1000000000.0,0.0,0
2014-04-22,1000000000.0,1000000000.0,0.0,0
2014-04-23,1000000000.0,1000000000.0,0.0,0
2014-04-24,1000000000.0,1000000000.0,0.0,0
2014-04-25,1000000000.0,1000000000.0,0.0,0
2014-04-28,1000000000.0,1000000000.0,0.0,0
2014-04-29,1000000000.0,1000000000.0,0.0,0
2014-05-05,1000000000.0,1000000000.0,0.0,0
2014-05-06,1000000000.0,1000000000.0,0.0,0
2014-05-07,1000000000.0,1000000000.0,0.0,0
2014-05-08,1000000000.0,1000000000.0,0.0,0
2014-05-09,1000000000.0,1000000000.0,0.0,0
2014-05-12,1000000000.0,1000000000.0,0.0,0
2014-05-13,1000000000.0,1000000000.0,0.0,0
2014-05-14,1000000000.0,1000000000.0,0.0,0
2014-05-15,1000000000.0,1000000000.0,0.0,0
2014-05-16,1000000000.0,1000000000.0,0.0,0
2014-05-19,1000000000.0,1000000000.0,0.0,0
2014-05-20,1000000000.0,1000000000.0,0.0,0
2014-05-21,1000000000.0,1000000000.0,0.0,0
2014-05-22,1000000000.0,1000000000.0,0.0,0
2014-05-23,1000000000.0,1000000000.0,0.0,0
2014-05-26,1000000000.0,1000000000.0,0.0,0
2014-05-27,1000000000.0,1000000000.0,0.0,0
2014-05-28,1000000000.0,1000000000.0,0.0,0
2014-05-29,1000000000.0,1000000000.0,0.0,0
2014-05-30,1000000000.0,1000000000.0,0.0,0
2014-06-02,1000000000.0,1000000000.0,0.0,0
2014-06-03,1000000000.0,1000000000.0,0.0,0
2014-06-04,1000000000.0,1000000000.0,0.0,0
2014-06-05,1000000000.0,1000000000.0,0.0,0
2014-06-06,1000000000.0,1000000000.0,0.0,0
2014-06-09,1000000000.0,1000000000.0,0.0,0
2014-06-10,1000000000.0,1000000000.0,0.0,0
2014-06-11,1000000000.0,1000000000.0,0.0,0
2014-06-12,1000000000.0,1000000000.0,0.0,0
2014-06-13,1000000000.0,1000000000.0,0.0,0
2014-06-16,1000000000.0,1000000000.0,0.0,0
2014-06-17,1000000000.0,1000000000.0,0.0,0
2014-06-18,1000000000.0,1000000000.0,0.0,0
2014-06-19,1000000000.0,1000000000.0,0.0,0
2014-06-20,1000000000.0,1000000000.0,0.0,0
2014-06-23,1000000000.0,1000000000.0,0.0,0
2014-06-24,1000000000.0,1000000000.0,0.0,0
2014-06-25,1000000000.0,1000000000.0,0.0,0
2014-06-26,1000000000.0,1000000000.0,0.0,0
2014-06-27,1000000000.0,1000000000.0,0.0,0
2014-06-30,1000000000.0,1000000000.0,0.0,0
2014-07-01,1000000000.0,1000000000.0,0.0,0
2014-07-02,1000000000.0,1000000000.0,0.0,0
2014-07-03,1000000000.0,1000000000.0,0.0,0
2014-07-04,1000000000.0,1000000000.0,0.0,0
2014-07-07,1000000000.0,1000000000.0,0.0,0
2014-07-08,1000000000.0,1000000000.0,0.0,0
2014-07-09,1000000000.0,1000000000.0,0.0,0
2014-07-10,1000000000.0,1000000000.0,0.0,0
2014-07-11,1000000000.0,1000000000.0,0.0,0
2014-07-14,1000000000.0,1000000000.0,0.0,0
2014-07-15,1000000000.0,1000000000.0,0.0,0
2014-07-16,1000000000.0,1000000000.0,0.0,0
2014-07-17,1000000000.0,1000000000.0,0.0,0
2014-07-18,1000000000.0,1000000000.0,0.0,0
2014-07-21,1000000000.0,1000000000.0,0.0,0
2014-07-22,1000000000.0,1000000000.0,0.0,0
2014-07-23,1000000000.0,1000000000.0,0.0,0
2014-07-24,1000000000.0,1000000000.0,0.0,0
2014-07-25,1000000000.0,1000000000.0,0.0,0
2014-07-28,1000000000.0,1000000000.0,0.0,0
2014-07-29,1000000000.0,1000000000.0,0.0,0
2014-07-30,1000000000.0,1000000000.0,0.0,0
2014-07-31,1000000000.0,1000000000.0,0.0,0
2014-08-01,1000000000.0,1000000000.0,0.0,0
2014-08-04,1000000000.0,1000000000.0,0.0,0
2014-08-05,1000000000.0,1000000000.0,0.0,0
2014-08-06,1000000000.0,1000000000.0,0.0,0
2014-08-07,1000000000.0,1000000000.0,0.0,0
2014-08-08,1000000000.0,1000000000.0,0.0,0
2014-08-11,1000000000.0,1000000000.0,0.0,0
2014-08-12,1000000000.0,1000000000.0,0.0,0
2014-08-13,1000000000.0,1000000000.0,0.0,0
2014-08-14,1000000000.0,1000000000.0,0.0,0
2014-08-15,1000000000.0,1000000000.0,0.0,0
2014-08-18,1000000000.0,1000000000.0,0.0,0
2014-08-19,1000000000.0,1000000000.0,0.0,0
2014-08-20,1000000000.0,1000000000.0,0.0,0
2014-08-21,1000000000.0,1000000000.0,0.0,0
2014-08-22,1000000000.0,1000000000.0,0.0,0
2014-08-25,1000000000.0,1000000000.0,0.0,0
2014-08-26,1000000000.0,1000000000.0,0.0,0
2014-08-27,1000000000.0,1000000000.0,0.0,0
2014-08-28,1000000000.0,1000000000.0,0.0,0
2014-08-29,1000000000.0,1000000000.0,0.0,0
2014-09-03,1000000000.0,1000000000.0,0.0,0
2014-09-04,1000000000.0,1000000000.0,0.0,0
2014-09-05,1000000000.0,1000000000.0,0.0,0
2014-09-08,1000000000.0,1000000000.0,0.0,0
2014-09-09,1000000000.0,1000000000.0,0.0,0
2014-09-10,1000000000.0,1000000000.0,0.0,0
2014-09-11,1000000000.0,1000000000.0,0.0,0
2014-09-12,1000000000.0,1000000000.0,0.0,0
2014-09-15,1000000000.0,1000000000.0,0.0,0
2014-09-16,1000000000.0,1000000000.0,0.0,0
2014-09-17,1000000000.0,1000000000.0,0.0,0
2014-09-18,1000000000.0,1000000000.0,0.0,0
2014-09-19,1000000000.0,1000000000.0,0.0,0
2014-09-22,1000000000.0,1000000000.0,0.0,0
2014-09-23,1000000000.0,1000000000.0,0.0,0
2014-09-24,1000000000.0,1000000000.0,0.0,0
2014-09-25,1000000000.0,1000000000.0,0.0,0
2014-09-26,1000000000.0,1000000000.0,0.0,0
2014-09-29,1000000000.0,1000000000.0,0.0,0
2014-09-30,1000000000.0,1000000000.0,0.0,0
2014-10-01,1000000000.0,1000000000.0,0.0,0
2014-10-02,1000000000.0,1000000000.0,0.0,0
2014-10-03,1000000000.0,1000000000.0,0.0,0
2014-10-06,1000000000.0,1000000000.0,0.0,0
2014-10-07,1000000000.0,1000000000.0,0.0,0
2014-10-08,1000000000.0,1000000000.0,0.0,0
2014-10-09,1000000000.0,1000000000.0,0.0,0
2014-10-10,1000000000.0,1000000000.0,0.0,0
2014-10-13,1000000000.0,1000000000.0,0.0,0
2014-10-14,1000000000.0,1000000000.0,0.0,0
2014-10-15,1000000000.0,1000000000.0,0.0,0
2014-10-16,1000000000.0,1000000000.0,0.0,0
2014-10-17,1000000000.0,1000000000.0,0.0,0
2014-10-20,1000000000.0,1000000000.0,0.0,0
2014-10-21,1000000000.0,1000000000.0,0.0,0
2014-10-22,1000000000.0,1000000000.0,0.0,0
2014-10-23,1000000000.0,1000000000.0,0.0,0
2014-10-24,1000000000.0,1000000000.0,0.0,0
2014-10-27,1000000000.0,1000000000.0,0.0,0
2014-10-28,1000000000.0,1000000000.0,0.0,0
2014-10-29,1000000000.0,1000000000.0,0.0,0
2014-10-30,1000000000.0,1000000000.0,0.0,0
2014-10-31,1000000000.0,1000000000.0,0.0,0
2014-11-03,1000000000.0,1000000000.0,0.0,0
2014-11-04,1000000000.0,1000000000.0,0.0,0
2014-11-05,1000000000.0,1000000000.0,0.0,0
2014-11-06,1000000000.0,1000000000.0,0.0,0
2014-11-07,1000000000.0,1000000000.0,0.0,0
2014-11-10,1000000000.0,1000000000.0,0.0,0
2014-11-11,1000000000.0,1000000000.0,0.0,0
2014-11-12,1000000000.0,1000000000.0,0.0,0
2014-11-13,1000000000.0,1000000000.0,0.0,0
2014-11-14,1000000000.0,1000000000.0,0.0,0
2014-11-17,1000000000.0,1000000000.0,0.0,0
2014-11-18,1000000000.0,1000000000.0,0.0,0
2014-11-19,1000000000.0,1000000000.0,0.0,0
2014-11-20,1000000000.0,1000000000.0,0.0,0
2014-11-21,1000000000.0,1000000000.0,0.0,0
2014-11-24,1000000000.0,1000000000.0,0.0,0
2014-11-25,1000000000.0,1000000000.0,0.0,0
2014-11-26,1000000000.0,1000000000.0,0.0,0
2014-11-27,1000000000.0,1000000000.0,0.0,0
2014-11-28,1000000000.0,1000000000.0,0.0,0
2014-12-01,1000000000.0,1000000000.0,0.0,0
2014-12-02,1000000000.0,1000000000.0,0.0,0
2014-12-03,1000000000.0,1000000000.0,0.0,0
2014-12-04,1000000000.0,1000000000.0,0.0,0
2014-12-05,1000000000.0,1000000000.0,0.0,0
2014-12-08,1000000000.0,1000000000.0,0.0,0
2014-12-09,1000000000.0,1000000000.0,0.0,0
2014-12-10,1000000000.0,1000000000.0,0.0,0
2014-12-11,1000000000.0,1000000000.0,0.0,0
2014-12-12,1000000000.0,1000000000.0,0.0,0
2014-12-15,1000000000.0,1000000000.0,0.0,0
2014-12-16,1000000000.0,1000000000.0,0.0,0
2014-12-17,1000000000.0,1000000000.0,0.0,0
2014-12-18,1000000000.0,1000000000.0,0.0,0
2014-12-19,1000000000.0,1000000000.0,0.0,0
2014-12-22,1000000000.0,1000000000.0,0.0,0
2014-12-23,1000000000.0,1000000000.0,0.0,0
2014-12-24,1000000000.0,1000000000.0,0.0,0
2014-12-25,1000000000.0,1000000000.0,0.0,0
2014-12-26,1000000000.0,1000000000.0,0.0,0
2014-12-29,1000000000.0,1000000000.0,0.0,0
2014-12-30,1000000000.0,1000000000.0,0.0,0
2014-12-31,1000000000.0,1000000000.0,0.0,0
2015-01-05,1000000000.0,1000000000.0,0.0,0
2015-01-06,1000000000.0,1000000000.0,0.0,0
2015-01-07,1000000000.0,1000000000.0,0.0,0
2015-01-08,1000000000.0,1000000000.0,0.0,0
2015-01-09,1000000000.0,1000000000.0,0.0,0
2015-01-12,1000000000.0,1000000000.0,0.0,0
2015-01-13,1000000000.0,1000000000.0,0.0,0
2015-01-14,1000000000.0,1000000000.0,0.0,0
2015-01-15,1000000000.0,1000000000.0,0.0,0
2015-01-16,996969013.9342289,875002965.0547374,0.12233685016768002,1
2015-01-19,994892996.080961,875002965.0547374,0.12050545284617452,1
2015-01-20,995936019.4269178,749969234.9858238,0.24697046762364155,2
2015-01-21,995384636.7350496,749969234.9858238,0.2465533349542246,2
2015-01-22,994755355.733359,749969234.9858238,0.24607670553034888,2
2015-01-23,1002494902.6018426,749969234.9858238,0.2518972086148488,2
2015-01-26,1007937878.5403109,749969234.9858238,0.2559370463664642,2
2015-01-27,1007083671.9989816,624839633.2369075,0.37955539285365425,3
2015-01-28,1008912577.3951406,498727522.6613,0.5056781590046792,4
2015-01-29,1016666799.9098434,498727522.6613,0.5094484026570687,4
2015-01-30,1002373888.9539909,498727522.6613,0.5024535972482902,4
2015-02-02,1000295905.7197235,498727522.6613,0.5014200100094779,4
2015-02-03,980007735.508866,616499979.2517056,0.3709233540574147,3
2015-02-04,973709020.428489,973709020.428489,0.0,0
2015-02-05,973709020.428489,973709020.428489,0.0,0
2015-02-06,973709020.428489,973709020.428489,0.0,0
2015-02-09,973709020.428489,973709020.428489,0.0,0
2015-02-10,973709020.428489,973709020.428489,0.0,0
2015-02-11,973709020.428489,973709020.428489,0.0,0
2015-02-12,973709020.428489,973709020.428489,0.0,0
2015-02-13,973709020.428489,973709020.428489,0.0,0
2015-02-24,975254350.2854183,851759339.4022269,0.1266285157785241,1
2015-02-25,973940573.573895,851759339.4022269,0.12545039963097698,1
2015-02-26,975911238.6411799,851759339.4022269,0.12721638436280042,1
2015-02-27,972277378.6899549,729969633.9135238,0.2492166845462518,2
2015-03-02,969762863.8815422,729969633.9135238,0.24726996557511968,2
2015-03-03,973009626.1221391,729969633.9135238,0.24978169350413723,2
2015-03-04,976086629.4728125,729969633.9135238,0.2521466723626952,2
2015-03-05,972226871.348376,729969633.9135238,0.2491776812328454,2
2015-03-06,976850343.5094973,729969633.9135238,0.252731353616577,2
2015-03-09,970101368.5579939,608591637.0526806,0.3726515014020432,3
2015-03-10,967550536.9409192,608591637.0526806,0.37099757189236865,3
2015-03-11,965971868.461068,608591637.0526806,0.36996960582065963,3
2015-03-12,969565372.0876273,608591637.0526806,0.37230468973712755,3
2015-03-13,975943989.8884362,608591637.0526806,0.37640720844825226,3
2015-03-16,969246133.4459624,608591637.0526806,0.3720979470003623,3
2015-03-17,969018415.8796442,608591637.0526806,0.37195039115926354,3
2015-03-18,964735194.5632735,608591637.0526806,0.3691619830162988,3
2015-03-19,963943835.702648,963943835.702648,0.0,0
2015-03-20,963943835.702648,963943835.702648,0.0,0
2015-03-23,963943835.702648,963943835.702648,0.0,0
2015-03-24,963943835.702648,963943835.702648,0.0,0
2015-03-25,963943835.702648,963943835.702648,0.0,0
2015-03-26,963943835.702648,963943835.702648,0.0,0
2015-03-27,963943835.702648,963943835.702648,0.0,0
2015-03-30,963943835.702648,963943835.702648,0.0,0
2015-03-31,963943835.702648,963943835.702648,0.0,0
2015-04-01,963943835.702648,963943835.702648,0.0,0
2015-04-02,963943835.702648,963943835.702648,0.0,0
2015-04-03,963943835.702648,963943835.702648,0.0,0
2015-04-06,963943835.702648,963943835.702648,0.0,0
2015-04-07,963943835.702648,963943835.702648,0.0,0
2015-04-08,963943835.702648,963943835.702648,0.0,0
2015-04-09,963943835.702648,963943835.702648,0.0,0
2015-04-10,963943835.702648,963943835.702648,0.0,0
2015-04-13,963943835.702648,963943835.702648,0.0,0
2015-04-14,963943835.702648,963943835.702648,0.0,0
2015-04-15,963943835.702648,963943835.702648,0.0,0
2015-04-16,963943835.702648,963943835.702648,0.0,0
2015-04-17,963943835.702648,963943835.702648,0.0,0
2015-04-20,963943835.702648,963943835.702648,0.0,0
2015-04-21,963943835.702648,963943835.702648,0.0,0
2015-04-22,963943835.702648,963943835.702648,0.0,0
2015-04-23,963943835.702648,963943835.702648,0.0,0
2015-04-24,963943835.702648,963943835.702648,0.0,0
2015-04-27,963943835.702648,963943835.702648,0.0,0
2015-05-04,963943835.702648,963943835.702648,0.0,0
2015-05-05,963943835.702648,963943835.702648,0.0,0
2015-05-06,963943835.702648,963943835.702648,0.0,0
2015-05-07,963943835.702648,963943835.702648,0.0,0
2015-05-08,963943835.702648,963943835.702648,0.0,0
2015-05-11,963943835.702648,963943835.702648,0.0,0
2015-05-12,963943835.702648,963943835.702648,0.0,0
2015-05-13,963943835.702648,963943835.702648,0.0,0
2015-05-14,963943835.702648,963943835.702648,0.0,0
2015-05-15,963943835.702648,963943835.702648,0.0,0
2015-05-18,963943835.702648,963943835.702648,0.0,0
2015-05-19,963943835.702648,963943835.702648,0.0,0
2015-05-20,963943835.702648,963943835.702648,0.0,0
2015-05-21,963943835.702648,963943835.702648,0.0,0
2015-05-22,963943835.702648,963943835.702648,0.0,0
2015-05-25,963943835.702648,963943835.702648,0.0,0
2015-05-26,963943835.702648,963943835.702648,0.0,0
2015-05-27,963943835.702648,963943835.702648,0.0,0
2015-05-28,963943835.702648,963943835.702648,0.0,0
2015-05-29,963943835.702648,963943835.702648,0.0,0
2015-06-01,963943835.702648,963943835.702648,0.0,0
2015-06-02,963943835.702648,963943835.702648,0.0,0
2015-06-03,963943835.702648,963943835.702648,0.0,0
2015-06-04,963943835.702648,963943835.702648,0.0,0
2015-06-05,963943835.702648,963943835.702648,0.0,0
2015-06-08,963943835.702648,963943835.702648,0.0,0
2015-06-09,963943835.702648,963943835.702648,0.0,0
2015-06-10,963943835.702648,963943835.702648,0.0,0
2015-06-11,963943835.702648,963943835.702648,0.0,0
2015-06-12,963943835.702648,963943835.702648,0.0,0
2015-06-15,963943835.702648,963943835.702648,0.0,0
2015-06-16,963943835.702648,963943835.702648,0.0,0
2015-06-17,963943835.702648,963943835.702648,0.0,0
2015-06-18,963943835.702648,963943835.702648,0.0,0
2015-06-19,963943835.702648,963943835.702648,0.0,0
2015-06-22,963943835.702648,963943835.702648,0.0,0
2015-06-23,963943835.702648,963943835.702648,0.0,0
2015-06-24,963943835.702648,963943835.702648,0.0,0
2015-06-25,963943835.702648,963943835.702648,0.0,0
2015-06-26,963943835.702648,963943835.702648,0.0,0
2015-06-29,963943835.702648,963943835.702648,0.0,0
2015-06-30,963943835.702648,963943835.702648,0.0,0
2015-07-01,963943835.702648,963943835.702648,0.0,0
2015-07-02,963943835.702648,963943835.702648,0.0,0
2015-07-03,963943835.702648,963943835.702648,0.0,0
2015-07-06,963943835.702648,963943835.702648,0.0,0
2015-07-07,963943835.702648,963943835.702648,0.0,0
2015-07-08,963943835.702648,963943835.702648,0.0,0
2015-07-09,963943835.702648,963943835.702648,0.0,0
2015-07-10,963943835.702648,963943835.702648,0.0,0
2015-07-13,963943835.702648,963943835.702648,0.0,0
2015-07-14,963943835.702648,963943835.702648,0.0,0
2015-07-15,963943835.702648,963943835.702648,0.0,0
2015-07-16,963943835.702648,963943835.702648,0.0,0
2015-07-17,963943835.702648,963943835.702648,0.0,0
2015-07-20,963943835.702648,963943835.702648,0.0,0
2015-07-21,963943835.702648,963943835.702648,0.0,0
2015-07-22,963943835.702648,963943835.702648,0.0,0
2015-07-23,963943835.702648,963943835.702648,0.0,0
2015-07-24,963943835.702648,963943835.702648,0.0,0
2015-07-27,963943835.702648,963943835.702648,0.0,0
2015-07-28,963943835.702648,963943835.702648,0.0,0
2015-07-29,963943835.702648,963943835.702648,0.0,0
2015-07-30,963943835.702648,963943835.702648,0.0,0
2015-07-31,963943835.702648,963943835.702648,0.0,0
2015-08-03,963943835.702648,963943835.702648,0.0,0
2015-08-04,963943835.702648,963943835.702648,0.0,0
2015-08-05,963943835.702648,963943835.702648,0.0,0
2015-08-06,963943835.702648,963943835.702648,0.0,0
2015-08-07,963943835.702648,963943835.702648,0.0,0
2015-08-10,963943835.702648,963943835.702648,0.0,0
2015-08-11,963943835.702648,963943835.702648,0.0,0
2015-08-12,963943835.702648,963943835.702648,0.0,0
2015-08-13,963943835.702648,963943835.702648,0.0,0
2015-08-14,963943835.702648,963943835.702648,0.0,0
2015-08-17,963943835.702648,963943835.702648,0.0,0
2015-08-18,963943835.702648,963943835.702648,0.0,0
2015-08-19,963943835.702648,963943835.702648,0.0,0
2015-08-20,963943835.702648,963943835.702648,0.0,0
2015-08-21,963943835.702648,963943835.702648,0.0,0
2015-08-24,963943835.702648,963943835.702648,0.0,0
2015-08-25,963943835.702648,963943835.702648,0.0,0
2015-08-26,963943835.702648,963943835.702648,0.0,0
2015-08-27,963943835.702648,963943835.702648,0.0,0
2015-08-28,963943835.702648,963943835.702648,0.0,0
2015-08-31,963943835.702648,963943835.702648,0.0,0
2015-09-01,963943835.702648,963943835.702648,0.0,0
2015-09-03,963943835.702648,963943835.702648,0.0,0
2015-09-04,963943835.702648,963943835.702648,0.0,0
2015-09-07,963943835.702648,963943835.702648,0.0,0
2015-09-08,963943835.702648,963943835.702648,0.0,0
2015-09-09,963943835.702648,963943835.702648,0.0,0
2015-09-10,963943835.702648,963943835.702648,0.0,0
2015-09-11,963943835.702648,963943835.702648,0.0,0
2015-09-14,963943835.702648,963943835.702648,0.0,0
2015-09-15,963943835.702648,963943835.702648,0.0,0
2015-09-16,963943835.702648,963943835.702648,0.0,0
2015-09-17,963943835.702648,963943835.702648,0.0,0
2015-09-18,963943835.702648,963943835.702648,0.0,0
2015-09-21,963943835.702648,963943835.702648,0.0,0
2015-09-22,963943835.702648,963943835.702648,0.0,0
2015-09-23,963943835.702648,963943835.702648,0.0,0
2015-09-24,963943835.702648,963943835.702648,0.0,0
2015-09-25,963943835.702648,963943835.702648,0.0,0
2015-09-28,963943835.702648,963943835.702648,0.0,0
2015-09-29,963943835.702648,963943835.702648,0.0,0
2015-09-30,963943835.702648,963943835.702648,0.0,0
2015-10-01,963943835.702648,963943835.702648,0.0,0
2015-10-02,963943835.702648,963943835.702648,0.0,0
2015-10-05,963943835.702648,963943835.702648,0.0,0
2015-10-06,963943835.702648,963943835.702648,0.0,0
2015-10-07,963943835.702648,963943835.702648,0.0,0
2015-10-08,963943835.702648,963943835.702648,0.0,0
2015-10-09,963943835.702648,963943835.702648,0.0,0
2015-10-12,963943835.702648,963943835.702648,0.0,0
2015-10-13,963943835.702648,963943835.702648,0.0,0
2015-10-14,963943835.702648,963943835.702648,0.0,0
2015-10-15,963943835.702648,963943835.702648,0.0,0
2015-10-16,963943835.702648,963943835.702648,0.0,0
2015-10-19,963943835.702648,963943835.702648,0.0,0
2015-10-20,963943835.702648,963943835.702648,0.0,0
2015-10-21,963943835.702648,963943835.702648,0.0,0
2015-10-22,963943835.702648,963943835.702648,0.0,0
2015-10-23,963943835.702648,963943835.702648,0.0,0
2015-10-26,963943835.702648,963943835.702648,0.0,0
2015-10-27,963943835.702648,963943835.702648,0.0,0
2015-10-28,963943835.702648,963943835.702648,0.0,0
2015-10-29,963943835.702648,963943835.702648,0.0,0
2015-10-30,963943835.702648,963943835.702648,0.0,0
2015-11-02,963943835.702648,963943835.702648,0.0,0
2015-11-03,963943835.702648,963943835.702648,0.0,0
2015-11-04,963943835.702648,963943835.702648,0.0,0
2015-11-05,963943835.702648,963943835.702648,0.0,0
2015-11-06,963943835.702648,963943835.702648,0.0,0
2015-11-09,963943835.702648,963943835.702648,0.0,0
2015-11-10,963943835.702648,963943835.702648,0.0,0
2015-11-11,963943835.702648,963943835.702648,0.0,0
2015-11-12,963943835.702648,963943835.702648,0.0,0
2015-11-13,963943835.702648,963943835.702648,0.0,0
2015-11-16,963943835.702648,963943835.702648,0.0,0
2015-11-17,963943835.702648,963943835.702648,0.0,0
2015-11-18,963943835.702648,963943835.702648,0.0,0
2015-11-19,963943835.702648,963943835.702648,0.0,0
2015-11-20,963943835.702648,963943835.702648,0.0,0
2015-11-23,963943835.702648,963943835.702648,0.0,0
2015-11-24,963943835.702648,963943835.702648,0.0,0
2015-11-25,963943835.702648,963943835.702648,0.0,0
2015-11-26,963943835.702648,963943835.702648,0.0,0
2015-11-27,963943835.702648,963943835.702648,0.0,0
2015-11-30,963943835.702648,963943835.702648,0.0,0
2015-12-01,963943835.702648,963943835.702648,0.0,0
2015-12-02,963943835.702648,963943835.702648,0.0,0
2015-12-03,963943835.702648,963943835.702648,0.0,0
2015-12-04,963943835.702648,963943835.702648,0.0,0
2015-12-07,963943835.702648,963943835.702648,0.0,0
2015-12-08,963943835.702648,963943835.702648,0.0,0
2015-12-09,963943835.702648,963943835.702648,0.0,0
2015-12-10,963943835.702648,963943835.702648,0.0,0
2015-12-11,963943835.702648,963943835.702648,0.0,0
2015-12-14,963943835.702648,963943835.702648,0.0,0
2015-12-15,963943835.702648,963943835.702648,0.0,0
2015-12-16,963943835.702648,963943835.702648,0.0,0
2015-12-17,963943835.702648,963943835.702648,0.0,0
2015-12-18,963943835.702648,963943835.702648,0.0,0
2015-12-21,963943835.702648,963943835.702648,0.0,0
2015-12-22,963943835.702648,963943835.702648,0.0,0
2015-12-23,963943835.702648,963943835.702648,0.0,0
2015-12-24,963943835.702648,963943835.702648,0.0,0
2015-12-25,963943835.702648,963943835.702648,0.0,0
2015-12-28,963943835.702648,963943835.702648,0.0,0
2015-12-29,963943835.702648,963943835.702648,0.0,0
2015-12-30,963943835.702648,963943835.702648,0.0,0
2015-12-31,963943835.702648,963943835.702648,0.0,0
2016-01-04,963943835.702648,963943835.702648,0.0,0
2016-01-05,963943835.702648,963943835.702648,0.0,0
2016-01-06,963943835.702648,963943835.702648,0.0,0
2016-01-07,963943835.702648,963943835.702648,0.0,0
2016-01-08,963943835.702648,963943835.702648,0.0,0
2016-01-11,963943835.702648,963943835.702648,0.0,0
2016-01-12,963943835.702648,963943835.702648,0.0,0
2016-01-13,963943835.702648,963943835.702648,0.0,0
2016-01-14,963943835.702648,963943835.702648,0.0,0
2016-01-15,963943835.702648,963943835.702648,0.0,0
2016-01-18,963943835.702648,963943835.702648,0.0,0
2016-01-19,963943835.702648,963943835.702648,0.0,0
2016-01-20,963943835.702648,963943835.702648,0.0,0
2016-01-21,963943835.702648,963943835.702648,0.0,0
2016-01-22,963943835.702648,963943835.702648,0.0,0
2016-01-25,963943835.702648,963943835.702648,0.0,0
2016-01-26,963943835.702648,963943835.702648,0.0,0
2016-01-27,963943835.702648,963943835.702648,0.0,0
2016-01-28,963943835.702648,963943835.702648,0.0,0
2016-01-29,963943835.702648,963943835.702648,0.0,0
2016-02-01,963943835.702648,963943835.702648,0.0,0
2016-02-02,963943835.702648,963943835.702648,0.0,0
2016-02-03,963943835.702648,963943835.702648,0.0,0
2016-02-04,963943835.702648,963943835.702648,0.0,0
2016-02-05,963943835.702648,963943835.702648,0.0,0
2016-02-15,963943835.702648,963943835.702648,0.0,0
2016-02-16,963943835.702648,963943835.702648,0.0,0
2016-02-17,963943835.702648,963943835.702648,0.0,0
2016-02-18,963943835.702648,963943835.702648,0.0,0
2016-02-19,963943835.702648,963943835.702648,0.0,0
2016-02-22,963943835.702648,963943835.702648,0.0,0
2016-02-23,963943835.702648,963943835.702648,0.0,0
2016-02-24,963943835.702648,963943835.702648,0.0,0
2016-02-25,963943835.702648,963943835.702648,0.0,0
2016-02-26,963943835.702648,963943835.702648,0.0,0
2016-02-29,963943835.702648,963943835.702648,0.0,0
2016-03-01,963943835.702648,963943835.702648,0.0,0
2016-03-02,963943835.702648,963943835.702648,0.0,0
2016-03-03,963943835.702648,963943835.702648,0.0,0
2016-03-04,963943835.702648,963943835.702648,0.0,0
2016-03-07,963943835.702648,963943835.702648,0.0,0
2016-03-08,963943835.702648,963943835.702648,0.0,0
2016-03-09,963943835.702648,963943835.702648,0.0,0
2016-03-10,963943835.702648,963943835.702648,0.0,0
2016-03-11,963943835.702648,963943835.702648,0.0,0
2016-03-14,963943835.702648,963943835.702648,0.0,0
2016-03-15,963943835.702648,963943835.702648,0.0,0
2016-03-16,963943835.702648,963943835.702648,0.0,0
2016-03-17,963943835.702648,963943835.702648,0.0,0
2016-03-18,963943835.702648,963943835.702648,0.0,0
2016-03-21,963943835.702648,963943835.702648,0.0,0
2016-03-22,963943835.702648,963943835.702648,0.0,0
2016-03-23,963943835.702648,963943835.702648,0.0,0
2016-03-24,963943835.702648,963943835.702648,0.0,0
2016-03-25,963943835.702648,963943835.702648,0.0,0
2016-03-28,963943835.702648,963943835.702648,0.0,0
2016-03-29,963943835.702648,963943835.702648,0.0,0
2016-03-30,963943835.702648,963943835.702648,0.0,0
2016-03-31,963943835.702648,963943835.702648,0.0,0
2016-04-01,963943835.702648,963943835.702648,0.0,0
2016-04-04,963943835.702648,963943835.702648,0.0,0
2016-04-05,963943835.702648,963943835.702648,0.0,0
2016-04-06,963943835.702648,963943835.702648,0.0,0
2016-04-07,963943835.702648,963943835.702648,0.0,0
2016-04-08,963943835.702648,963943835.702648,0.0,0
2016-04-11,963943835.702648,963943835.702648,0.0,0
2016-04-12,963943835.702648,963943835.702648,0.0,0
2016-04-13,963943835.702648,963943835.702648,0.0,0
2016-04-14,963943835.702648,963943835.702648,0.0,0
2016-04-15,963943835.702648,963943835.702648,0.0,0
2016-04-19,963943835.702648,963943835.702648,0.0,0
2016-04-20,963943835.702648,963943835.702648,0.0,0
2016-04-21,963943835.702648,963943835.702648,0.0,0
2016-04-22,963943835.702648,963943835.702648,0.0,0
2016-04-25,963943835.702648,963943835.702648,0.0,0
2016-04-26,963943835.702648,963943835.702648,0.0,0
2016-04-27,963943835.702648,963943835.702648,0.0,0
2016-04-28,963943835.702648,963943835.702648,0.0,0
2016-04-29,963943835.702648,963943835.702648,0.0,0
2016-05-04,963943835.702648,963943835.702648,0.0,0
2016-05-05,963943835.702648,963943835.702648,0.0,0
2016-05-06,963943835.702648,963943835.702648,0.0,0
2016-05-09,963943835.702648,963943835.702648,0.0,0
2016-05-10,963943835.702648,963943835.702648,0.0,0
2016-05-11,963943835.702648,963943835.702648,0.0,0
2016-05-12,963943835.702648,963943835.702648,0.0,0
2016-05-13,963943835.702648,963943835.702648,0.0,0
2016-05-16,963943835.702648,963943835.702648,0.0,0
2016-05-17,963943835.702648,963943835.702648,0.0,0
2016-05-18,963943835.702648,963943835.702648,0.0,0
2016-05-19,963943835.702648,963943835.702648,0.0,0
2016-05-20,963943835.702648,963943835.702648,0.0,0
2016-05-23,963943835.702648,963943835.702648,0.0,0
2016-05-24,963943835.702648,963943835.702648,0.0,0
2016-05-25,963943835.702648,963943835.702648,0.0,0
2016-05-26,963943835.702648,963943835.702648,0.0,0
2016-05-27,963943835.702648,963943835.702648,0.0,0
2016-05-30,963943835.702648,963943835.702648,0.0,0
2016-05-31,963943835.702648,963943835.702648,0.0,0
2016-06-01,963943835.702648,963943835.702648,0.0,0
2016-06-02,963943835.702648,963943835.702648,0.0,0
2016-06-03,963943835.702648,963943835.702648,0.0,0
2016-06-06,963943835.702648,963943835.702648,0.0,0
2016-06-07,963943835.702648,963943835.702648,0.0,0
2016-06-08,963943835.702648,963943835.702648,0.0,0
2016-06-09,963943835.702648,963943835.702648,0.0,0
2016-06-10,963943835.702648,963943835.702648,0.0,0
2016-06-13,963943835.702648,963943835.702648,0.0,0
2016-06-14,963943835.702648,963943835.702648,0.0,0
2016-06-15,963943835.702648,963943835.702648,0.0,0
2016-06-16,963943835.702648,963943835.702648,0.0,0
2016-06-17,963943835.702648,963943835.702648,0.0,0
2016-06-20,963943835.702648,963943835.702648,0.0,0
2016-06-21,963943835.702648,963943835.702648,0.0,0
2016-06-22,963943835.702648,963943835.702648,0.0,0
2016-06-23,963943835.702648,963943835.702648,0.0,0
2016-06-24,963943835.702648,963943835.702648,0.0,0
2016-06-27,963943835.702648,963943835.702648,0.0,0
2016-06-28,963943835.702648,963943835.702648,0.0,0
2016-06-29,963943835.702648,963943835.702648,0.0,0
2016-06-30,963943835.702648,963943835.702648,0.0,0
2016-07-01,963943835.702648,963943835.702648,0.0,0
2016-07-04,963943835.702648,963943835.702648,0.0,0
2016-07-05,963943835.702648,963943835.702648,0.0,0
2016-07-06,963943835.702648,963943835.702648,0.0,0
2016-07-07,963943835.702648,963943835.702648,0.0,0
2016-07-08,963943835.702648,963943835.702648,0.0,0
2016-07-11,963943835.702648,963943835.702648,0.0,0
2016-07-12,963943835.702648,963943835.702648,0.0,0
2016-07-13,963943835.702648,963943835.702648,0.0,0
2016-07-14,963943835.702648,963943835.702648,0.0,0
2016-07-15,963943835.702648,963943835.702648,0.0,0
2016-07-18,963943835.702648,963943835.702648,0.0,0
2016-07-19,963943835.702648,963943835.702648,0.0,0
2016-07-20,963943835.702648,963943835.702648,0.0,0
2016-07-21,963943835.702648,963943835.702648,0.0,0
2016-07-22,963943835.702648,963943835.702648,0.0,0
2016-07-25,963943835.702648,963943835.702648,0.0,0
2016-07-26,963943835.702648,963943835.702648,0.0,0
2016-07-27,963943835.702648,963943835.702648,0.0,0
2016-07-28,963943835.702648,963943835.702648,0.0,0
2016-07-29,963943835.702648,963943835.702648,0.0,0
2016-08-01,963943835.702648,963943835.702648,0.0,0
2016-08-02,963943835.702648,963943835.702648,0.0,0
2016-08-03,963943835.702648,963943835.702648,0.0,0
2016-08-04,963943835.702648,963943835.702648,0.0,0
2016-08-05,963943835.702648,963943835.702648,0.0,0
2016-08-08,963943835.702648,963943835.702648,0.0,0
2016-08-09,963943835.702648,963943835.702648,0.0,0
2016-08-10,963943835.702648,963943835.702648,0.0,0
2016-08-11,966398025.2302495,845212333.4363439,0.125399357852612,1
2016-08-12,960874574.1725099,604327599.6534461,0.3710650527162887,3
2016-08-15,971254613.2952158,604327599.6534461,0.3777866366028175,3
2016-08-16,979093627.5952485,484691971.7357143,0.5049585064442038,4
2016-08-17,982605629.4092219,363485356.13717145,0.6300801203879607,5
2016-08-18,988733599.9523876,241155263.2470041,0.7560968260220783,6
2016-08-19,983237708.2107264,126842924.00121115,0.8709946506912992,7
2016-08-22,972518705.6433718,126842924.00121115,0.8695727668114127,7
2016-08-23,991906638.9813488,126842924.00121115,0.8721221141019138,7
2016-08-24,1009759792.1534775,126842924.00121115,0.8743830711156582,7
2016-08-25,1017173582.4571279,126842924.00121115,0.8752986450013733,7
2016-08-26,1015619023.6473616,126842924.00121115,0.8751077706818803,7
2016-08-29,1007390595.1095014,126842924.00121115,0.8740876432468345,7
2016-08-30,1025427542.251402,237750019.57173622,0.7681454712541284,6
2016-08-31,1038456069.7733188,112698297.62638444,0.8914751418892616,7
2016-09-01,1039787219.3069997,112698297.62638444,0.8916140768670959,7
2016-09-05,1038461589.1648076,112698297.62638444,0.8914757186955532,7
2016-09-06,1025297083.9921669,112698297.62638444,0.8900822996710626,7
2016-09-07,1027392872.9057456,93346438.02635552,0.9091424123253391,7
2016-09-08,1030314595.8568553,93346438.02635552,0.909400062464684,7
2016-09-09,1024763561.7193878,93346438.02635552,0.9089092923349702,7
2016-09-12,1007260786.3472301,93346438.02635552,0.9073264448575719,7
2016-09-13,1005263445.9874138,93346438.02635552,0.9071423133916239,7
2016-09-14,1003360402.2619348,93346438.02635552,0.9069661929891601,7
2016-09-15,998739294.2765114,93346438.02635552,0.9065357310348184,7
2016-09-16,989433835.323083,93346438.02635552,0.9056567152912506,7
2016-09-19,992163832.7432132,992163832.7432132,0.0,0
2016-09-20,992163832.7432132,992163832.7432132,0.0,0
2016-09-21,992163832.7432132,992163832.7432132,0.0,0
2016-09-22,992163832.7432132,992163832.7432132,0.0,0
2016-09-23,992163832.7432132,992163832.7432132,0.0,0
2016-09-26,992163832.7432132,992163832.7432132,0.0,0
2016-09-27,992163832.7432132,992163832.7432132,0.0,0
2016-09-28,994552672.2993908,622783870.468675,0.373805040381815,3
2016-09-29,999877373.8388897,501908164.7602075,0.49803028062011134,4
2016-09-30,999352790.8832347,501908164.7602075,0.49776678532451224,4
2016-10-03,992005013.5442871,501908164.7602075,0.49404674582544306,4
2016-10-04,994603675.1174294,501908164.7602075,0.495368680694902,4
2016-10-05,996244018.6361485,501908164.7602075,0.49619957021441746,4
2016-10-06,993549949.1848392,501908164.7602075,0.49483348555148193,4
2016-10-07,985569479.4194726,501908164.7602075,0.490742991497824,4
2016-10-10,985227214.9234618,617460247.9657729,0.37328137244590753,3
2016-10-11,981545892.8815787,981545892.8815787,0.0,0
2016-10-12,981545892.8815787,981545892.8815787,0.0,0
2016-10-13,981545892.8815787,981545892.8815787,0.0,0
2016-10-14,981545892.8815787,981545892.8815787,0.0,0
2016-10-17,981545892.8815787,981545892.8815787,0.0,0
2016-10-18,981545892.8815787,981545892.8815787,0.0,0
2016-10-19,981545892.8815787,981545892.8815787,0.0,0
2016-10-20,981545892.8815787,981545892.8815787,0.0,0
2016-10-21,981545892.8815787,981545892.8815787,0.0,0
2016-10-24,981545892.8815787,981545892.8815787,0.0,0
2016-10-25,981545892.8815787,981545892.8815787,0.0,0
2016-10-26,981545892.8815787,981545892.8815787,0.0,0
2016-10-27,981545892.8815787,981545892.8815787,0.0,0
2016-10-28,981545892.8815787,981545892.8815787,0.0,0
2016-10-31,981545892.8815787,981545892.8815787,0.0,0
2016-11-01,981545892.8815787,981545892.8815787,0.0,0
2016-11-02,981545892.8815787,981545892.8815787,0.0,0
2016-11-03,981545892.8815787,981545892.8815787,0.0,0
2016-11-04,981545892.8815787,981545892.8815787,0.0,0
2016-11-07,981545892.8815787,981545892.8815787,0.0,0
2016-11-08,981545892.8815787,981545892.8815787,0.0,0
2016-11-09,981545892.8815787,981545892.8815787,0.0,0
2016-11-10,981545892.8815787,981545892.8815787,0.0,0
2016-11-11,981545892.8815787,981545892.8815787,0.0,0
2016-11-14,981545892.8815787,981545892.8815787,0.0,0
2016-11-15,981545892.8815787,981545892.8815787,0.0,0
2016-11-16,981545892.8815787,981545892.8815787,0.0,0
2016-11-17,981545892.8815787,981545892.8815787,0.0,0
2016-11-18,981545892.8815787,981545892.8815787,0.0,0
2016-11-21,981545892.8815787,981545892.8815787,0.0,0
2016-11-22,981545892.8815787,981545892.8815787,0.0,0
2016-11-23,981545892.8815787,981545892.8815787,0.0,0
2016-11-24,981545892.8815787,981545892.8815787,0.0,0
2016-11-25,981545892.8815787,981545892.8815787,0.0,0
2016-11-28,981545892.8815787,981545892.8815787,0.0,0
2016-11-29,981545892.8815787,981545892.8815787,0.0,0
2016-11-30,981545892.8815787,981545892.8815787,0.0,0
2016-12-01,981545892.8815787,981545892.8815787,0.0,0
2016-12-02,981545892.8815787,981545892.8815787,0.0,0
2016-12-05,981545892.8815787,981545892.8815787,0.0,0
2016-12-06,981545892.8815787,981545892.8815787,0.0,0
2016-12-07,981545892.8815787,981545892.8815787,0.0,0
2016-12-08,981545892.8815787,981545892.8815787,0.0,0
2016-12-09,981545892.8815787,981545892.8815787,0.0,0
2016-12-12,981545892.8815787,981545892.8815787,0.0,0
2016-12-13,981545892.8815787,981545892.8815787,0.0,0
2016-12-14,981545892.8815787,981545892.8815787,0.0,0
2016-12-15,981545892.8815787,981545892.8815787,0.0,0
2016-12-16,981545892.8815787,981545892.8815787,0.0,0
2016-12-19,981545892.8815787,981545892.8815787,0.0,0
2016-12-20,981545892.8815787,981545892.8815787,0.0,0
2016-12-21,981545892.8815787,981545892.8815787,0.0,0
2016-12-22,981545892.8815787,981545892.8815787,0.0,0
2016-12-23,981545892.8815787,981545892.8815787,0.0,0
2016-12-26,981545892.8815787,981545892.8815787,0.0,0
2016-12-27,981545892.8815787,981545892.8815787,0.0,0
2016-12-28,981545892.8815787,981545892.8815787,0.0,0
2016-12-29,981545892.8815787,981545892.8815787,0.0,0
2016-12-30,981545892.8815787,981545892.8815787,0.0,0
2017-01-03,981545892.8815787,981545892.8815787,0.0,0
2017-01-04,981545892.8815787,981545892.8815787,0.0,0
2017-01-05,981545892.8815787,981545892.8815787,0.0,0
2017-01-06,981545892.8815787,981545892.8815787,0.0,0
2017-01-09,981545892.8815787,981545892.8815787,0.0,0
2017-01-10,981545892.8815787,981545892.8815787,0.0,0
2017-01-11,981545892.8815787,981545892.8815787,0.0,0
2017-01-12,981545892.8815787,981545892.8815787,0.0,0
2017-01-13,981545892.8815787,981545892.8815787,0.0,0
2017-01-16,981545892.8815787,981545892.8815787,0.0,0
2017-01-17,981545892.8815787,981545892.8815787,0.0,0
2017-01-18,981545892.8815787,981545892.8815787,0.0,0
2017-01-19,981545892.8815787,981545892.8815787,0.0,0
2017-01-20,981545892.8815787,981545892.8815787,0.0,0
2017-01-23,981545892.8815787,981545892.8815787,0.0,0
2017-01-24,981545892.8815787,981545892.8815787,0.0,0
2017-01-25,981545892.8815787,981545892.8815787,0.0,0
2017-02-02,981545892.8815787,981545892.8815787,0.0,0
2017-02-03,981545892.8815787,981545892.8815787,0.0,0
2017-02-06,981545892.8815787,981545892.8815787,0.0,0
2017-02-07,981545892.8815787,981545892.8815787,0.0,0
2017-02-08,981545892.8815787,981545892.8815787,0.0,0
2017-02-09,981545892.8815787,981545892.8815787,0.0,0
2017-02-10,981545892.8815787,981545892.8815787,0.0,0
2017-02-13,981545892.8815787,981545892.8815787,0.0,0
2017-02-14,981545892.8815787,981545892.8815787,0.0,0
2017-02-15,981545892.8815787,981545892.8815787,0.0,0
2017-02-16,981545892.8815787,981545892.8815787,0.0,0
2017-02-17,981545892.8815787,981545892.8815787,0.0,0
2017-02-20,981545892.8815787,981545892.8815787,0.0,0
2017-02-21,981545892.8815787,981545892.8815787,0.0,0
2017-02-22,981545892.8815787,981545892.8815787,0.0,0
2017-02-23,981545892.8815787,981545892.8815787,0.0,0
2017-02-24,981545892.8815787,981545892.8815787,0.0,0
2017-02-27,981545892.8815787,981545892.8815787,0.0,0
2017-02-28,981545892.8815787,981545892.8815787,0.0,0
2017-03-01,981545892.8815787,981545892.8815787,0.0,0
2017-03-02,981545892.8815787,981545892.8815787,0.0,0
2017-03-03,981545892.8815787,981545892.8815787,0.0,0
2017-03-06,981545892.8815787,981545892.8815787,0.0,0
2017-03-07,981545892.8815787,981545892.8815787,0.0,0
2017-03-08,981545892.8815787,981545892.8815787,0.0,0
2017-03-09,981545892.8815787,981545892.8815787,0.0,0
2017-03-10,981545892.8815787,981545892.8815787,0.0,0
2017-03-13,981545892.8815787,981545892.8815787,0.0,0
2017-03-14,981545892.8815787,981545892.8815787,0.0,0
2017-03-15,981545892.8815787,981545892.8815787,0.0,0
2017-03-16,981545892.8815787,981545892.8815787,0.0,0
2017-03-17,981545892.8815787,981545892.8815787,0.0,0
2017-03-20,981545892.8815787,981545892.8815787,0.0,0
2017-03-21,981545892.8815787,981545892.8815787,0.0,0
2017-03-22,981417365.738972,614540286.6985221,0.3738237082896986,3
2017-03-23,976639135.7666082,492119148.2382481,0.4961095350208739,4
2017-03-24,975179270.6580131,125486026.44503474,0.8713200431748701,7
2017-03-27,973574963.9435441,125486026.44503474,0.8711079977480692,7
2017-03-28,961098527.3929473,8405504.311590731,0.9912542740707434,8
2017-03-29,960562994.9673035,8405504.311590731,0.9912493981595899,8
2017-03-30,959799769.2364992,8405504.311590731,0.9912424397452427,8
2017-03-31,960677873.3756803,8405504.311590731,0.9912504445615521,8
2017-04-03,964304390.6656598,8405504.311590731,0.9912833495388438,8
2017-04-04,963826105.6912888,8405504.311590731,0.991279024025229,8
2017-04-05,956220735.3671672,8405504.311590731,0.9912096611162033,8
2017-04-07,956385234.0196164,116449359.91821733,0.8782401110180369,7
2017-04-10,959490078.0827127,116449359.91821733,0.8786341176649679,7
2017-04-11,960487991.3702836,116449359.91821733,0.8787602125539493,7
2017-04-12,950818792.2534331,116449359.91821733,0.8775272839925332,7
2017-04-13,947627255.787573,116449359.91821733,0.8771148052074165,7
2017-04-14,939063220.4462374,108141604.08380413,0.8848409758478073,7
2017-04-17,926669258.0569439,335223265.2455021,0.6382492865378916,5
2017-04-18,923380493.8893975,809824598.2372237,0.12297844323509771,1
2017-04-19,926966469.5415715,809824598.2372237,0.12637120667620255,1
2017-04-20,923380493.8893975,809824598.2372237,0.12297844323509771,1
2017-04-21,921282897.3537453,921282897.3537453,0.0,0
2017-04-24,921282897.3537453,921282897.3537453,0.0,0
2017-04-25,921282897.3537453,921282897.3537453,0.0,0
2017-04-26,921282897.3537453,921282897.3537453,0.0,0
2017-04-27,921282897.3537453,921282897.3537453,0.0,0
2017-04-28,921282897.3537453,921282897.3537453,0.0,0
2017-05-03,921282897.3537453,921282897.3537453,0.0,0
2017-05-04,921282897.3537453,921282897.3537453,0.0,0
2017-05-05,921282897.3537453,921282897.3537453,0.0,0
2017-05-08,921282897.3537453,921282897.3537453,0.0,0
2017-05-09,921282897.3537453,921282897.3537453,0.0,0
2017-05-10,921282897.3537453,921282897.3537453,0.0,0
2017-05-11,921282897.3537453,921282897.3537453,0.0,0
2017-05-12,921282897.3537453,921282897.3537453,0.0,0
2017-05-15,921282897.3537453,921282897.3537453,0.0,0
2017-05-16,921282897.3537453,921282897.3537453,0.0,0
2017-05-17,921282897.3537453,921282897.3537453,0.0,0
2017-05-18,921282897.3537453,921282897.3537453,0.0,0
2017-05-19,921282897.3537453,921282897.3537453,0.0,0
2017-05-22,921282897.3537453,921282897.3537453,0.0,0
2017-05-23,918854687.4248937,690657978.6027389,0.24834907188826574,2
2017-05-24,942745793.0940816,346933450.34315264,0.6319968194135126,5
2017-05-25,943181902.3429389,3658739.7606289387,0.9961208545758349,8
2017-05-26,946744634.1945353,3658739.7606289387,0.9961354523400687,8
2017-05-29,934532922.1657861,3658739.7606289387,0.9960849535914157,8
2017-05-30,915834028.9725423,3658739.7606289387,0.996005018764444,8
2017-05-31,924445229.496806,3658739.7606289387,0.9960422319853168,8
2017-06-01,932858819.4178818,3658739.7606289387,0.9960779276730084,8
2017-06-02,944505637.2212126,3658739.7606289387,0.9961262912401527,8
2017-06-05,948486731.1821883,3658739.7606289387,0.9961425504012389,8
2017-06-06,960101126.5931456,3658739.7606289387,0.99618921417829,8
2017-06-07,969701048.4951079,3658739.7606289387,0.9962269404923229,8
2017-06-08,965240561.6347996,3658739.7606289387,0.9962095047534759,8
2017-06-09,960798736.0740541,3658739.7606289387,0.996191981084843,8
2017-06-12,946946088.0652338,3658739.7606289387,0.996136274486223,8
2017-06-13,953204772.859807,3658739.7606289387,0.9961616434738866,8
2017-06-14,965134651.3428131,3658739.7606289387,0.996209088798606,8
2017-06-15,957776988.2894322,3658739.7606289387,0.9961799669386886,8
2017-06-16,956722617.7530481,3658739.7606289387,0.9961757570138544,8
2017-06-19,963902535.3747982,3658739.7606289387,0.9962042430366611,8
2017-06-20,993176805.8536787,3658739.7606289387,0.9963161244412226,8
2017-06-21,998882197.7936614,3658739.7606289387,0.9963371659153498,8
2017-06-22,1000108009.6270481,3658739.7606289387,0.9963416553758095,8
2017-06-23,1006743035.1955166,3658739.7606289387,0.9963657660070939,8
2017-06-26,1013675798.9982395,3658739.7606289387,0.9963906213759423,8
2017-06-27,1004594098.8113927,3658739.7606289387,0.9963579919840682,8
2017-06-28,1007284317.3571441,3658739.7606289387,0.996367718927434,8
2017-06-29,1014910189.8844438,3658739.7606289387,0.9963950113053397,8
2017-06-30,1019919641.3071042,3658739.7606289387,0.9964127176176939,8
2017-07-03,1037563880.1947114,3658739.7606289387,0.9964737209626627,8
2017-07-04,1033946194.6314774,3658739.7606289387,0.9964613828266634,8
2017-07-05,1043474604.3452617,3658739.7606289387,0.996493695442713,8
2017-07-06,1046340119.9675062,3658739.7606289387,0.9965032978370909,8
2017-07-07,1025263215.3624167,3658739.7606289387,0.9964314141911981,8
2017-07-10,997997900.6671736,3658739.7606289387,0.9963339203838174,8
2017-07-11,1003224689.0424943,113372560.65004675,0.8869918554753147,7
2017-07-12,1004841906.599442,113372560.65004675,0.8871737335938557,7
2017-07-13,1005362201.745691,113372560.65004675,0.8872321234544238,7
2017-07-14,1000039582.1669765,113372560.65004675,0.8866319267039603,7
2017-07-17,976931580.9894668,113372560.65004675,0.8839503575724111,7
2017-07-18,967194991.8631656,227101648.86846936,0.7651955905696018,6
2017-07-19,973101515.8332152,227101648.86846936,0.7666208045375263,6
2017-07-20,976740125.2047846,227101648.86846936,0.7674902023495196,6
2017-07-21,975583691.0596888,975583691.0596888,0.0,0
2017-07-24,975583691.0596888,975583691.0596888,0.0,0
2017-07-25,975583691.0596888,975583691.0596888,0.0,0
2017-07-26,975583691.0596888,975583691.0596888,0.0,0
2017-07-27,975583691.0596888,975583691.0596888,0.0,0
2017-07-28,975583691.0596888,975583691.0596888,0.0,0
2017-07-31,975583691.0596888,975583691.0596888,0.0,0
2017-08-01,975583691.0596888,975583691.0596888,0.0,0
2017-08-02,975583691.0596888,975583691.0596888,0.0,0
2017-08-03,975583691.0596888,975583691.0596888,0.0,0
2017-08-04,975583691.0596888,975583691.0596888,0.0,0
2017-08-07,975583691.0596888,975583691.0596888,0.0,0
2017-08-08,975583691.0596888,975583691.0596888,0.0,0
2017-08-09,975583691.0596888,975583691.0596888,0.0,0
2017-08-10,975583691.0596888,975583691.0596888,0.0,0
2017-08-11,975583691.0596888,975583691.0596888,0.0,0
2017-08-14,975583691.0596888,975583691.0596888,0.0,0
2017-08-15,975583691.0596888,975583691.0596888,0.0,0
2017-08-16,975583691.0596888,975583691.0596888,0.0,0
2017-08-17,975583691.0596888,975583691.0596888,0.0,0
2017-08-18,975583691.0596888,975583691.0596888,0.0,0
2017-08-21,975583691.0596888,975583691.0596888,0.0,0
2017-08-22,975583691.0596888,975583691.0596888,0.0,0
2017-08-23,975583691.0596888,975583691.0596888,0.0,0
2017-08-24,975583691.0596888,975583691.0596888,0.0,0
2017-08-25,975583691.0596888,975583691.0596888,0.0,0
2017-08-28,975583691.0596888,975583691.0596888,0.0,0
2017-08-29,975583691.0596888,975583691.0596888,0.0,0
2017-08-30,975583691.0596888,975583691.0596888,0.0,0
2017-08-31,975583691.0596888,975583691.0596888,0.0,0
2017-09-01,975583691.0596888,975583691.0596888,0.0,0
2017-09-05,975583691.0596888,975583691.0596888,0.0,0
2017-09-06,974682845.8922849,854793949.5116721,0.12300298182724148,1
2017-09-07,972116899.020536,732798007.698515,0.24618324356170387,2
2017-09-08,977668212.4359955,492528872.57982,0.4962208381996831,4
2017-09-11,970044017.006792,492528872.57982,0.4922613160384335,4
2017-09-12,984393636.9862766,370227480.51320714,0.6239030133853166,5
2017-09-13,992433999.1367056,370227480.51320714,0.6269500230390543,5
2017-09-14,987235547.3207049,1547961.585536942,0.9984320240597717,8
2017-09-15,993478309.1187652,1547961.585536942,0.9984418768167067,8
2017-09-18,999321347.0170265,1547961.585536942,0.9984509871722869,8
2017-09-19,1004024443.9215024,1547961.585536942,0.9984582431285328,8
2017-09-20,1006673851.7669878,1547961.585536942,0.9984623007910458,8
2017-09-21,1008504078.8013092,1547961.585536942,0.9984650913981659,8
2017-09-22,1020606136.1115305,1547961.585536942,0.9984832919078513,8
2017-09-25,1019066431.1328444,1547961.585536942,0.998481000317304,8
2017-09-26,1022172329.756622,1547961.585536942,0.998485615839449,8
2017-09-27,1020336248.8023102,1547961.585536942,0.9984828907261171,8
2017-09-28,1016131981.9614886,1547961.585536942,0.998476613655493,8
2017-09-29,1026492387.9076804,1547961.585536942,0.9984919892209896,8
2017-10-02,1033888423.4688725,1547961.585536942,0.9985027769434314,8
2017-10-03,1032149145.3148197,1547961.585536942,0.9985002539675942,8
2017-10-04,1038173321.933042,1547961.585536942,0.998508956498078,8
2017-10-05,1041948455.659852,1547961.585536942,0.9985143587697372,8
2017-10-06,1041170400.323283,1547961.585536942,0.9985132485661748,8
2017-10-09,1044551933.3029789,1547961.585536942,0.9985180616337168,8
2017-10-10,1052716641.3164638,1547961.585536942,0.9985295553192727,8
2017-10-11,1059654718.4314843,1547961.585536942,0.9985391830389542,8
2017-10-12,1069688976.3721024,1547961.585536942,0.9985528862877628,8
2017-10-13,1073848976.5412064,1547961.585536942,0.9985584922839682,8
2017-10-16,1063284703.1371158,1547961.585536942,0.9985441701728899,8
2017-10-17,1066295811.4366962,1547961.585536942,0.9985482812846734,8
2017-10-18,1058614642.8299379,1547961.585536942,0.9985377478046223,8
2017-10-19,1057639695.6878875,1547961.585536942,0.9985363998799892,8
2017-10-20,1046144241.2624817,116182898.37382747,0.8889417980893165,7
2017-10-23,1037503479.7338401,116182898.37382747,0.8880168590821181,7
2017-10-24,1048199606.3735096,116182898.37382747,0.8891595668731558,7
2017-10-25,1052709446.6912549,116182898.37382747,0.8896344107683283,7
2017-10-26,1049094686.7803253,116182898.37382747,0.8892541351721138,7
2017-10-27,1060921550.4205018,116182898.37382747,0.8904886998216053,7
2017-10-30,1059490962.5819329,116182898.37382747,0.8903408311377241,7
2017-10-31,1056771129.8999709,116182898.37382747,0.8900585991738582,7
2017-11-01,1046067050.1597463,116182898.37382747,0.8889336029118927,7
2017-11-02,1033972478.4737368,235865297.3645462,0.7718843564262845,6
2017-11-03,1046805801.851258,235865297.3645462,0.7746809418256735,6
2017-11-06,1054542598.499759,363098884.72654766,0.6556811595443285,5
2017-11-07,1058250001.5299696,363098884.72654766,0.6568874233861604,5
2017-11-08,1069074969.5382447,363098884.72654766,0.6603616256366216,5
2017-11-09,1076027322.8183696,363098884.72654766,0.6625560735990365,5
2017-11-10,1070343126.9202553,363098884.72654766,0.6607640338932173,5
2017-11-13,1073791057.3043334,363098884.72654766,0.6618533165678634,5
2017-11-14,1086562522.302362,363098884.72654766,0.6658278955203033,5
2017-11-15,1082602271.5428836,363098884.72654766,0.6646054656720117,5
2017-11-16,1096211867.2363958,363098884.72654766,0.6687694271711015,5
2017-11-17,1095905873.3758268,363098884.72654766,0.6686769424749422,5
2017-11-20,1117042939.5888643,363098884.72654766,0.6749463499942188,5
2017-11-21,1122364635.2580922,363098884.72654766,0.676487592962111,5
2017-11-22,1125175715.717183,363098884.72654766,0.6772958395257316,5
2017-11-23,1137246373.026357,363098884.72654766,0.6807210000060976,5
2017-11-24,1143941506.2864933,363098884.72654766,0.6825896405269416,5
2017-11-27,1156722884.5594702,363098884.72654766,0.6860969126025104,5
2017-11-28,1159843108.994808,363098884.72654766,0.686941378613499,5
2017-11-29,1166609448.8365552,363098884.72654766,0.6887571199696165,5
2017-11-30,1158435632.4052608,363098884.72654766,0.6865610185240545,5
2017-12-01,1160313931.467138,363098884.72654766,0.6870684089197879,5
2017-12-04,1158506468.8870792,363098884.72654766,0.6865801836433774,5
2017-12-05,1135829286.203959,363098884.72654766,0.6803226601595597,5
2017-12-06,1130649573.20631,363098884.72654766,0.6788581596534217,5
2017-12-07,1134841643.0477912,363098884.72654766,0.6800444476540445,5
2017-12-08,1139556015.8034725,363098884.72654766,0.6813681120620159,5
2017-12-11,1124468833.3947911,363098884.72654766,0.6770929758627939,5
2017-12-12,1121674057.4148467,363098884.72654766,0.6762884170082423,5
2017-12-13,1124477192.5714502,363098884.72654766,0.6770953762999723,5
2017-12-14,1135348779.2965453,363098884.72654766,0.6801873650214153,5
2017-12-15,1132629583.7586339,363098884.72654766,0.6794195649370174,5
2017-12-18,1158628419.544478,363098884.72654766,0.6866131724359892,5
2017-12-19,1160300641.648942,363098884.72654766,0.6870648246729091,5
2017-12-20,1161289417.114016,363098884.72654766,0.6873312721398042,5
2017-12-21,1147212575.0910943,363098884.72654766,0.6834946786582112,5
2017-12-22,1151660249.6763713,499245589.352806,0.566499243598015,4
2017-12-25,1158201254.4012642,499245589.352806,0.568947462752583,4
2017-12-26,1166930919.1306043,499245589.352806,0.5721721130461109,4
2017-12-27,1167703848.1754448,499245589.352806,0.5724553018020067,4
2017-12-28,1171273436.369157,499245589.352806,0.5737582925978219,4
2017-12-29,1174589876.7855315,499245589.352806,0.5749617809417208,4
2018-01-02,1197727454.1562743,206314571.08079544,0.8277449762340704,6
2018-01-03,1206536323.2586327,60018160.36700773,0.950255819729563,7
2018-01-04,1209674388.9465685,60018160.36700773,0.9503848631372002,7
2018-01-05,1206876772.6060002,60018160.36700773,0.9502698521263186,7
2018-01-08,1238258028.9459546,60018160.36700773,0.9515301666017889,7
2018-01-09,1239981288.2999203,60018160.36700773,0.9515975273713236,7
2018-01-10,1241091533.0858614,60018160.36700773,0.9516408268310573,7
2018-01-11,1253824564.5651512,60018160.36700773,0.9521319313218088,7
2018-01-12,1260414618.1008377,60018160.36700773,0.9523822085962145,7
2018-01-15,1270830258.190856,60018160.36700773,0.9527724808406364,7
2018-01-16,1266706207.6309109,60018160.36700773,0.9526187208956225,7
2018-01-17,1237498462.3365178,60018160.36700773,0.951500416207639,7
2018-01-18,1245491029.249284,210454567.27597293,0.8310268301146867,6
2018-01-19,1242597745.4452996,210454567.27597293,0.8306333903732024,6
2018-01-22,1271901979.4408588,54566012.04116443,0.9570988858236134,7
2018-01-23,1009512846.5942959,54566012.04116443,0.9459481746812347,7
2018-01-24,1009512846.5942959,54566012.04116443,0.9459481746812347,7
2018-01-25,1297847596.8670084,54566012.04116443,0.9579565334382202,7
2018-01-26,1320982399.6146548,61498558.16829622,0.9534448315236933,7
2018-01-29,1319723504.4404788,61498558.16829622,0.9534004221631487,7
2018-01-30,1331342368.8700926,61498558.16829622,0.9538071050645749,7
2018-01-31,1323267205.071952,61498558.16829622,0.9535252155176382,7
2018-02-01,1306547542.228376,61498558.16829622,0.9529304857415232,7
2018-02-02,1312149340.4653976,61498558.16829622,0.9531314338454161,7
2018-02-05,1229725395.1465323,61498558.16829622,0.9499900071910217,7
2018-02-06,1206419862.498404,61498558.16829622,0.949023917725511,7
2018-02-07,1227907494.3919995,337677044.09398925,0.7249979777497891,5
2018-02-08,1236093517.3316872,337677044.09398925,0.7268191772229976,5
2018-02-09,1224893890.9841347,337677044.09398925,0.7243213909551918,5
2018-02-12,1236020153.9586713,1236020153.9586713,0.0,0
2018-02-13,1236020153.9586713,1236020153.9586713,0.0,0
2018-02-21,1236020153.9586713,1236020153.9586713,0.0,0
2018-02-22,1236020153.9586713,1236020153.9586713,0.0,0
2018-02-23,1236020153.9586713,1236020153.9586713,0.0,0
2018-02-26,1236020153.9586713,1236020153.9586713,0.0,0
2018-02-27,1236020153.9586713,1236020153.9586713,0.0,0
2018-02-28,1236020153.9586713,1236020153.9586713,0.0,0
2018-03-01,1236020153.9586713,1236020153.9586713,0.0,0
2018-03-02,1236020153.9586713,1236020153.9586713,0.0,0
2018-03-05,1236020153.9586713,1236020153.9586713,0.0,0
2018-03-06,1236020153.9586713,1236020153.9586713,0.0,0
2018-03-07,1236020153.9586713,1236020153.9586713,0.0,0
2018-03-08,1236020153.9586713,1236020153.9586713,0.0,0
2018-03-09,1236020153.9586713,1236020153.9586713,0.0,0
2018-03-12,1236020153.9586713,1236020153.9586713,0.0,0
2018-03-13,1236020153.9586713,1236020153.9586713,0.0,0
2018-03-14,1236020153.9586713,1236020153.9586713,0.0,0
2018-03-15,1236020153.9586713,1236020153.9586713,0.0,0
2018-03-16,1236020153.9586713,1236020153.9586713,0.0,0
2018-03-19,1236020153.9586713,1236020153.9586713,0.0,0
2018-03-20,1236020153.9586713,1236020153.9586713,0.0,0
2018-03-21,1236020153.9586713,1236020153.9586713,0.0,0
2018-03-22,1236020153.9586713,1236020153.9586713,0.0,0
2018-03-23,1236020153.9586713,1236020153.9586713,0.0,0
2018-03-26,1238454133.0356705,1081662930.0905268,0.126602349463537,1
2018-03-27,1230766843.3806078,633745154.8943646,0.48508106283264374,4
2018-03-28,1239793944.6347039,633745154.8943646,0.48883025470729097,4
2018-03-29,1244192575.9633849,633745154.8943646,0.49063740843843856,4
2018-03-30,1259712893.497488,633745154.8943646,0.49691302028764356,4
2018-04-02,1267225711.4709816,633745154.8943646,0.4998955993729639,4
2018-04-03,1267209170.232306,476295797.52543366,0.6241379807580475,5
2018-04-04,1256325562.117847,2367158.6485394537,0.9981158079403009,8
2018-04-05,1267787241.9135108,2367158.6485394537,0.9981328423490311,8
2018-04-06,1269138352.9775534,2367158.6485394537,0.998134830105019,8
2018-04-09,1277909953.6521277,2367158.6485394537,0.998147632670225,8
2018-04-10,1257524426.749717,294654492.9986445,0.765686863228392,6
2018-04-11,1235130266.3113174,134430383.70683646,0.8911609670870514,7
2018-04-12,1245333402.1041987,271188191.70683646,0.7822364747877004,6
2018-04-13,1238118653.1115143,271188191.70683646,0.7809675259917022,6
2018-04-16,1235536005.8087976,271188191.70683646,0.7805096812785207,6
2018-04-17,1254347518.011344,416732745.8965272,0.6677693064221789,5
2018-04-18,1247438080.299666,416732745.8965272,0.6659291130535172,5
2018-04-19,1231664549.8624725,416732745.8965272,0.6616507750076436,5
2018-04-20,1226512061.583248,1226512061.583248,0.0,0
2018-04-23,1226512061.583248,1226512061.583248,0.0,0
2018-04-24,1226512061.583248,1226512061.583248,0.0,0
2018-04-26,1226512061.583248,1226512061.583248,0.0,0
2018-04-27,1226512061.583248,1226512061.583248,0.0,0
2018-05-02,1226512061.583248,1226512061.583248,0.0,0
2018-05-03,1226512061.583248,1226512061.583248,0.0,0
2018-05-04,1226512061.583248,1226512061.583248,0.0,0
2018-05-07,1226512061.583248,1226512061.583248,0.0,0
2018-05-08,1226512061.583248,1226512061.583248,0.0,0
2018-05-09,1226512061.583248,1226512061.583248,0.0,0
2018-05-10,1226512061.583248,1226512061.583248,0.0,0
2018-05-11,1226512061.583248,1226512061.583248,0.0,0
2018-05-14,1226512061.583248,1226512061.583248,0.0,0
2018-05-15,1226512061.583248,1226512061.583248,0.0,0
2018-05-16,1226512061.583248,1226512061.583248,0.0,0
2018-05-17,1226512061.583248,1226512061.583248,0.0,0
2018-05-18,1226512061.583248,1226512061.583248,0.0,0
2018-05-21,1226512061.583248,1226512061.583248,0.0,0
2018-05-22,1226512061.583248,1226512061.583248,0.0,0
2018-05-23,1226512061.583248,1226512061.583248,0.0,0
2018-05-24,1226512061.583248,1226512061.583248,0.0,0
2018-05-25,1226512061.583248,1226512061.583248,0.0,0
2018-05-28,1226512061.583248,1226512061.583248,0.0,0
2018-05-29,1226512061.583248,1226512061.583248,0.0,0
2018-05-30,1226512061.583248,1226512061.583248,0.0,0
2018-05-31,1226512061.583248,1226512061.583248,0.0,0
2018-06-01,1226512061.583248,1226512061.583248,0.0,0
2018-06-04,1226512061.583248,1226512061.583248,0.0,0
2018-06-05,1226512061.583248,1226512061.583248,0.0,0
2018-06-06,1226512061.583248,1226512061.583248,0.0,0
2018-06-07,1226512061.583248,1226512061.583248,0.0,0
2018-06-08,1226512061.583248,1226512061.583248,0.0,0
2018-06-11,1226512061.583248,1226512061.583248,0.0,0
2018-06-12,1226512061.583248,1226512061.583248,0.0,0
2018-06-13,1226512061.583248,1226512061.583248,0.0,0
2018-06-14,1226512061.583248,1226512061.583248,0.0,0
2018-06-15,1226512061.583248,1226512061.583248,0.0,0
2018-06-18,1226512061.583248,1226512061.583248,0.0,0
2018-06-19,1226512061.583248,1226512061.583248,0.0,0
2018-06-20,1226512061.583248,1226512061.583248,0.0,0
2018-06-21,1226512061.583248,1226512061.583248,0.0,0
2018-06-22,1226512061.583248,1226512061.583248,0.0,0
2018-06-25,1226512061.583248,1226512061.583248,0.0,0
2018-06-26,1226512061.583248,1226512061.583248,0.0,0
2018-06-27,1226512061.583248,1226512061.583248,0.0,0
2018-06-28,1226512061.583248,1226512061.583248,0.0,0
2018-06-29,1226512061.583248,1226512061.583248,0.0,0
2018-07-02,1226512061.583248,1226512061.583248,0.0,0
2018-07-03,1226512061.583248,1226512061.583248,0.0,0
2018-07-04,1226512061.583248,1226512061.583248,0.0,0
2018-07-05,1226512061.583248,1226512061.583248,0.0,0
2018-07-06,1226512061.583248,1226512061.583248,0.0,0
2018-07-09,1226512061.583248,1226512061.583248,0.0,0
2018-07-10,1226512061.583248,1226512061.583248,0.0,0
2018-07-11,1226512061.583248,1226512061.583248,0.0,0
2018-07-12,1226512061.583248,1226512061.583248,0.0,0
2018-07-13,1226512061.583248,1226512061.583248,0.0,0
2018-07-16,1226512061.583248,1226512061.583248,0.0,0
2018-07-17,1226512061.583248,1226512061.583248,0.0,0
2018-07-18,1226512061.583248,1226512061.583248,0.0,0
2018-07-19,1226512061.583248,1226512061.583248,0.0,0
2018-07-20,1226512061.583248,1226512061.583248,0.0,0
2018-07-23,1226512061.583248,1226512061.583248,0.0,0
2018-07-24,1226512061.583248,1226512061.583248,0.0,0
2018-07-25,1226512061.583248,1226512061.583248,0.0,0
2018-07-26,1226512061.583248,1226512061.583248,0.0,0
2018-07-27,1226512061.583248,1226512061.583248,0.0,0
2018-07-30,1226512061.583248,1226512061.583248,0.0,0
2018-07-31,1226512061.583248,1226512061.583248,0.0,0
2018-08-01,1226512061.583248,1226512061.583248,0.0,0
2018-08-02,1226512061.583248,1226512061.583248,0.0,0
2018-08-03,1226512061.583248,1226512061.583248,0.0,0
2018-08-06,1226512061.583248,1226512061.583248,0.0,0
2018-08-07,1226512061.583248,1226512061.583248,0.0,0
2018-08-08,1226512061.583248,1226512061.583248,0.0,0
2018-08-09,1226512061.583248,1226512061.583248,0.0,0
2018-08-10,1226512061.583248,1226512061.583248,0.0,0
2018-08-13,1226512061.583248,1226512061.583248,0.0,0
2018-08-14,1226512061.583248,1226512061.583248,0.0,0
2018-08-15,1226512061.583248,1226512061.583248,0.0,0
2018-08-16,1226512061.583248,1226512061.583248,0.0,0
2018-08-17,1226512061.583248,1226512061.583248,0.0,0
2018-08-20,1226512061.583248,1226512061.583248,0.0,0
2018-08-21,1226512061.583248,1226512061.583248,0.0,0
2018-08-22,1226512061.583248,1226512061.583248,0.0,0
2018-08-23,1226512061.583248,1226512061.583248,0.0,0
2018-08-24,1226512061.583248,1226512061.583248,0.0,0
2018-08-27,1226512061.583248,1226512061.583248,0.0,0
2018-08-28,1226512061.583248,1226512061.583248,0.0,0
2018-08-29,1226512061.583248,1226512061.583248,0.0,0
2018-08-30,1226512061.583248,1226512061.583248,0.0,0
2018-08-31,1226512061.583248,1226512061.583248,0.0,0
2018-09-04,1226512061.583248,1226512061.583248,0.0,0
2018-09-05,1226512061.583248,1226512061.583248,0.0,0
2018-09-06,1226512061.583248,1226512061.583248,0.0,0
2018-09-07,1226512061.583248,1226512061.583248,0.0,0
2018-09-10,1226512061.583248,1226512061.583248,0.0,0
2018-09-11,1226512061.583248,1226512061.583248,0.0,0
2018-09-12,1226512061.583248,1226512061.583248,0.0,0
2018-09-13,1225803157.2817805,1074391898.9305837,0.12352004271791187,1
2018-09-14,1227764905.0342693,1074391898.9305837,0.12492050023160149,1
2018-09-17,1234898533.2251384,1074391898.9305837,0.12997556477402683,1
2018-09-18,1234898533.2251384,1074391898.9305837,0.12997556477402683,1
2018-09-19,1234898533.2251384,1074391898.9305837,0.12997556477402683,1
2018-09-20,1240248754.3682904,1074391898.9305837,0.1337287014831024,1
2018-09-21,1241140457.892149,1074391898.9305837,0.13435107839829613,1
2018-09-24,1238822028.7301164,1074391898.9305837,0.13273103479446974,1
2018-09-25,1245598975.5114422,1074391898.9305837,0.13744959649678656,1
2018-09-26,1246490679.0353007,1074391898.9305837,0.138066640207779,1
2018-09-27,1247382382.5591595,1074391898.9305837,0.13868280171928066,1
2018-09-28,1243993909.1684966,1074391898.9305837,0.13633668861873874,1
2018-10-01,1238465347.320573,1074391898.9305837,0.1324812589588907,1
2018-10-02,1240248754.3682904,1074391898.9305837,0.1337287014831024,1
2018-10-03,1242745524.2350945,1074391898.9305837,0.1354691061214096,1
2018-10-04,1244707271.9875834,1074391898.9305837,0.13683166869028998,1
2018-10-05,1238643688.0253448,1074391898.9305837,0.13260616485812202,1
2018-10-08,1238643688.0253448,1074391898.9305837,0.13260616485812202,1
2018-10-09,1239178710.13966,1074391898.9305837,0.1329806668406239,1
2018-10-10,1241140457.892149,1074391898.9305837,0.13435107839829613,1
2018-10-11,1229548312.0819867,1074391898.9305837,0.12618976548280364,1
2018-10-12,1225654421.1340008,1225654421.1340008,0.0,0
2018-10-15,1225654421.1340008,1225654421.1340008,0.0,0
2018-10-16,1225654421.1340008,1225654421.1340008,0.0,0
2018-10-17,1225654421.1340008,1225654421.1340008,0.0,0
2018-10-18,1225654421.1340008,1225654421.1340008,0.0,0
2018-10-19,1225654421.1340008,1225654421.1340008,0.0,0
2018-10-22,1225654421.1340008,1225654421.1340008,0.0,0
2018-10-23,1225654421.1340008,1225654421.1340008,0.0,0
2018-10-24,1225654421.1340008,1225654421.1340008,0.0,0
2018-10-25,1225654421.1340008,1225654421.1340008,0.0,0
2018-10-26,1225654421.1340008,1225654421.1340008,0.0,0
2018-10-29,1225654421.1340008,1225654421.1340008,0.0,0
2018-10-30,1225654421.1340008,1225654421.1340008,0.0,0
2018-10-31,1225654421.1340008,1225654421.1340008,0.0,0
2018-11-01,1225654421.1340008,1225654421.1340008,0.0,0
2018-11-02,1225654421.1340008,1225654421.1340008,0.0,0
2018-11-05,1225654421.1340008,1225654421.1340008,0.0,0
2018-11-06,1225654421.1340008,1225654421.1340008,0.0,0
2018-11-07,1225654421.1340008,1225654421.1340008,0.0,0
2018-11-08,1225654421.1340008,1225654421.1340008,0.0,0
2018-11-09,1225654421.1340008,1225654421.1340008,0.0,0
2018-11-12,1225654421.1340008,1225654421.1340008,0.0,0
2018-11-13,1225654421.1340008,1225654421.1340008,0.0,0
2018-11-14,1225654421.1340008,1225654421.1340008,0.0,0
2018-11-15,1225654421.1340008,1225654421.1340008,0.0,0
2018-11-16,1225654421.1340008,1225654421.1340008,0.0,0
2018-11-19,1225654421.1340008,1225654421.1340008,0.0,0
2018-11-20,1225654421.1340008,1225654421.1340008,0.0,0
2018-11-21,1225654421.1340008,1225654421.1340008,0.0,0
2018-11-22,1225654421.1340008,1225654421.1340008,0.0,0
2018-11-23,1225654421.1340008,1225654421.1340008,0.0,0
2018-11-26,1225654421.1340008,1225654421.1340008,0.0,0
2018-11-27,1225654421.1340008,1225654421.1340008,0.0,0
2018-11-28,1225654421.1340008,1225654421.1340008,0.0,0
2018-11-29,1225654421.1340008,1225654421.1340008,0.0,0
2018-11-30,1225654421.1340008,1225654421.1340008,0.0,0
2018-12-03,1225654421.1340008,1225654421.1340008,0.0,0
2018-12-04,1225654421.1340008,1225654421.1340008,0.0,0
2018-12-05,1225654421.1340008,1225654421.1340008,0.0,0
2018-12-06,1225654421.1340008,1225654421.1340008,0.0,0
2018-12-07,1225654421.1340008,1225654421.1340008,0.0,0
2018-12-10,1225654421.1340008,1225654421.1340008,0.0,0
2018-12-11,1225654421.1340008,1225654421.1340008,0.0,0
2018-12-12,1225654421.1340008,1225654421.1340008,0.0,0
2018-12-13,1225654421.1340008,1225654421.1340008,0.0,0
2018-12-14,1225654421.1340008,1225654421.1340008,0.0,0
2018-12-17,1225654421.1340008,1225654421.1340008,0.0,0
2018-12-18,1225654421.1340008,1225654421.1340008,0.0,0
2018-12-19,1225654421.1340008,1225654421.1340008,0.0,0
2018-12-20,1225654421.1340008,1225654421.1340008,0.0,0
2018-12-21,1225654421.1340008,1225654421.1340008,0.0,0
2018-12-24,1225654421.1340008,1225654421.1340008,0.0,0
2018-12-25,1225654421.1340008,1225654421.1340008,0.0,0
2018-12-26,1225654421.1340008,1225654421.1340008,0.0,0
2018-12-27,1225654421.1340008,1225654421.1340008,0.0,0
2018-12-28,1225654421.1340008,1225654421.1340008,0.0,0
